student_id,student_name,gender,event_date,age,city,department,event_type,registration_date,registration_channel,payment_status,attendance_status,meal_preference,registration_fee,event_duration_hours,feedback_rating
s12237,lakshmi rao,other,2026-08-02,19,kochi,computer science,sports meet,2026-08-01,email,paid,cancelled,vegetarian,150.0,1.0,3.0
s11565,manoj kumar,male,2026-03-02,21,trichy,mechanical,career fair,2026-09-02,email,waived,cancelled,non-vegetarian,200.0,2.0,4.0
s12093,swetha menon,other,2026-05-15,21,salem,arts,workshop,2026-04-16,website,refunded,absent,vegan,200.0,2.5,5.0
s11090,manoj kumar,unknown,2026-03-25,18,chennai,arts,cultural fest,2026-03-16,mobile app,waived,absent,non-vegetarian,200.0,2.5,3.0
s11896,priya sharma,female,2026-01-20,24,hyderabad,unknown,hackathon,2026-11-01,campus desk,waived,cancelled,non-vegetarian,200.0,4.0,2.0
s12839,naveen sharma,other,2026-02-23,18,coimbatore,computer science,career fair,2026-11-01,campus desk,paid,attended,vegan,150.0,2.5,1.0
s12062,lakshmi rao,female,2026-08-09,26,coimbatore,arts,seminar,2026-04-07,website,pending,cancelled,vegetarian,500.0,2.0,5.0
s11591,lakshmi rao,other,2026-02-04,18,pune,management,workshop,2026-03-18,campus desk,paid,absent,non-vegetarian,200.0,2.5,5.0
s11305,harini iyer,male,2026-08-09,24,coimbatore,management,hackathon,1900-01-01,campus desk,waived,attended,vegan,300.0,6.0,3.0
s10346,deepa sharma,other,2026-02-24,27,chennai,management,seminar,2026-10-02,email,waived,cancelled,no-meal,300.0,2.0,3.0
s12380,pooja das,female,2026-06-17,26,chennai,management,seminar,2026-02-06,walk-in,pending,attended,no-meal,100.0,2.0,3.0
s12003,meena patel,other,2026-07-15,27,trichy,civil engineering,cultural fest,2026-01-07,website,paid,attended,vegetarian,250.0,1.5,3.0
s10307,priya sharma,other,2026-08-31,18,trichy,computer science,cultural fest,2026-06-07,walk-in,waived,cancelled,no-meal,200.0,2.5,5.0
s10214,keerthi rao,other,2026-04-01,27,pune,management,sports meet,2026-03-14,walk-in,paid,cancelled,vegetarian,200.0,2.5,3.0
s11315,ajay nair,male,2026-05-05,25,kochi,civil engineering,hackathon,2026-04-19,email,refunded,attended,vegan,200.0,2.5,3.0
s10240,ravi patel,other,2026-02-25,19,chennai,computer science,sports meet,2026-07-02,email,pending,attended,vegetarian,250.0,4.0,3.0
s11223,arun kumar,female,2026-10-06,22,coimbatore,commerce,career fair,2026-04-15,walk-in,refunded,cancelled,non-vegetarian,100.0,1.5,3.0
s12922,suresh kumar,other,2026-03-25,19,hyderabad,computer science,seminar,2026-07-03,campus desk,refunded,registered,vegan,250.0,1.0,2.0
s10200,vijay menon,female,2026-01-18,22,trichy,management,cultural fest,2026-11-01,unknown,pending,cancelled,non-vegetarian,200.0,2.5,4.0
s10406,ajay nair,female,2026-04-13,24,pune,electronics,career fair,2026-03-25,website,waived,cancelled,vegetarian,250.0,4.0,4.0
s10593,harini iyer,other,2026-01-31,22,coimbatore,civil engineering,workshop,2026-01-26,email,pending,absent,vegetarian,300.0,1.0,2.0
s12886,pooja das,female,2026-06-12,20,coimbatore,mechanical,hackathon,2026-09-05,email,refunded,cancelled,no-meal,500.0,2.5,4.0
s12009,swetha menon,female,2026-01-13,21,unknown,arts,cultural fest,2025-11-17,website,refunded,cancelled,no-meal,300.0,1.5,1.0
s12979,karthik rao,female,2026-03-16,17,salem,mechanical,career fair,2026-11-03,website,pending,registered,vegetarian,500.0,2.0,5.0
s10324,pooja das,female,2026-07-01,19,chennai,commerce,seminar,2026-05-20,email,paid,absent,vegan,200.0,2.5,1.0
s11879,keerthi rao,other,2026-03-08,26,trichy,management,sports meet,1900-01-01,campus desk,pending,registered,vegetarian,500.0,1.0,3.0
s10503,pooja das,other,2026-04-30,25,pune,electronics,workshop,2026-06-03,email,refunded,registered,no-meal,0.0,2.0,2.0
s12249,pooja das,female,2026-06-01,18,unknown,electronics,workshop,2026-05-28,campus desk,paid,registered,vegetarian,100.0,6.0,3.0
s11578,ravi patel,female,2026-08-26,22,pune,civil engineering,sports meet,2026-07-21,email,waived,attended,non-vegetarian,0.0,2.0,1.0
s11966,divya iyer,other,2026-04-04,24,kochi,civil engineering,hackathon,2026-02-14,campus desk,paid,attended,vegan,200.0,4.0,3.0
s12805,harini iyer,male,2026-05-18,19,coimbatore,commerce,cultural fest,2026-11-05,mobile app,paid,registered,vegan,750.0,2.5,4.0
s12749,pooja das,female,2026-03-21,18,trichy,civil engineering,workshop,2026-07-03,mobile app,pending,attended,vegan,150.0,1.0,2.0
s10940,meena patel,female,1900-01-01,19,kochi,unknown,seminar,2026-01-20,website,paid,attended,non-vegetarian,200.0,2.5,3.0
s10459,arun kumar,other,2026-03-26,19,mysuru,civil engineering,seminar,2026-02-28,campus desk,paid,attended,vegan,500.0,1.0,4.0
s12714,deepa sharma,male,2026-09-01,21,mysuru,arts,workshop,2026-07-17,email,waived,cancelled,vegan,0.0,6.0,3.0
s10016,vijay menon,female,2026-03-13,19,bengaluru,management,cultural fest,2026-02-15,walk-in,pending,absent,non-vegetarian,250.0,2.5,3.0
s11514,naveen sharma,female,2026-06-17,27,mysuru,mechanical,seminar,2026-03-05,website,refunded,absent,vegetarian,300.0,2.5,5.0
s10816,deepa sharma,female,2026-03-28,24,bengaluru,computer science,sports meet,2026-03-19,campus desk,refunded,registered,vegan,200.0,2.0,3.0
s12986,keerthi rao,other,2026-01-13,24,trichy,management,seminar,2026-07-01,email,waived,registered,no-meal,500.0,4.0,4.0
s10376,anitha nair,female,2026-05-05,24,bengaluru,management,seminar,2026-03-28,mobile app,refunded,registered,vegetarian,0.0,2.5,2.0
s10673,deepa sharma,other,2026-08-25,21,trichy,electronics,sports meet,2026-08-24,email,refunded,registered,non-vegetarian,200.0,2.5,3.0
s12158,karthik rao,female,2026-03-19,21,pune,electronics,seminar,2026-01-28,email,refunded,cancelled,vegan,500.0,2.0,5.0
s12759,swetha menon,male,2026-04-30,26,chennai,mechanical,workshop,2026-07-03,campus desk,pending,absent,no-meal,750.0,4.0,3.0
s11493,manoj kumar,male,2026-02-05,23,unknown,management,cultural fest,2026-01-17,campus desk,pending,attended,non-vegetarian,200.0,3.0,3.0
s12921,vijay menon,female,2026-03-15,20,chennai,arts,workshop,2026-01-19,email,pending,cancelled,vegetarian,200.0,2.5,2.0
s11272,arun kumar,female,2026-07-28,20,chennai,commerce,workshop,2026-06-28,mobile app,waived,attended,vegetarian,750.0,1.0,2.0
s12609,ravi patel,male,2026-01-30,26,salem,management,workshop,2025-12-18,campus desk,pending,registered,vegan,750.0,3.0,4.0
s11730,divya iyer,female,2026-04-20,24,mysuru,computer science,cultural fest,2026-03-18,website,pending,attended,vegan,0.0,3.0,3.0
s12601,harini iyer,other,2026-04-04,20,trichy,civil engineering,hackathon,2026-02-19,email,waived,registered,no-meal,100.0,4.0,3.0
s12483,karthik rao,male,2026-01-16,19,pune,management,workshop,2025-12-20,email,paid,registered,vegan,100.0,1.0,5.0
s10143,deepa sharma,female,2026-08-29,27,bengaluru,computer science,sports meet,2026-08-24,mobile app,refunded,absent,vegetarian,200.0,2.5,3.0
s10482,meena patel,male,2026-03-12,26,salem,management,seminar,2026-11-01,website,pending,attended,non-vegetarian,200.0,3.0,3.0
s10332,swetha menon,female,2026-03-24,25,salem,mechanical,career fair,2026-04-03,mobile app,waived,absent,vegetarian,300.0,6.0,1.0
s10074,naveen sharma,female,2026-07-13,17,pune,mechanical,workshop,2026-02-06,unknown,refunded,attended,non-vegetarian,100.0,4.0,5.0
s10021,manoj kumar,other,2026-01-11,22,kochi,management,sports meet,2025-12-30,mobile app,pending,registered,no-meal,500.0,6.0,2.0
s11603,priya sharma,female,2026-05-30,18,salem,mechanical,cultural fest,2026-02-04,mobile app,paid,registered,no-meal,300.0,2.5,2.0
s11157,pooja das,other,2026-08-28,19,madurai,management,workshop,2026-08-17,website,paid,cancelled,vegan,200.0,2.5,3.0
s11080,vijay menon,other,2026-04-04,18,coimbatore,civil engineering,workshop,2026-03-27,walk-in,pending,cancelled,vegetarian,200.0,2.5,4.0
s11083,suresh kumar,female,2026-07-17,22,coimbatore,unknown,workshop,2026-06-18,walk-in,refunded,absent,no-meal,0.0,3.0,4.0
s10857,naveen sharma,other,2026-06-08,25,pune,commerce,sports meet,2026-12-04,walk-in,waived,cancelled,vegan,200.0,6.0,2.0
s12170,swetha menon,female,2026-06-24,26,coimbatore,arts,workshop,2026-03-05,website,refunded,registered,vegetarian,200.0,2.5,4.0
s12535,vijay menon,female,2026-08-28,18,pune,arts,cultural fest,2026-07-24,mobile app,waived,absent,vegetarian,200.0,2.5,3.0
s11540,keerthi rao,female,2026-05-08,17,hyderabad,commerce,sports meet,2026-07-28,mobile app,waived,absent,vegan,200.0,2.5,2.0
s10812,naveen sharma,male,2026-01-29,17,mysuru,arts,workshop,2026-01-18,website,paid,attended,vegan,0.0,1.0,3.0
s11687,manoj kumar,female,2026-01-15,25,chennai,arts,workshop,2025-12-18,mobile app,pending,absent,non-vegetarian,300.0,2.5,5.0
s11296,keerthi rao,female,2026-03-16,26,kochi,management,cultural fest,2026-11-03,walk-in,refunded,registered,non-vegetarian,750.0,2.5,5.0
s10972,vijay menon,other,2026-08-04,21,trichy,commerce,sports meet,2026-06-16,email,paid,registered,non-vegetarian,200.0,2.5,4.0
s12635,vijay menon,other,2026-07-14,20,hyderabad,electronics,seminar,2026-06-13,campus desk,waived,absent,vegetarian,100.0,1.5,5.0
s10386,lakshmi rao,male,2026-07-12,17,kochi,arts,career fair,2026-05-31,email,waived,cancelled,no-meal,250.0,1.5,1.0
s11539,rahul menon,female,2026-05-10,22,coimbatore,mechanical,cultural fest,2026-03-17,walk-in,waived,registered,non-vegetarian,500.0,2.0,4.0
s11469,arun kumar,other,2026-02-08,19,coimbatore,management,hackathon,2025-12-19,mobile app,waived,registered,vegetarian,150.0,4.0,2.0
s10102,divya iyer,unknown,2026-07-29,19,madurai,mechanical,seminar,2026-06-23,website,waived,absent,no-meal,100.0,1.0,3.0
s10708,keerthi rao,female,2026-05-19,24,trichy,commerce,hackathon,2026-03-04,mobile app,waived,registered,non-vegetarian,0.0,2.0,4.0
s10622,pooja das,male,2026-04-16,18,coimbatore,arts,workshop,2026-04-14,campus desk,refunded,absent,vegan,150.0,6.0,3.0
s12018,deepa sharma,other,2026-03-24,27,kochi,computer science,workshop,2026-09-03,mobile app,refunded,registered,no-meal,150.0,1.0,3.0
s12734,lakshmi rao,male,2026-05-24,25,salem,electronics,cultural fest,2026-12-04,email,pending,registered,no-meal,500.0,4.0,1.0
s10029,manoj kumar,male,2026-07-20,25,mysuru,management,seminar,2026-05-31,email,waived,registered,vegan,200.0,2.5,3.0
s12326,manoj kumar,other,2026-05-15,23,madurai,commerce,sports meet,2026-02-05,walk-in,pending,attended,vegetarian,200.0,1.5,5.0
s10731,swetha menon,female,2026-02-09,20,pune,civil engineering,sports meet,2026-08-01,campus desk,refunded,attended,non-vegetarian,200.0,2.5,3.0
s10868,arun kumar,other,2026-02-05,26,madurai,civil engineering,seminar,2026-06-04,mobile app,refunded,absent,vegan,150.0,2.5,4.0
s10994,karthik rao,male,2026-08-20,18,unknown,computer science,sports meet,2026-07-08,website,waived,registered,non-vegetarian,150.0,6.0,2.0
s12359,deepa sharma,female,2026-01-12,21,bengaluru,computer science,career fair,2025-12-30,website,refunded,cancelled,vegetarian,300.0,2.5,5.0
s12887,keerthi rao,other,2026-07-14,18,coimbatore,computer science,hackathon,2026-05-26,walk-in,paid,registered,non-vegetarian,300.0,2.5,5.0
s10733,divya iyer,female,2026-05-09,27,kochi,mechanical,workshop,2026-03-28,mobile app,refunded,cancelled,vegetarian,500.0,2.5,1.0
s12542,lakshmi rao,male,2026-01-23,23,unknown,electronics,workshop,2025-12-13,email,paid,absent,unknown,250.0,2.5,4.0
s12141,anitha nair,male,2026-07-20,26,kochi,mechanical,career fair,2026-04-07,walk-in,waived,absent,non-vegetarian,150.0,2.5,1.0
s10572,vikram das,female,2026-01-16,20,mysuru,computer science,workshop,2026-07-01,walk-in,refunded,registered,non-vegetarian,200.0,2.5,3.0
s12354,naveen sharma,male,2026-07-15,26,chennai,civil engineering,hackathon,2026-05-17,email,pending,registered,vegan,100.0,1.5,5.0
s10739,rahul menon,female,2026-07-01,17,kochi,civil engineering,workshop,2026-10-05,campus desk,waived,absent,non-vegetarian,300.0,3.0,4.0
s11759,anitha nair,female,2026-06-02,23,hyderabad,management,sports meet,2026-07-04,walk-in,pending,absent,no-meal,0.0,4.0,3.0
s12374,priya sharma,male,2026-07-11,25,mysuru,commerce,sports meet,2026-05-06,campus desk,refunded,registered,non-vegetarian,200.0,2.5,3.0
s10481,vikram das,female,2026-01-14,24,bengaluru,management,sports meet,2025-12-27,mobile app,pending,cancelled,vegan,200.0,1.0,2.0
s10532,divya iyer,other,2026-06-26,18,hyderabad,electronics,workshop,2026-08-05,campus desk,pending,absent,no-meal,0.0,1.0,3.0
s10855,karthik rao,male,2026-05-29,17,pune,arts,career fair,2026-04-28,campus desk,pending,registered,no-meal,300.0,3.0,3.0
s12630,keerthi rao,other,2026-07-02,27,kochi,management,cultural fest,2026-01-21,website,waived,cancelled,no-meal,500.0,4.0,3.0
s11107,vijay menon,male,2026-05-01,18,bengaluru,computer science,hackathon,2026-07-03,campus desk,refunded,registered,vegan,750.0,2.5,1.0
s11758,vijay menon,male,2026-02-02,23,mysuru,commerce,sports meet,2026-11-01,campus desk,refunded,absent,no-meal,250.0,1.5,3.0
s11596,naveen sharma,male,2026-07-16,17,mysuru,commerce,hackathon,2026-06-18,email,waived,attended,non-vegetarian,250.0,3.0,1.0
s10692,arun kumar,male,2026-12-02,19,madurai,arts,seminar,2026-11-01,mobile app,pending,absent,no-meal,750.0,2.0,2.0
s12238,keerthi rao,female,2026-02-16,23,chennai,management,sports meet,2026-08-02,walk-in,paid,registered,non-vegetarian,0.0,1.0,3.0
s11534,rahul menon,other,2026-02-26,20,bengaluru,commerce,cultural fest,2026-04-02,website,refunded,absent,no-meal,150.0,1.5,2.0
s11226,harini iyer,unknown,2026-05-03,21,hyderabad,arts,workshop,2026-04-17,campus desk,waived,attended,no-meal,750.0,3.0,3.0
s11021,naveen sharma,female,2026-04-09,17,salem,civil engineering,sports meet,2026-03-16,website,pending,attended,no-meal,750.0,3.0,3.0
s10539,divya iyer,male,2026-06-18,23,coimbatore,management,sports meet,2026-05-27,website,waived,registered,vegetarian,500.0,4.0,5.0
s11593,meena patel,other,2026-07-01,25,mysuru,mechanical,hackathon,2026-06-27,email,pending,absent,vegetarian,300.0,2.5,2.0
s11423,lakshmi rao,female,2026-08-02,18,mysuru,computer science,career fair,2026-12-07,campus desk,paid,cancelled,vegan,200.0,2.5,3.0
s11004,suresh kumar,female,2026-05-01,18,chennai,arts,cultural fest,2026-04-16,website,pending,registered,non-vegetarian,150.0,2.0,3.0
s10487,priya sharma,other,2026-03-21,23,mysuru,electronics,workshop,2026-01-25,website,paid,attended,vegetarian,200.0,2.5,5.0
s10162,ravi patel,female,2026-07-27,20,mysuru,management,cultural fest,2026-08-06,email,pending,attended,vegetarian,250.0,1.0,3.0
s10754,arun kumar,female,2026-05-06,24,madurai,arts,hackathon,2026-03-21,walk-in,waived,registered,vegan,250.0,1.5,2.0
s11365,manoj kumar,female,2026-01-04,17,kochi,electronics,workshop,2026-02-02,walk-in,refunded,absent,vegetarian,200.0,4.0,3.0
s12649,pooja das,female,2026-08-05,22,coimbatore,commerce,workshop,2026-06-18,campus desk,paid,absent,vegan,500.0,2.5,1.0
s12124,rahul menon,male,2026-03-25,24,kochi,arts,career fair,2026-07-02,website,pending,cancelled,non-vegetarian,0.0,2.0,1.0
s12965,arun kumar,male,2026-07-03,23,mysuru,commerce,career fair,2026-04-06,campus desk,refunded,cancelled,non-vegetarian,200.0,1.5,5.0
s12017,lakshmi rao,male,2026-05-01,26,trichy,computer science,sports meet,2026-03-22,email,pending,attended,no-meal,500.0,2.5,3.0
s10492,anitha nair,male,2026-07-12,22,chennai,mechanical,career fair,2026-05-23,email,pending,registered,no-meal,500.0,1.5,3.0
s12564,pooja das,male,2026-04-16,24,trichy,unknown,sports meet,2026-11-03,walk-in,pending,cancelled,non-vegetarian,750.0,3.0,3.0
s10782,ajay nair,other,2026-03-30,24,madurai,commerce,hackathon,2026-03-28,walk-in,waived,attended,vegetarian,0.0,4.0,2.0
s10999,deepa sharma,male,2026-06-04,21,pune,electronics,workshop,2026-04-14,walk-in,refunded,registered,non-vegetarian,250.0,4.0,3.0
s10886,pooja das,male,2026-05-06,21,mysuru,civil engineering,hackathon,2026-03-05,website,waived,attended,no-meal,500.0,3.0,3.0
s10035,pooja das,other,2026-08-30,26,hyderabad,mechanical,hackathon,2026-10-08,mobile app,waived,attended,vegetarian,500.0,2.5,2.0
s11019,vikram das,female,2026-07-26,20,coimbatore,civil engineering,hackathon,2026-06-30,mobile app,pending,registered,vegan,200.0,3.0,3.0
s10624,harini iyer,male,2026-06-28,23,hyderabad,mechanical,sports meet,2026-10-05,unknown,waived,attended,no-meal,300.0,6.0,3.0
s12669,manoj kumar,male,2026-07-13,21,pune,electronics,sports meet,2026-06-19,email,pending,registered,vegan,200.0,4.0,3.0
s10304,naveen sharma,male,2026-04-29,17,trichy,arts,seminar,2026-03-04,email,waived,absent,no-meal,0.0,2.0,5.0
s12179,deepa sharma,male,2026-06-12,18,unknown,civil engineering,career fair,2026-07-06,campus desk,waived,cancelled,vegan,0.0,2.5,4.0
s12964,deepa sharma,male,2026-04-18,26,mysuru,arts,cultural fest,2026-06-03,campus desk,refunded,registered,vegan,500.0,4.0,3.0
s12388,deepa sharma,male,2026-06-04,20,mysuru,electronics,career fair,2026-05-13,campus desk,pending,cancelled,vegan,100.0,6.0,2.0
s11243,swetha menon,other,2026-02-21,27,coimbatore,arts,cultural fest,2026-01-31,mobile app,paid,absent,no-meal,100.0,2.0,3.0
s11185,ravi patel,male,2026-05-13,19,hyderabad,arts,workshop,2026-04-16,mobile app,pending,attended,vegan,200.0,2.5,3.0
s11524,meena patel,male,2026-06-22,26,hyderabad,electronics,seminar,2026-12-06,website,pending,registered,unknown,300.0,4.0,3.0
s10592,meena patel,other,2026-03-02,19,hyderabad,unknown,workshop,2026-04-02,mobile app,pending,cancelled,vegetarian,100.0,6.0,3.0
s12407,harini iyer,male,2026-02-22,21,chennai,management,workshop,2025-12-28,email,refunded,absent,non-vegetarian,150.0,1.5,3.0
s10823,harini iyer,other,2026-04-16,20,unknown,electronics,sports meet,2026-02-22,campus desk,waived,attended,vegetarian,100.0,3.0,3.0
s10437,manoj kumar,female,2026-05-05,19,mysuru,mechanical,workshop,2026-04-18,website,pending,registered,vegetarian,750.0,2.5,1.0
s12294,harini iyer,other,2026-06-19,25,hyderabad,commerce,hackathon,2026-07-06,mobile app,refunded,absent,vegan,200.0,6.0,2.0
s12721,manoj kumar,male,2026-08-31,23,mysuru,management,seminar,2026-08-08,walk-in,paid,cancelled,vegan,250.0,2.5,3.0
s11429,lakshmi rao,male,2026-05-18,20,trichy,electronics,cultural fest,2026-03-19,campus desk,refunded,registered,unknown,750.0,4.0,5.0
s10027,anitha nair,male,2026-04-21,27,madurai,computer science,seminar,2026-02-23,mobile app,refunded,attended,no-meal,200.0,2.5,3.0
s10510,deepa sharma,male,2026-06-24,18,bengaluru,management,cultural fest,2026-04-26,mobile app,pending,absent,vegan,200.0,2.5,4.0
s10898,vikram das,male,2026-04-14,18,hyderabad,commerce,workshop,2026-03-24,campus desk,paid,cancelled,no-meal,150.0,1.5,1.0
s12028,vikram das,other,1900-01-01,17,madurai,commerce,hackathon,2026-07-17,walk-in,refunded,absent,no-meal,200.0,1.5,2.0
s11597,deepa sharma,female,2026-07-26,20,trichy,commerce,workshop,2026-01-06,website,refunded,registered,vegetarian,300.0,1.0,3.0
s11127,arun kumar,other,2026-01-05,22,kochi,unknown,hackathon,2025-12-18,walk-in,paid,registered,vegetarian,200.0,2.5,2.0
s12076,ajay nair,other,2026-08-24,27,chennai,commerce,seminar,2026-07-07,website,paid,attended,vegan,500.0,3.0,4.0
s10250,rahul menon,other,2026-04-12,27,pune,computer science,sports meet,2026-03-17,walk-in,paid,absent,no-meal,200.0,2.5,2.0
s11536,arun kumar,other,2026-08-16,18,chennai,management,workshop,2026-07-31,email,waived,registered,non-vegetarian,200.0,2.5,3.0
s11776,deepa sharma,other,2026-11-07,26,chennai,computer science,workshop,2026-06-27,walk-in,refunded,attended,vegetarian,150.0,2.5,5.0
s10025,divya iyer,other,2026-02-23,27,hyderabad,electronics,sports meet,2026-01-27,walk-in,refunded,absent,non-vegetarian,500.0,4.0,2.0
s11072,rahul menon,other,2026-08-31,26,mysuru,mechanical,workshop,2026-08-08,website,refunded,registered,non-vegetarian,200.0,6.0,3.0
s12305,keerthi rao,other,2026-07-05,18,kochi,management,seminar,2026-06-28,campus desk,waived,registered,vegetarian,200.0,2.5,3.0
s11258,karthik rao,female,1900-01-01,23,salem,commerce,seminar,2026-04-15,mobile app,refunded,attended,non-vegetarian,500.0,2.5,1.0
s10339,karthik rao,male,2026-05-25,21,coimbatore,computer science,hackathon,2026-04-05,campus desk,paid,registered,vegan,150.0,4.0,3.0
s10553,harini iyer,male,2026-06-16,27,mysuru,electronics,workshop,2026-02-05,mobile app,pending,attended,vegan,200.0,2.5,3.0
s12053,meena patel,other,2026-04-21,17,bengaluru,arts,cultural fest,2026-03-19,mobile app,waived,cancelled,no-meal,300.0,6.0,3.0
s12814,meena patel,female,2026-05-27,21,trichy,computer science,career fair,2026-09-04,unknown,paid,absent,vegan,0.0,1.5,3.0
s11941,swetha menon,male,2026-03-07,27,hyderabad,management,seminar,2026-03-02,email,pending,absent,non-vegetarian,750.0,2.0,3.0
s11826,vikram das,female,2026-07-14,19,chennai,arts,workshop,2026-11-06,walk-in,refunded,registered,vegetarian,150.0,4.0,3.0
s11747,ajay nair,male,2026-02-23,19,trichy,electronics,cultural fest,2026-05-01,website,refunded,attended,non-vegetarian,0.0,2.5,1.0
s12055,deepa sharma,female,2026-01-14,26,madurai,commerce,seminar,2025-11-12,website,pending,attended,no-meal,300.0,4.0,1.0
s11535,deepa sharma,female,2026-02-03,24,coimbatore,civil engineering,workshop,2026-02-01,email,waived,absent,no-meal,100.0,1.0,3.0
s12421,deepa sharma,male,2026-08-06,21,trichy,commerce,workshop,2026-06-24,email,refunded,cancelled,no-meal,750.0,1.5,3.0
s12178,harini iyer,other,2026-04-23,23,hyderabad,mechanical,career fair,2026-03-03,campus desk,pending,absent,vegetarian,750.0,2.0,1.0
s11504,ravi patel,male,2026-06-08,20,mysuru,electronics,sports meet,2026-03-06,unknown,waived,cancelled,non-vegetarian,100.0,1.0,4.0
s11471,suresh kumar,female,2026-07-22,22,kochi,electronics,workshop,2026-05-28,website,pending,registered,non-vegetarian,100.0,2.5,3.0
s11342,arun kumar,male,2026-02-22,18,trichy,mechanical,sports meet,2026-11-02,walk-in,pending,cancelled,vegetarian,100.0,2.0,3.0
s12482,meena patel,other,2026-10-02,27,madurai,commerce,career fair,2026-01-14,website,waived,cancelled,vegetarian,150.0,6.0,3.0
s12281,ajay nair,other,2026-03-20,18,bengaluru,computer science,cultural fest,2026-01-03,mobile app,pending,attended,vegan,250.0,1.5,4.0
s11602,naveen sharma,male,2026-07-31,24,chennai,mechanical,cultural fest,2026-07-26,email,pending,absent,vegan,200.0,6.0,2.0
s11873,meena patel,male,2026-08-15,23,trichy,electronics,cultural fest,2026-07-07,walk-in,refunded,absent,non-vegetarian,200.0,2.5,4.0
s10369,vijay menon,other,2026-07-29,23,coimbatore,computer science,sports meet,2026-07-16,website,refunded,registered,vegetarian,200.0,2.5,3.0
s12899,vijay menon,female,2026-08-19,23,trichy,arts,workshop,2026-07-24,walk-in,refunded,absent,vegetarian,200.0,2.5,1.0
s12233,harini iyer,male,2026-03-07,18,madurai,arts,workshop,2026-01-28,mobile app,paid,attended,non-vegetarian,300.0,1.5,2.0
s11531,anitha nair,other,2026-04-11,24,unknown,management,cultural fest,2026-03-23,email,paid,cancelled,vegan,200.0,2.5,2.0
s10062,pooja das,female,2026-01-08,25,bengaluru,civil engineering,seminar,2025-12-22,email,waived,attended,no-meal,100.0,2.5,3.0
s11895,anitha nair,other,2026-08-21,19,hyderabad,management,career fair,2026-07-24,walk-in,refunded,registered,vegan,200.0,2.5,3.0
s10191,ajay nair,female,2026-03-27,20,salem,electronics,cultural fest,2026-02-16,email,waived,registered,vegetarian,200.0,2.5,3.0
s12874,priya sharma,female,2026-07-11,18,mysuru,management,career fair,2026-08-07,email,paid,attended,vegetarian,150.0,2.0,3.0
s10408,deepa sharma,unknown,2026-06-06,23,unknown,mechanical,career fair,2026-12-04,walk-in,pending,absent,non-vegetarian,100.0,1.5,4.0
s11445,pooja das,male,2026-06-22,18,mysuru,arts,hackathon,2026-02-06,email,waived,absent,vegetarian,500.0,4.0,3.0
s11264,suresh kumar,female,2026-05-25,24,chennai,electronics,seminar,2026-04-24,campus desk,paid,cancelled,non-vegetarian,300.0,3.0,2.0
s11472,karthik rao,other,2026-01-03,26,kochi,computer science,workshop,2026-02-24,mobile app,refunded,registered,unknown,300.0,4.0,3.0
s12536,pooja das,female,2026-03-26,17,salem,unknown,workshop,2026-09-03,walk-in,waived,registered,vegetarian,300.0,1.0,3.0
s10268,deepa sharma,other,2026-04-09,25,pune,electronics,sports meet,2026-04-03,mobile app,refunded,cancelled,non-vegetarian,750.0,2.0,3.0
s10284,rahul menon,male,2026-08-06,23,bengaluru,electronics,seminar,2026-04-27,walk-in,waived,absent,vegan,250.0,2.5,3.0
s12830,priya sharma,female,2026-03-09,23,coimbatore,mechanical,seminar,2026-02-23,walk-in,refunded,absent,no-meal,150.0,3.0,4.0
s10231,arun kumar,other,2026-08-05,27,salem,arts,career fair,2026-04-15,walk-in,paid,cancelled,non-vegetarian,500.0,1.5,5.0
s11520,pooja das,female,2026-08-30,23,chennai,commerce,workshop,2026-08-15,mobile app,refunded,cancelled,vegetarian,100.0,2.0,5.0
s10660,naveen sharma,other,2026-04-06,25,coimbatore,management,career fair,2026-02-25,mobile app,pending,cancelled,vegan,150.0,6.0,1.0
s10090,arun kumar,male,2026-03-03,22,kochi,commerce,workshop,2026-01-03,mobile app,refunded,attended,vegan,100.0,6.0,3.0
s12737,ajay nair,female,2026-04-01,20,mysuru,management,cultural fest,2026-02-27,campus desk,waived,registered,vegan,500.0,1.0,5.0
s12492,anitha nair,other,2026-03-02,18,bengaluru,management,hackathon,2026-01-30,campus desk,refunded,cancelled,vegetarian,250.0,2.5,3.0
s10703,harini iyer,female,2026-10-02,27,madurai,electronics,cultural fest,2025-12-20,campus desk,paid,absent,vegan,100.0,1.0,3.0
s11026,manoj kumar,other,2026-02-07,25,chennai,management,sports meet,2026-01-22,email,paid,absent,vegan,300.0,2.5,2.0
s11096,manoj kumar,other,2026-01-08,27,pune,computer science,career fair,2025-11-27,campus desk,pending,absent,vegetarian,300.0,1.5,5.0
s12114,karthik rao,female,1900-01-01,19,chennai,civil engineering,workshop,2026-08-17,website,paid,cancelled,vegan,0.0,3.0,3.0
s12089,pooja das,male,2026-05-20,22,chennai,civil engineering,workshop,2026-05-18,mobile app,refunded,cancelled,non-vegetarian,750.0,2.5,4.0
s12458,karthik rao,female,2026-05-19,19,madurai,commerce,hackathon,2026-05-17,walk-in,refunded,registered,vegetarian,200.0,2.5,1.0
s12208,pooja das,female,2026-07-17,24,mysuru,management,workshop,2026-05-22,mobile app,waived,registered,non-vegetarian,750.0,4.0,3.0
s10366,lakshmi rao,female,2026-02-09,20,kochi,management,workshop,2026-06-02,email,paid,absent,non-vegetarian,0.0,4.0,5.0
s10345,naveen sharma,male,2026-07-06,27,salem,civil engineering,workshop,2026-05-31,mobile app,waived,cancelled,vegetarian,500.0,2.0,4.0
s12471,naveen sharma,male,1900-01-01,18,coimbatore,mechanical,hackathon,2026-09-05,email,paid,cancelled,unknown,250.0,2.5,3.0
s11592,anitha nair,female,2026-02-10,27,mysuru,civil engineering,sports meet,2026-01-25,mobile app,paid,attended,vegetarian,300.0,3.0,3.0
s10675,arun kumar,female,2026-06-02,21,mysuru,electronics,workshop,2026-05-27,campus desk,pending,cancelled,vegetarian,200.0,2.5,4.0
s10631,arun kumar,male,2026-02-27,26,madurai,civil engineering,cultural fest,2026-05-01,mobile app,refunded,attended,vegan,300.0,6.0,3.0
s10853,ajay nair,other,2026-06-07,25,chennai,management,hackathon,2026-05-29,walk-in,waived,cancelled,vegetarian,250.0,2.0,3.0
s11749,rahul menon,other,2026-08-15,21,kochi,arts,hackathon,2026-06-19,campus desk,pending,attended,vegetarian,500.0,2.5,3.0
s11970,anitha nair,female,2026-02-21,18,pune,arts,hackathon,2025-12-30,campus desk,waived,registered,vegetarian,300.0,2.5,1.0
s11475,suresh kumar,other,2026-02-12,18,kochi,management,career fair,2026-01-20,walk-in,refunded,absent,non-vegetarian,100.0,2.0,5.0
s10176,keerthi rao,other,2026-03-25,25,kochi,management,cultural fest,2026-03-19,website,pending,cancelled,vegetarian,200.0,6.0,2.0
s10946,priya sharma,other,2026-08-22,17,hyderabad,civil engineering,hackathon,2026-07-27,campus desk,waived,absent,vegetarian,250.0,2.5,3.0
s10944,suresh kumar,male,2026-05-12,21,kochi,electronics,seminar,2026-04-22,unknown,paid,absent,vegetarian,500.0,1.0,1.0
s12041,vikram das,male,2026-01-25,25,bengaluru,electronics,sports meet,2025-12-13,website,waived,registered,non-vegetarian,200.0,2.5,1.0
s11817,anitha nair,unknown,2026-04-23,20,unknown,mechanical,seminar,2026-03-21,walk-in,paid,cancelled,non-vegetarian,300.0,4.0,5.0
s10902,divya iyer,other,2026-03-05,18,chennai,unknown,seminar,2026-02-26,email,refunded,absent,non-vegetarian,500.0,4.0,4.0
s11413,vijay menon,female,2026-01-31,23,mysuru,electronics,workshop,2025-10-12,email,paid,registered,no-meal,150.0,2.0,5.0
s11118,vijay menon,other,2026-01-14,22,salem,commerce,seminar,2025-12-28,walk-in,paid,registered,vegetarian,0.0,1.5,3.0
s12549,swetha menon,female,2026-04-29,26,coimbatore,civil engineering,cultural fest,2026-01-04,mobile app,waived,registered,vegetarian,750.0,6.0,1.0
s10262,ajay nair,male,2026-05-31,19,madurai,unknown,sports meet,2026-04-23,website,pending,attended,non-vegetarian,150.0,4.0,5.0
s11328,ravi patel,female,2026-05-11,18,trichy,computer science,sports meet,2026-03-18,walk-in,pending,cancelled,vegan,0.0,2.5,5.0
s11229,arun kumar,other,2026-06-24,25,salem,arts,sports meet,2026-02-05,website,waived,cancelled,vegan,200.0,2.5,3.0
s12349,arun kumar,male,2026-08-16,20,kochi,management,cultural fest,2026-06-17,campus desk,waived,absent,no-meal,150.0,1.0,4.0
s12308,divya iyer,female,2026-04-21,18,madurai,management,seminar,2026-03-23,walk-in,pending,absent,vegan,300.0,1.0,3.0
s11911,lakshmi rao,other,2026-06-07,27,madurai,civil engineering,hackathon,2026-04-18,email,paid,registered,non-vegetarian,500.0,4.0,2.0
s12007,anitha nair,male,2026-11-04,19,kochi,commerce,cultural fest,2026-02-24,email,paid,attended,no-meal,150.0,6.0,5.0
s11940,ajay nair,other,2026-03-11,23,trichy,computer science,workshop,2026-02-22,website,paid,absent,no-meal,200.0,2.5,5.0
s10211,divya iyer,male,2026-06-04,22,chennai,electronics,seminar,2026-04-29,campus desk,refunded,registered,no-meal,300.0,1.5,3.0
s12353,keerthi rao,female,2026-09-08,23,salem,electronics,workshop,2026-11-07,website,waived,registered,vegetarian,0.0,1.0,3.0
s10484,suresh kumar,male,2026-01-25,26,kochi,commerce,sports meet,2025-11-29,website,refunded,registered,vegan,0.0,4.0,2.0
s12181,swetha menon,female,2026-04-27,21,trichy,mechanical,sports meet,2026-04-26,mobile app,refunded,attended,vegan,0.0,2.5,3.0
s10742,manoj kumar,female,2026-08-11,24,unknown,electronics,hackathon,2026-06-24,walk-in,refunded,registered,no-meal,200.0,3.0,3.0
s10538,anitha nair,female,2026-08-30,22,unknown,civil engineering,seminar,2026-01-07,website,refunded,attended,non-vegetarian,500.0,6.0,3.0
s12313,manoj kumar,other,2026-06-06,23,salem,electronics,cultural fest,2026-05-14,website,paid,attended,vegan,750.0,3.0,3.0
s12096,priya sharma,male,2026-03-28,23,madurai,computer science,career fair,2026-02-14,campus desk,refunded,registered,vegetarian,200.0,2.5,4.0
s10050,suresh kumar,male,2026-01-18,25,pune,civil engineering,workshop,2026-05-01,campus desk,paid,absent,no-meal,300.0,3.0,3.0
s12661,vikram das,male,2026-02-04,27,bengaluru,arts,hackathon,2025-09-12,mobile app,refunded,attended,unknown,100.0,2.0,1.0
s12157,naveen sharma,female,2026-01-16,24,coimbatore,arts,sports meet,2025-11-21,walk-in,paid,absent,vegan,100.0,3.0,3.0
s12223,vikram das,other,2026-02-13,26,chennai,arts,seminar,2026-01-02,website,paid,registered,no-meal,150.0,1.0,1.0
s10171,keerthi rao,female,2026-01-23,23,mysuru,computer science,workshop,2026-08-01,website,refunded,registered,no-meal,200.0,2.5,3.0
s10581,arun kumar,male,2026-07-18,24,bengaluru,management,sports meet,2026-11-06,website,pending,registered,no-meal,150.0,2.0,3.0
s11393,vikram das,other,2026-07-17,27,unknown,commerce,workshop,2026-10-06,website,pending,cancelled,vegetarian,150.0,1.0,3.0
s10289,lakshmi rao,unknown,2026-02-22,25,chennai,civil engineering,cultural fest,2026-01-26,campus desk,pending,attended,vegan,500.0,2.5,2.0
s11197,anitha nair,other,2026-01-22,26,chennai,electronics,seminar,2025-01-12,website,pending,absent,no-meal,200.0,2.5,4.0
s10962,naveen sharma,male,2026-07-02,22,bengaluru,arts,workshop,2026-09-06,campus desk,waived,attended,no-meal,750.0,3.0,2.0
s12703,rahul menon,female,2026-11-02,26,hyderabad,arts,hackathon,2026-01-01,walk-in,paid,attended,vegetarian,0.0,2.5,5.0
s11455,divya iyer,female,2026-04-14,26,chennai,arts,cultural fest,2026-09-03,mobile app,refunded,registered,non-vegetarian,200.0,1.5,3.0
s11757,lakshmi rao,female,2026-02-17,21,trichy,management,cultural fest,2025-12-22,mobile app,refunded,cancelled,no-meal,250.0,1.5,3.0
s11252,swetha menon,other,2026-01-27,27,pune,arts,seminar,2025-12-17,email,pending,registered,vegan,300.0,4.0,3.0
s10051,suresh kumar,unknown,2026-07-05,21,salem,electronics,seminar,2026-06-24,email,paid,attended,non-vegetarian,0.0,3.0,4.0
s10222,keerthi rao,male,2026-07-16,19,trichy,electronics,sports meet,2026-03-07,mobile app,waived,cancelled,vegan,500.0,1.0,2.0
s12030,vijay menon,male,2026-05-29,24,pune,commerce,workshop,2026-04-18,campus desk,waived,cancelled,no-meal,200.0,2.5,2.0
s12543,anitha nair,female,2026-01-19,22,coimbatore,mechanical,career fair,2026-08-01,campus desk,refunded,cancelled,no-meal,250.0,2.5,3.0
s10428,meena patel,female,2026-07-19,27,hyderabad,computer science,sports meet,2026-07-15,email,waived,cancelled,vegetarian,150.0,4.0,4.0
s11521,karthik rao,other,2026-05-24,27,chennai,computer science,workshop,2026-11-04,mobile app,pending,cancelled,non-vegetarian,150.0,2.0,3.0
s10896,divya iyer,female,2026-10-04,23,hyderabad,mechanical,career fair,2026-03-25,campus desk,waived,registered,no-meal,750.0,4.0,3.0
s12105,keerthi rao,other,2026-02-05,23,bengaluru,computer science,workshop,2026-08-04,email,paid,registered,vegan,0.0,4.0,3.0
s12784,karthik rao,other,2026-07-12,18,chennai,mechanical,sports meet,2026-06-17,mobile app,paid,attended,vegetarian,200.0,1.5,1.0
s10665,ajay nair,other,2026-05-26,17,hyderabad,computer science,seminar,2026-04-25,website,pending,cancelled,vegetarian,500.0,6.0,4.0
s12264,divya iyer,female,2026-08-18,19,chennai,civil engineering,cultural fest,2026-06-27,mobile app,refunded,absent,vegetarian,200.0,2.5,3.0
s10904,vijay menon,other,2026-04-18,20,kochi,civil engineering,seminar,2026-03-31,mobile app,pending,cancelled,vegan,250.0,1.5,4.0
s10925,lakshmi rao,other,2026-08-21,22,pune,management,career fair,2026-01-08,campus desk,paid,attended,non-vegetarian,100.0,1.0,5.0
s10547,vijay menon,male,2026-06-15,24,coimbatore,management,career fair,2026-04-05,website,refunded,cancelled,vegan,300.0,1.0,1.0
s11376,pooja das,male,2026-08-06,25,coimbatore,mechanical,cultural fest,2026-07-17,campus desk,refunded,registered,vegan,300.0,6.0,3.0
s12680,pooja das,other,2026-02-04,17,bengaluru,management,sports meet,2026-03-28,unknown,refunded,registered,vegan,500.0,4.0,5.0
s10065,priya sharma,male,2026-05-24,27,pune,commerce,seminar,2026-03-27,mobile app,waived,attended,vegan,200.0,2.5,4.0
s11213,harini iyer,female,2026-01-03,27,kochi,civil engineering,hackathon,2026-10-02,walk-in,paid,absent,non-vegetarian,150.0,1.0,3.0
s11775,karthik rao,other,2026-05-02,18,chennai,arts,hackathon,2026-06-03,campus desk,waived,cancelled,no-meal,250.0,1.5,3.0
s11255,vikram das,other,2026-07-17,19,mysuru,commerce,seminar,2026-06-21,walk-in,refunded,registered,no-meal,750.0,1.0,3.0
s11733,priya sharma,male,2026-08-26,24,madurai,mechanical,seminar,2026-08-07,campus desk,refunded,cancelled,vegan,250.0,6.0,3.0
s10325,keerthi rao,other,2026-08-26,26,kochi,civil engineering,career fair,2026-04-08,email,refunded,attended,non-vegetarian,150.0,1.5,3.0
s11621,rahul menon,other,2026-05-19,25,salem,commerce,workshop,2026-09-04,website,refunded,absent,no-meal,250.0,6.0,5.0
s11919,ravi patel,other,2026-04-16,26,kochi,computer science,cultural fest,2026-03-03,walk-in,waived,cancelled,no-meal,200.0,2.5,2.0
s11446,vijay menon,other,2026-02-14,27,pune,arts,career fair,2026-01-29,campus desk,waived,attended,no-meal,200.0,2.5,4.0
s10116,karthik rao,female,2026-02-05,25,salem,arts,seminar,2026-04-03,email,refunded,absent,non-vegetarian,300.0,3.0,3.0
s11760,vijay menon,female,2026-06-02,19,bengaluru,management,cultural fest,2026-01-18,email,pending,absent,no-meal,500.0,2.5,2.0
s10912,meena patel,unknown,2026-02-03,23,salem,mechanical,cultural fest,2025-12-26,mobile app,paid,absent,vegan,500.0,2.5,3.0
s10138,naveen sharma,other,2026-07-09,24,madurai,arts,cultural fest,2026-05-28,email,waived,absent,no-meal,750.0,1.5,3.0
s12001,suresh kumar,female,2026-08-29,22,hyderabad,computer science,seminar,2026-10-08,website,refunded,attended,vegan,150.0,3.0,5.0
s11318,pooja das,female,2026-07-17,24,madurai,civil engineering,workshop,2026-05-06,website,waived,cancelled,vegan,200.0,2.5,1.0
s11008,harini iyer,other,1900-01-01,19,unknown,computer science,sports meet,2026-01-23,email,refunded,registered,non-vegetarian,100.0,2.5,3.0
s12725,rahul menon,male,2026-08-26,19,hyderabad,mechanical,sports meet,2026-08-17,unknown,paid,registered,no-meal,200.0,3.0,1.0
s11660,ravi patel,other,2026-08-11,18,kochi,management,workshop,2026-05-07,website,waived,cancelled,vegetarian,100.0,1.0,2.0
s12869,swetha menon,other,2026-06-22,24,pune,commerce,career fair,2026-05-26,walk-in,paid,registered,no-meal,200.0,2.5,3.0
s11145,meena patel,other,2026-08-13,26,trichy,commerce,workshop,2026-02-08,email,waived,cancelled,vegetarian,200.0,1.0,1.0
s12231,ravi patel,other,2026-08-15,25,bengaluru,management,seminar,2026-08-08,walk-in,paid,registered,non-vegetarian,200.0,3.0,3.0
s11878,karthik rao,other,2026-08-26,25,mysuru,arts,career fair,2026-12-07,website,paid,attended,vegetarian,300.0,6.0,1.0
s10032,ravi patel,other,2026-06-13,17,mysuru,commerce,workshop,2026-09-05,email,pending,cancelled,non-vegetarian,200.0,2.5,3.0
s10044,manoj kumar,unknown,2026-03-22,26,kochi,arts,sports meet,2026-01-25,campus desk,refunded,cancelled,no-meal,200.0,2.5,3.0
s12079,karthik rao,other,2026-04-16,21,bengaluru,arts,career fair,2026-03-03,website,pending,absent,non-vegetarian,500.0,4.0,5.0
s10704,rahul menon,other,2026-03-10,21,coimbatore,arts,cultural fest,2026-11-02,campus desk,pending,attended,no-meal,300.0,6.0,3.0
s11212,manoj kumar,female,2026-07-27,19,unknown,commerce,workshop,2026-02-07,walk-in,pending,attended,vegetarian,200.0,2.5,5.0
s10134,karthik rao,other,2026-11-03,22,mysuru,arts,workshop,2026-02-25,email,pending,cancelled,non-vegetarian,100.0,2.5,3.0
s12426,divya iyer,male,2026-05-15,27,chennai,management,hackathon,2026-04-15,email,waived,attended,no-meal,0.0,6.0,3.0
s10980,anitha nair,male,2026-10-06,17,bengaluru,unknown,hackathon,2026-04-17,walk-in,waived,registered,no-meal,300.0,1.0,3.0
s12526,pooja das,female,2026-06-25,26,madurai,computer science,sports meet,2026-08-06,mobile app,pending,cancelled,vegetarian,250.0,2.5,2.0
s10483,manoj kumar,male,2026-02-05,25,mysuru,commerce,workshop,2025-12-23,walk-in,refunded,cancelled,vegan,750.0,2.5,3.0
s12002,lakshmi rao,other,2026-06-28,22,hyderabad,mechanical,seminar,2026-04-05,campus desk,refunded,attended,vegetarian,200.0,1.5,2.0
s12795,deepa sharma,other,2026-02-06,22,salem,civil engineering,workshop,2026-01-31,email,refunded,registered,vegan,200.0,2.5,4.0
s11867,priya sharma,female,2026-06-30,27,pune,management,cultural fest,2026-07-05,campus desk,paid,registered,vegetarian,500.0,2.5,3.0
s12282,arun kumar,female,2026-01-13,20,unknown,computer science,seminar,2025-06-12,email,paid,registered,vegetarian,500.0,2.5,3.0
s11038,suresh kumar,other,2026-03-20,17,kochi,commerce,workshop,2026-04-03,email,pending,registered,no-meal,300.0,2.0,3.0
s12658,keerthi rao,female,2026-09-02,22,kochi,management,sports meet,2026-07-19,mobile app,refunded,absent,non-vegetarian,0.0,6.0,3.0
s11299,ravi patel,male,2026-01-09,27,hyderabad,management,sports meet,2025-12-14,mobile app,waived,absent,non-vegetarian,250.0,6.0,3.0
s10081,meena patel,male,2026-04-27,24,mysuru,civil engineering,cultural fest,2026-04-22,campus desk,waived,cancelled,non-vegetarian,750.0,4.0,3.0
s11399,lakshmi rao,male,2026-07-29,17,bengaluru,electronics,sports meet,2026-06-24,mobile app,pending,registered,vegetarian,200.0,2.5,4.0
s11839,swetha menon,other,2026-07-12,22,pune,civil engineering,career fair,2026-05-22,walk-in,pending,attended,vegan,200.0,2.5,3.0
s11406,ravi patel,male,2026-07-03,26,mysuru,commerce,cultural fest,2026-05-15,email,pending,registered,vegan,500.0,1.0,3.0
s11831,karthik rao,male,2026-05-01,20,salem,computer science,seminar,2026-09-04,walk-in,pending,absent,non-vegetarian,100.0,2.5,5.0
s10154,divya iyer,other,2026-07-27,18,madurai,management,career fair,2026-06-29,mobile app,paid,cancelled,vegan,0.0,1.0,3.0
s10948,meena patel,other,2026-02-17,27,trichy,civil engineering,career fair,2025-12-31,website,refunded,registered,non-vegetarian,200.0,2.5,1.0
s10780,lakshmi rao,male,2026-01-16,20,madurai,computer science,career fair,2026-06-01,email,paid,absent,vegan,150.0,3.0,3.0
s11587,anitha nair,other,2026-08-29,26,coimbatore,civil engineering,workshop,2026-07-27,email,waived,cancelled,vegetarian,250.0,1.5,2.0
s12491,ajay nair,male,2026-01-29,18,mysuru,arts,workshop,2025-12-19,mobile app,paid,cancelled,non-vegetarian,200.0,6.0,0.0
s10224,divya iyer,other,2026-02-26,27,kochi,commerce,cultural fest,2026-12-01,campus desk,waived,cancelled,non-vegetarian,0.0,2.0,4.0
s11990,divya iyer,male,2026-02-14,22,kochi,commerce,hackathon,2026-09-02,email,refunded,absent,vegetarian,750.0,1.5,2.0
s11155,harini iyer,female,2026-02-08,22,hyderabad,mechanical,cultural fest,2026-01-23,mobile app,paid,cancelled,vegan,200.0,2.5,2.0
s10615,deepa sharma,female,2026-06-21,20,kochi,management,workshop,2026-04-24,email,waived,registered,non-vegetarian,200.0,2.5,5.0
s12883,rahul menon,other,2026-06-08,26,trichy,civil engineering,workshop,2026-06-20,website,paid,attended,non-vegetarian,750.0,4.0,1.0
s11310,deepa sharma,female,2026-04-16,24,unknown,arts,cultural fest,2026-04-03,campus desk,waived,cancelled,vegan,0.0,2.5,4.0
s12474,harini iyer,female,2026-04-27,24,salem,management,sports meet,2026-04-16,campus desk,waived,registered,vegetarian,200.0,2.5,4.0
s11089,rahul menon,other,2026-07-12,24,coimbatore,computer science,career fair,2026-05-24,website,pending,absent,non-vegetarian,300.0,1.5,4.0
s11280,ajay nair,male,2026-01-17,26,hyderabad,civil engineering,sports meet,2025-12-22,website,refunded,absent,vegetarian,200.0,2.5,3.0
s10740,meena patel,female,2026-03-15,23,hyderabad,management,sports meet,2026-03-14,campus desk,refunded,registered,vegan,200.0,1.0,4.0
s11014,vijay menon,female,2026-03-18,24,hyderabad,electronics,sports meet,2026-02-23,walk-in,waived,attended,vegetarian,750.0,6.0,1.0
s11529,rahul menon,other,2026-01-30,19,trichy,unknown,workshop,2026-05-01,website,pending,absent,no-meal,150.0,6.0,3.0
s10203,suresh kumar,unknown,2026-01-26,22,mysuru,electronics,cultural fest,2025-12-14,walk-in,paid,registered,vegetarian,500.0,6.0,3.0
s10608,swetha menon,female,2026-08-22,22,madurai,management,seminar,2026-02-08,walk-in,waived,attended,vegan,100.0,4.0,4.0
s11356,divya iyer,female,2026-04-22,17,madurai,mechanical,cultural fest,2026-02-23,email,refunded,absent,no-meal,500.0,6.0,2.0
s12476,pooja das,female,2026-05-22,27,hyderabad,arts,cultural fest,2026-04-23,campus desk,paid,absent,no-meal,750.0,6.0,3.0
s11011,keerthi rao,other,2026-02-20,27,coimbatore,unknown,workshop,2026-05-02,email,pending,attended,non-vegetarian,200.0,2.5,3.0
s11842,suresh kumar,other,2026-03-17,18,mysuru,management,cultural fest,2026-02-20,mobile app,pending,attended,no-meal,100.0,4.0,3.0
s11921,vikram das,unknown,2026-03-19,25,hyderabad,civil engineering,seminar,2026-01-21,email,waived,cancelled,vegan,200.0,2.5,2.0
s12229,ravi patel,other,2026-01-27,17,kochi,computer science,cultural fest,2025-12-23,walk-in,paid,cancelled,no-meal,500.0,6.0,3.0
s11710,manoj kumar,other,2026-04-16,19,kochi,arts,career fair,2026-02-17,campus desk,waived,absent,vegetarian,100.0,4.0,3.0
s10496,vijay menon,other,2026-03-29,17,kochi,mechanical,career fair,2026-03-13,campus desk,pending,absent,non-vegetarian,200.0,2.5,2.0
s11751,vikram das,female,2026-05-21,27,chennai,electronics,sports meet,2026-05-04,mobile app,pending,registered,no-meal,0.0,2.5,1.0
s10036,divya iyer,female,2026-06-23,18,unknown,arts,career fair,2026-05-30,campus desk,paid,absent,no-meal,300.0,1.0,4.0
s11170,suresh kumar,male,2026-05-09,22,kochi,civil engineering,career fair,2026-03-27,walk-in,paid,registered,vegetarian,200.0,6.0,5.0
s10018,manoj kumar,other,2026-03-15,26,hyderabad,computer science,career fair,2026-02-24,walk-in,paid,attended,non-vegetarian,200.0,2.5,3.0
s12615,pooja das,female,2026-02-08,25,madurai,civil engineering,career fair,2026-05-02,walk-in,refunded,absent,no-meal,250.0,6.0,1.0
s12914,swetha menon,male,2026-07-05,27,bengaluru,management,cultural fest,2026-06-30,mobile app,waived,cancelled,no-meal,250.0,3.0,2.0
s10559,keerthi rao,female,2026-06-07,25,coimbatore,commerce,cultural fest,2026-08-06,email,paid,registered,vegetarian,300.0,1.5,5.0
s10473,lakshmi rao,male,2026-01-20,22,coimbatore,electronics,seminar,2025-11-12,mobile app,waived,absent,non-vegetarian,200.0,1.0,1.0
s10789,manoj kumar,other,2026-08-14,19,hyderabad,civil engineering,seminar,2026-12-07,walk-in,refunded,cancelled,vegetarian,200.0,2.5,3.0
s11961,anitha nair,female,2026-01-06,25,mysuru,mechanical,hackathon,2025-12-24,mobile app,waived,absent,vegan,300.0,2.0,3.0
s12051,vijay menon,female,2026-06-27,23,chennai,electronics,cultural fest,2026-05-27,mobile app,pending,cancelled,non-vegetarian,300.0,1.5,1.0
s11820,anitha nair,other,2026-03-25,20,kochi,management,career fair,2026-02-02,campus desk,paid,attended,vegetarian,200.0,2.5,3.0
s12371,meena patel,male,2026-01-30,22,hyderabad,management,sports meet,2025-12-14,campus desk,refunded,attended,vegan,300.0,2.0,2.0
s11859,priya sharma,male,2026-04-26,24,chennai,arts,seminar,2026-03-18,walk-in,waived,attended,no-meal,150.0,1.0,4.0
s10576,anitha nair,female,2026-07-04,25,unknown,computer science,sports meet,2026-08-05,walk-in,waived,absent,vegetarian,200.0,2.5,2.0
s12478,naveen sharma,female,2026-02-22,23,madurai,management,cultural fest,2026-02-17,email,pending,registered,vegetarian,100.0,4.0,2.0
s12679,harini iyer,male,2026-08-05,27,coimbatore,mechanical,seminar,2026-07-19,campus desk,pending,absent,no-meal,250.0,6.0,3.0
s11269,meena patel,other,2026-01-08,27,unknown,computer science,hackathon,2025-12-22,walk-in,pending,registered,vegan,200.0,1.5,3.0
s11696,karthik rao,other,2026-02-01,19,mysuru,computer science,seminar,2025-12-24,mobile app,refunded,absent,vegetarian,300.0,2.5,4.0
s12608,arun kumar,female,2026-06-04,21,chennai,civil engineering,cultural fest,2026-05-31,campus desk,paid,registered,no-meal,150.0,2.0,2.0
s10744,vijay menon,female,2026-11-04,25,pune,commerce,sports meet,2026-11-02,website,waived,cancelled,non-vegetarian,150.0,2.5,5.0
s12983,priya sharma,other,2026-07-26,19,salem,commerce,sports meet,2026-06-29,email,paid,absent,vegetarian,200.0,2.5,1.0
s12781,suresh kumar,male,2026-03-22,21,salem,commerce,hackathon,2026-09-02,mobile app,pending,attended,non-vegetarian,250.0,1.0,3.0
s12155,suresh kumar,other,2026-02-27,22,coimbatore,civil engineering,cultural fest,2026-01-29,campus desk,waived,absent,vegan,150.0,2.5,5.0
s12845,meena patel,male,2026-06-17,26,kochi,mechanical,seminar,2026-05-06,email,waived,attended,no-meal,200.0,2.5,2.0
s11846,ravi patel,other,2026-08-05,26,coimbatore,management,cultural fest,2026-07-13,walk-in,pending,absent,no-meal,100.0,4.0,3.0
s10883,deepa sharma,other,2026-07-02,23,chennai,unknown,sports meet,2026-05-26,campus desk,pending,cancelled,vegan,0.0,2.0,5.0
s10394,meena patel,male,2026-03-23,25,kochi,commerce,career fair,2026-02-20,campus desk,paid,registered,non-vegetarian,300.0,1.0,5.0
s12724,karthik rao,female,2026-04-05,21,hyderabad,commerce,hackathon,2026-04-20,campus desk,pending,cancelled,vegetarian,500.0,1.0,5.0
s10046,lakshmi rao,male,2026-04-23,25,hyderabad,civil engineering,career fair,2026-04-15,website,pending,absent,non-vegetarian,200.0,4.0,2.0
s10920,ajay nair,female,2026-03-03,17,unknown,arts,sports meet,2026-09-01,walk-in,pending,absent,non-vegetarian,500.0,2.5,3.0
s11314,manoj kumar,male,2026-03-25,18,kochi,electronics,career fair,2026-02-17,mobile app,pending,absent,non-vegetarian,100.0,1.0,3.0
s12626,suresh kumar,female,2026-07-19,23,coimbatore,commerce,seminar,2026-06-06,walk-in,pending,absent,vegan,300.0,1.5,4.0
s11902,keerthi rao,other,2026-04-23,26,mysuru,civil engineering,workshop,2026-03-18,mobile app,pending,registered,vegan,0.0,2.0,5.0
s11804,priya sharma,female,2026-08-06,17,mysuru,computer science,sports meet,2026-02-08,website,refunded,attended,no-meal,250.0,3.0,1.0
s10059,harini iyer,other,2026-01-10,27,mysuru,mechanical,workshop,2025-11-17,campus desk,waived,absent,vegan,200.0,2.5,1.0
s10326,ravi patel,other,2026-02-25,26,hyderabad,management,hackathon,2026-02-24,walk-in,pending,attended,non-vegetarian,200.0,2.5,4.0
s10396,anitha nair,male,2026-04-21,24,chennai,mechanical,workshop,2026-09-04,walk-in,refunded,attended,vegan,200.0,2.5,1.0
s12744,keerthi rao,female,2026-08-04,23,hyderabad,computer science,workshop,2026-07-27,website,paid,cancelled,no-meal,200.0,2.5,3.0
s12517,ravi patel,other,2026-07-26,24,coimbatore,commerce,career fair,2026-07-14,walk-in,paid,registered,vegan,750.0,1.5,3.0
s11615,manoj kumar,female,2026-06-29,21,salem,management,cultural fest,2026-05-18,website,pending,registered,non-vegetarian,200.0,2.5,3.0
s11568,priya sharma,male,2026-07-26,22,coimbatore,arts,workshop,2026-07-24,website,paid,absent,no-meal,100.0,3.0,3.0
s11177,deepa sharma,male,2026-12-01,27,hyderabad,computer science,seminar,2025-10-12,email,waived,absent,non-vegetarian,300.0,1.5,2.0
s11452,pooja das,female,2026-04-09,26,salem,electronics,workshop,2026-07-03,walk-in,refunded,attended,vegan,500.0,1.5,4.0
s10272,meena patel,female,2026-05-17,18,bengaluru,civil engineering,hackathon,2026-05-16,walk-in,refunded,cancelled,non-vegetarian,200.0,2.5,3.0
s12685,meena patel,female,2026-07-22,22,kochi,management,career fair,2026-07-17,email,refunded,registered,non-vegetarian,100.0,4.0,5.0
s10316,keerthi rao,male,2026-12-02,23,hyderabad,management,workshop,2026-01-21,email,paid,absent,non-vegetarian,150.0,1.0,3.0
s10128,manoj kumar,female,2026-07-20,27,chennai,commerce,workshop,2026-08-06,walk-in,refunded,registered,non-vegetarian,500.0,2.0,4.0
s12611,vikram das,other,2026-04-14,19,hyderabad,civil engineering,cultural fest,2026-10-04,campus desk,refunded,cancelled,non-vegetarian,100.0,1.5,1.0
s10849,naveen sharma,female,2026-04-19,24,salem,mechanical,career fair,2026-03-20,campus desk,pending,attended,vegan,200.0,2.5,3.0
s11706,ajay nair,other,2026-06-14,18,pune,computer science,sports meet,2026-04-05,email,paid,registered,vegan,200.0,2.5,3.0
s11385,deepa sharma,female,2026-03-01,25,trichy,mechanical,cultural fest,2026-08-02,walk-in,refunded,registered,non-vegetarian,200.0,2.5,3.0
s12279,ravi patel,female,2026-05-15,19,bengaluru,mechanical,hackathon,2026-04-22,mobile app,paid,absent,vegetarian,0.0,2.5,2.0
s10219,deepa sharma,male,2026-03-26,17,mysuru,electronics,seminar,2026-02-13,website,refunded,absent,non-vegetarian,0.0,2.5,3.0
s11802,arun kumar,male,2026-08-17,23,chennai,commerce,hackathon,1900-01-01,campus desk,refunded,cancelled,vegan,250.0,3.0,3.0
s11181,suresh kumar,female,2026-08-18,26,trichy,arts,cultural fest,2026-08-07,email,refunded,attended,vegetarian,300.0,1.5,5.0
s12551,priya sharma,other,2026-07-02,22,pune,civil engineering,cultural fest,2026-06-26,website,pending,absent,vegetarian,300.0,2.0,3.0
s10280,swetha menon,other,2026-08-07,20,kochi,commerce,hackathon,2026-06-20,campus desk,pending,registered,vegetarian,500.0,6.0,3.0
s11191,pooja das,other,2026-03-05,24,hyderabad,electronics,seminar,2026-01-21,mobile app,paid,attended,vegan,500.0,3.0,4.0
s12588,priya sharma,female,2026-04-15,23,madurai,electronics,hackathon,2026-03-17,campus desk,paid,absent,vegetarian,200.0,2.5,4.0
s12442,deepa sharma,female,2026-03-17,24,pune,electronics,seminar,2026-01-03,unknown,refunded,cancelled,no-meal,150.0,1.0,2.0
s10123,harini iyer,other,2026-04-13,24,bengaluru,mechanical,seminar,2026-03-28,walk-in,pending,attended,unknown,250.0,2.0,3.0
s12333,naveen sharma,other,2026-06-23,25,mysuru,electronics,cultural fest,2026-05-27,email,paid,absent,vegetarian,0.0,3.0,5.0
s11945,ajay nair,male,2026-05-12,17,salem,arts,workshop,2026-03-21,email,pending,registered,vegetarian,200.0,2.0,5.0
s11028,manoj kumar,male,2026-05-13,21,pune,arts,career fair,2026-04-05,walk-in,waived,absent,non-vegetarian,100.0,1.0,4.0
s12117,keerthi rao,other,2026-03-20,25,pune,mechanical,seminar,2026-08-03,walk-in,refunded,registered,non-vegetarian,200.0,2.5,1.0
s12810,suresh kumar,female,2026-07-30,21,pune,electronics,seminar,2026-07-14,email,paid,registered,vegan,100.0,2.5,4.0
s10277,rahul menon,male,2026-08-22,26,mysuru,computer science,sports meet,2026-06-26,email,waived,absent,no-meal,250.0,2.5,2.0
s11939,harini iyer,other,2026-08-19,18,hyderabad,commerce,career fair,2026-03-07,website,paid,absent,non-vegetarian,200.0,2.5,5.0
s12948,vijay menon,other,2026-02-26,18,salem,mechanical,workshop,2026-08-01,website,pending,cancelled,no-meal,150.0,1.0,3.0
s11964,harini iyer,female,2026-04-16,17,chennai,arts,workshop,2026-02-28,website,paid,absent,no-meal,750.0,1.5,2.0
s12260,ravi patel,male,2026-06-04,25,hyderabad,management,cultural fest,2026-04-26,walk-in,refunded,absent,unknown,200.0,2.5,3.0
s11689,anitha nair,male,2026-06-07,19,pune,mechanical,career fair,2026-04-27,email,waived,absent,vegan,200.0,2.5,3.0
s11402,ravi patel,male,2026-07-06,26,mysuru,arts,workshop,2026-04-23,website,pending,attended,vegetarian,100.0,3.0,3.0
s12982,divya iyer,male,2026-04-16,26,pune,arts,sports meet,2026-03-30,walk-in,waived,registered,non-vegetarian,200.0,2.5,1.0
s10368,deepa sharma,male,2026-03-08,27,madurai,computer science,workshop,2026-01-22,email,paid,cancelled,vegetarian,150.0,1.0,2.0
s10797,deepa sharma,other,2026-06-09,27,mysuru,arts,seminar,2026-06-05,walk-in,paid,cancelled,no-meal,500.0,1.0,5.0
s10080,rahul menon,other,2026-01-31,21,salem,computer science,career fair,2026-01-21,walk-in,waived,registered,non-vegetarian,200.0,1.5,5.0
s10717,priya sharma,other,2026-08-06,18,pune,arts,workshop,2026-12-06,mobile app,pending,attended,no-meal,0.0,2.5,1.0
s12356,ajay nair,female,2026-07-12,17,kochi,electronics,hackathon,1900-01-01,campus desk,waived,registered,vegan,200.0,1.5,1.0
s10422,vikram das,female,2026-07-08,17,coimbatore,mechanical,hackathon,2026-06-06,walk-in,waived,registered,vegetarian,0.0,6.0,1.0
s10715,harini iyer,male,2026-01-06,21,pune,management,seminar,2025-11-29,mobile app,refunded,cancelled,non-vegetarian,300.0,1.0,3.0
s11249,manoj kumar,female,2026-08-23,24,trichy,management,career fair,2026-08-17,mobile app,waived,registered,no-meal,0.0,2.0,5.0
s11513,rahul menon,female,2026-08-20,18,chennai,civil engineering,career fair,2026-06-30,email,paid,registered,vegan,100.0,1.5,3.0
s12475,meena patel,female,2026-02-14,20,trichy,commerce,seminar,2026-01-16,mobile app,pending,cancelled,no-meal,200.0,1.5,4.0
s10344,manoj kumar,other,2026-05-30,22,coimbatore,commerce,cultural fest,2026-09-04,walk-in,pending,cancelled,no-meal,200.0,2.5,3.0
s11712,pooja das,male,2026-07-29,18,coimbatore,arts,seminar,2026-06-07,walk-in,paid,registered,non-vegetarian,200.0,3.0,1.0
s11172,rahul menon,female,2026-05-30,19,pune,electronics,career fair,2026-05-25,website,waived,absent,vegan,100.0,2.0,1.0
s10005,harini iyer,other,2026-02-10,19,hyderabad,mechanical,workshop,2026-01-24,unknown,refunded,cancelled,no-meal,200.0,4.0,5.0
s10246,divya iyer,other,2026-04-13,25,pune,mechanical,cultural fest,2026-03-27,website,waived,cancelled,vegetarian,250.0,1.0,3.0
s11225,ravi patel,female,2026-05-28,25,trichy,computer science,hackathon,2026-05-27,campus desk,refunded,cancelled,vegetarian,750.0,2.0,4.0
s12553,harini iyer,female,2026-01-11,22,kochi,mechanical,seminar,2025-05-12,walk-in,pending,attended,vegan,200.0,6.0,3.0
s12066,karthik rao,male,2026-02-28,20,kochi,management,career fair,2026-01-02,email,waived,absent,vegan,150.0,2.5,1.0
s12789,pooja das,male,2026-08-15,22,pune,arts,cultural fest,2026-06-29,mobile app,pending,cancelled,no-meal,250.0,6.0,4.0
s10356,pooja das,other,2026-02-16,23,coimbatore,arts,seminar,2026-01-17,website,waived,attended,vegetarian,200.0,2.5,3.0
s12742,priya sharma,female,2026-08-23,18,coimbatore,commerce,career fair,2026-08-20,unknown,waived,registered,vegan,200.0,2.5,4.0
s12733,harini iyer,female,2026-03-21,18,mysuru,computer science,workshop,2026-02-20,website,pending,attended,vegan,150.0,1.0,5.0
s10052,divya iyer,unknown,2026-05-05,24,coimbatore,management,cultural fest,2026-04-19,campus desk,waived,absent,no-meal,150.0,2.5,0.0
s11567,karthik rao,male,2026-05-22,21,kochi,electronics,cultural fest,2026-04-30,campus desk,pending,absent,no-meal,200.0,2.5,3.0
s11620,priya sharma,male,2026-02-17,25,kochi,management,career fair,2026-08-02,campus desk,paid,attended,no-meal,200.0,2.5,3.0
s11343,divya iyer,male,2026-06-24,17,unknown,management,seminar,2026-01-05,website,paid,absent,non-vegetarian,200.0,2.5,5.0
s10934,lakshmi rao,male,2026-08-29,26,pune,commerce,workshop,2026-08-08,email,refunded,absent,non-vegetarian,200.0,2.5,3.0
s11010,ravi patel,male,2026-06-28,18,chennai,mechanical,hackathon,2026-04-29,website,refunded,cancelled,no-meal,750.0,2.5,1.0
s11334,lakshmi rao,male,2026-01-16,17,chennai,management,cultural fest,2025-12-12,walk-in,refunded,attended,non-vegetarian,100.0,3.0,2.0
s11947,ravi patel,male,2026-04-06,24,mysuru,electronics,cultural fest,2026-05-17,website,pending,attended,no-meal,750.0,3.0,3.0
s10554,ravi patel,female,2026-06-29,23,kochi,arts,workshop,2026-05-24,website,waived,attended,vegetarian,100.0,2.0,1.0
s10215,vikram das,female,2026-07-08,27,coimbatore,civil engineering,sports meet,2026-06-07,website,refunded,absent,non-vegetarian,750.0,2.0,3.0
s11167,ravi patel,male,2026-04-28,21,hyderabad,civil engineering,sports meet,2026-10-03,email,refunded,registered,vegan,150.0,1.5,2.0
s12129,ajay nair,other,2026-08-15,20,coimbatore,mechanical,seminar,2026-12-08,mobile app,refunded,cancelled,unknown,150.0,1.5,3.0
s10206,keerthi rao,female,2026-05-30,26,mysuru,civil engineering,workshop,2026-04-22,website,refunded,registered,non-vegetarian,100.0,1.0,5.0
s11624,meena patel,other,2026-04-22,21,trichy,electronics,cultural fest,2026-03-14,email,pending,absent,vegetarian,500.0,1.5,4.0
s10455,divya iyer,female,2026-08-22,25,salem,commerce,seminar,2026-12-08,walk-in,waived,attended,vegan,100.0,4.0,3.0
s10734,vijay menon,other,2026-04-23,23,mysuru,electronics,sports meet,2026-03-19,walk-in,waived,attended,non-vegetarian,100.0,1.5,1.0
s10379,arun kumar,male,2026-08-21,26,kochi,civil engineering,career fair,2026-06-22,unknown,waived,cancelled,non-vegetarian,150.0,3.0,1.0
s12596,priya sharma,female,2026-07-29,25,bengaluru,electronics,seminar,2026-06-30,walk-in,refunded,attended,vegetarian,750.0,4.0,3.0
s12991,suresh kumar,male,2026-03-30,20,madurai,commerce,cultural fest,2026-03-29,mobile app,refunded,cancelled,vegetarian,300.0,2.5,2.0
s12996,ajay nair,female,2026-05-18,23,salem,commerce,seminar,2026-04-22,walk-in,pending,cancelled,no-meal,0.0,3.0,3.0
s12842,vikram das,other,2026-08-07,18,coimbatore,management,hackathon,2026-06-07,mobile app,waived,absent,vegan,100.0,6.0,4.0
s11049,karthik rao,female,2026-02-10,20,trichy,civil engineering,cultural fest,2026-01-23,website,pending,cancelled,vegetarian,200.0,2.5,5.0
s12415,karthik rao,female,2026-02-19,23,chennai,arts,workshop,2026-01-17,website,paid,attended,vegan,500.0,3.0,3.0
s10939,suresh kumar,male,2026-05-08,26,coimbatore,civil engineering,workshop,2026-03-26,walk-in,paid,absent,vegetarian,250.0,6.0,1.0
s10093,anitha nair,other,2026-04-14,24,trichy,mechanical,cultural fest,2026-02-17,campus desk,waived,attended,vegetarian,0.0,4.0,4.0
s12602,swetha menon,other,2026-08-27,23,kochi,civil engineering,sports meet,2026-08-08,walk-in,paid,absent,vegetarian,200.0,6.0,1.0
s10244,priya sharma,other,2026-01-23,22,coimbatore,arts,hackathon,2025-03-12,campus desk,waived,cancelled,vegan,200.0,1.5,5.0
s11837,divya iyer,female,2026-04-29,25,pune,civil engineering,seminar,2026-03-14,unknown,refunded,registered,unknown,150.0,2.5,1.0
s12132,deepa sharma,male,2026-03-08,23,hyderabad,civil engineering,career fair,2026-01-21,website,pending,attended,vegetarian,250.0,3.0,3.0
s11635,suresh kumar,female,2026-03-08,22,coimbatore,civil engineering,hackathon,2026-01-15,mobile app,paid,registered,vegan,0.0,4.0,5.0
s11379,suresh kumar,male,2026-08-23,18,hyderabad,electronics,seminar,2026-08-22,mobile app,waived,cancelled,no-meal,150.0,1.0,3.0
s11276,deepa sharma,male,2026-02-27,19,hyderabad,management,hackathon,2026-01-14,email,pending,cancelled,vegetarian,500.0,4.0,3.0
s11517,manoj kumar,other,2026-03-02,27,chennai,mechanical,career fair,2026-08-01,campus desk,paid,registered,vegetarian,750.0,2.0,3.0
s10545,pooja das,other,2026-09-07,26,mysuru,mechanical,hackathon,2026-05-15,mobile app,pending,attended,vegan,100.0,4.0,2.0
s11220,karthik rao,female,2026-04-04,19,salem,mechanical,seminar,2026-05-02,campus desk,pending,attended,non-vegetarian,750.0,4.0,3.0
s10382,rahul menon,male,2026-07-25,18,kochi,electronics,career fair,2026-11-06,walk-in,refunded,absent,non-vegetarian,300.0,4.0,1.0
s10956,divya iyer,male,2026-10-01,26,hyderabad,electronics,career fair,2026-05-01,website,waived,absent,no-meal,100.0,1.5,3.0
s12394,deepa sharma,male,2026-04-20,23,trichy,management,workshop,2026-06-03,website,pending,attended,vegetarian,250.0,2.5,1.0
s10454,lakshmi rao,male,2026-06-27,19,madurai,arts,seminar,2026-06-16,website,waived,absent,vegan,0.0,6.0,1.0
s12395,lakshmi rao,female,2026-07-04,22,kochi,civil engineering,cultural fest,2026-05-21,walk-in,pending,attended,non-vegetarian,200.0,2.5,2.0
s10349,ravi patel,female,2026-02-10,24,coimbatore,civil engineering,hackathon,2025-12-25,mobile app,paid,attended,vegetarian,500.0,1.5,1.0
s11830,manoj kumar,female,2026-01-08,23,hyderabad,mechanical,career fair,2025-12-25,email,pending,registered,vegetarian,0.0,2.5,2.0
s11221,arun kumar,female,2026-04-08,19,kochi,commerce,cultural fest,2026-06-27,website,paid,cancelled,vegan,0.0,4.0,5.0
s10716,priya sharma,female,2026-05-31,17,hyderabad,commerce,career fair,2026-08-04,website,waived,absent,unknown,750.0,3.0,4.0
s12879,pooja das,other,2026-02-03,22,mysuru,management,workshop,2026-01-27,website,waived,registered,no-meal,100.0,1.0,1.0
s10264,deepa sharma,other,2026-03-04,23,coimbatore,management,sports meet,2026-07-02,mobile app,waived,cancelled,vegetarian,150.0,1.0,3.0
s10848,rahul menon,female,2026-07-10,22,mysuru,management,workshop,2026-05-17,walk-in,waived,attended,vegan,750.0,2.0,3.0
s10347,rahul menon,female,2026-08-23,17,trichy,arts,workshop,2026-07-18,mobile app,waived,attended,vegan,0.0,4.0,5.0
s12764,anitha nair,male,2026-06-07,17,kochi,computer science,hackathon,2026-04-06,walk-in,refunded,cancelled,no-meal,100.0,3.0,3.0
s10461,vikram das,male,2026-01-26,25,salem,civil engineering,sports meet,2026-01-23,walk-in,refunded,registered,vegan,300.0,2.5,3.0
s12908,vikram das,female,2026-11-03,26,salem,management,seminar,2026-02-20,email,refunded,attended,vegetarian,500.0,1.0,2.0
s10057,priya sharma,male,2026-02-17,18,hyderabad,electronics,hackathon,2026-05-02,unknown,pending,cancelled,non-vegetarian,500.0,3.0,3.0
s11441,suresh kumar,male,2026-02-08,21,trichy,arts,workshop,2025-12-16,unknown,refunded,absent,no-meal,300.0,1.5,5.0
s11414,lakshmi rao,female,2026-05-04,18,mysuru,mechanical,career fair,2026-12-02,email,paid,registered,non-vegetarian,200.0,2.5,3.0
s12221,meena patel,female,2026-01-07,19,trichy,management,cultural fest,2025-01-12,campus desk,waived,registered,vegetarian,150.0,1.5,3.0
s11357,vijay menon,female,2026-05-15,24,chennai,commerce,hackathon,2026-09-04,email,waived,absent,vegetarian,200.0,2.5,4.0
s10153,anitha nair,other,2026-06-03,25,hyderabad,mechanical,career fair,2026-08-05,email,paid,absent,no-meal,200.0,2.5,1.0
s11257,naveen sharma,other,2026-07-26,18,kochi,mechanical,cultural fest,2026-05-30,campus desk,pending,absent,vegan,100.0,2.5,3.0
s11496,ravi patel,female,2026-04-14,19,salem,mechanical,seminar,2026-07-04,mobile app,paid,attended,vegetarian,300.0,6.0,5.0
s10982,manoj kumar,other,2026-03-01,23,chennai,mechanical,sports meet,2026-02-20,campus desk,paid,registered,no-meal,300.0,1.5,1.0
s10677,priya sharma,male,2026-02-01,25,hyderabad,computer science,hackathon,2026-01-27,campus desk,paid,registered,vegan,750.0,1.0,3.0
s10935,deepa sharma,female,2026-08-03,20,hyderabad,electronics,cultural fest,2026-05-07,campus desk,pending,attended,non-vegetarian,200.0,2.5,4.0
s11006,keerthi rao,female,2026-02-22,24,pune,commerce,seminar,2026-08-02,campus desk,waived,absent,vegetarian,200.0,2.5,5.0
s12160,manoj kumar,female,2026-05-02,21,pune,civil engineering,career fair,2026-03-02,email,paid,attended,non-vegetarian,200.0,2.5,2.0
s12835,swetha menon,other,2026-03-09,27,trichy,electronics,hackathon,2026-11-01,mobile app,pending,attended,non-vegetarian,150.0,2.0,1.0
s12180,lakshmi rao,female,2026-05-01,17,bengaluru,commerce,sports meet,2026-03-31,campus desk,refunded,absent,non-vegetarian,100.0,1.5,3.0
s10108,keerthi rao,male,2026-03-09,18,salem,electronics,workshop,2026-02-27,email,paid,absent,no-meal,0.0,2.0,4.0
s10613,anitha nair,male,2026-10-07,23,salem,mechanical,cultural fest,2026-06-28,unknown,refunded,registered,no-meal,300.0,3.0,2.0
s12269,vijay menon,female,2026-07-03,26,trichy,commerce,hackathon,2026-05-15,email,refunded,registered,no-meal,150.0,3.0,2.0
s10448,lakshmi rao,other,2026-12-08,20,bengaluru,mechanical,seminar,2026-10-08,mobile app,paid,attended,non-vegetarian,200.0,2.5,2.0
s10884,meena patel,male,2026-02-02,19,mysuru,civil engineering,hackathon,2025-12-20,website,waived,absent,no-meal,100.0,1.5,4.0
s12600,priya sharma,male,2026-06-10,21,mysuru,mechanical,workshop,2026-04-16,website,pending,cancelled,non-vegetarian,200.0,2.5,3.0
s10583,karthik rao,female,2026-02-02,18,pune,electronics,career fair,2026-01-18,email,paid,absent,non-vegetarian,200.0,2.5,1.0
s12275,swetha menon,female,2026-01-24,19,pune,mechanical,cultural fest,2026-01-13,walk-in,waived,registered,vegan,300.0,6.0,5.0
s11932,priya sharma,female,2026-03-16,25,salem,computer science,workshop,2026-01-22,email,waived,attended,non-vegetarian,200.0,2.5,3.0
s11390,ravi patel,female,2026-06-20,22,trichy,arts,workshop,2026-04-26,campus desk,refunded,registered,vegetarian,500.0,3.0,2.0
s10443,rahul menon,other,2026-05-16,24,kochi,arts,hackathon,1900-01-01,email,refunded,attended,vegetarian,200.0,2.5,3.0
s11753,deepa sharma,other,2026-01-23,19,kochi,arts,cultural fest,2025-12-17,unknown,paid,registered,vegan,200.0,2.5,5.0
s12976,ajay nair,female,2026-10-01,24,mysuru,computer science,career fair,2026-05-01,walk-in,waived,registered,vegetarian,200.0,1.0,3.0
s12579,keerthi rao,unknown,2026-03-04,27,salem,management,workshop,2026-03-02,website,paid,absent,vegetarian,200.0,2.5,2.0
s11103,priya sharma,male,2026-04-09,21,chennai,management,seminar,2026-02-15,email,refunded,registered,vegetarian,300.0,4.0,3.0
s12857,deepa sharma,other,2026-02-03,24,bengaluru,unknown,career fair,2025-12-24,mobile app,pending,cancelled,no-meal,500.0,1.5,3.0
s10305,arun kumar,male,2026-01-14,22,hyderabad,unknown,seminar,2025-12-15,website,waived,registered,vegetarian,150.0,1.5,3.0
s10961,anitha nair,male,2026-06-30,25,trichy,computer science,workshop,2026-12-06,campus desk,pending,attended,no-meal,200.0,2.5,1.0
s10106,priya sharma,other,2026-08-20,25,trichy,management,hackathon,2026-10-07,campus desk,refunded,attended,no-meal,250.0,4.0,3.0
s10174,lakshmi rao,male,2026-05-11,18,madurai,arts,sports meet,2026-04-16,email,waived,attended,non-vegetarian,200.0,2.5,5.0
s12337,deepa sharma,female,2026-11-01,27,mysuru,electronics,career fair,2025-12-28,email,pending,registered,no-meal,300.0,4.0,3.0
s10076,ajay nair,female,2026-02-02,27,trichy,commerce,cultural fest,2026-01-14,mobile app,paid,absent,no-meal,750.0,3.0,3.0
s12032,pooja das,other,2026-05-08,27,chennai,commerce,career fair,2026-02-05,walk-in,refunded,absent,vegetarian,100.0,1.5,5.0
s10066,rahul menon,male,2026-07-25,20,unknown,management,career fair,2026-06-18,website,waived,registered,non-vegetarian,100.0,6.0,5.0
s12270,ajay nair,female,2026-05-05,27,trichy,management,cultural fest,2026-04-15,email,refunded,absent,vegetarian,200.0,2.5,3.0
s11115,arun kumar,other,2026-04-24,17,trichy,civil engineering,seminar,2026-04-18,website,paid,absent,non-vegetarian,300.0,1.5,4.0
s10373,swetha menon,male,2026-08-13,25,kochi,arts,workshop,2026-06-25,mobile app,paid,attended,vegan,200.0,2.5,3.0
s11341,ravi patel,male,2026-01-31,19,hyderabad,electronics,cultural fest,2025-04-12,campus desk,refunded,absent,no-meal,0.0,3.0,4.0
s10045,vikram das,male,2026-02-14,23,madurai,management,hackathon,2026-02-13,mobile app,pending,registered,vegetarian,200.0,2.5,3.0
s12670,anitha nair,other,2026-04-18,21,salem,computer science,career fair,2026-10-03,website,waived,absent,no-meal,100.0,4.0,3.0
s12137,anitha nair,female,2026-07-27,18,trichy,commerce,hackathon,2026-07-06,mobile app,paid,cancelled,no-meal,200.0,4.0,3.0
s10718,vikram das,unknown,2026-02-09,23,trichy,computer science,career fair,2026-07-21,walk-in,pending,absent,vegetarian,500.0,6.0,3.0
s10639,deepa sharma,female,2026-07-29,22,hyderabad,arts,seminar,2026-11-06,mobile app,paid,attended,vegan,750.0,2.5,3.0
s11438,swetha menon,male,2026-02-18,21,bengaluru,commerce,cultural fest,2025-12-22,walk-in,waived,attended,non-vegetarian,250.0,2.0,1.0
s11233,priya sharma,female,2026-08-05,27,madurai,electronics,hackathon,2026-04-20,walk-in,pending,attended,no-meal,300.0,2.5,3.0
s10189,meena patel,male,2026-02-18,22,trichy,civil engineering,cultural fest,2026-01-26,email,paid,cancelled,no-meal,200.0,2.5,3.0
s10364,harini iyer,other,2026-05-23,17,trichy,arts,workshop,2026-08-05,email,refunded,cancelled,vegetarian,500.0,4.0,4.0
s12431,rahul menon,male,2026-04-01,26,trichy,civil engineering,hackathon,2026-02-24,website,refunded,cancelled,vegan,150.0,1.5,2.0
s11572,meena patel,female,2026-04-04,26,salem,computer science,career fair,2026-08-02,mobile app,pending,cancelled,vegetarian,250.0,6.0,4.0
s11721,deepa sharma,female,2026-04-11,26,chennai,management,cultural fest,2026-01-04,email,paid,registered,no-meal,300.0,1.0,4.0
s10685,lakshmi rao,female,2026-07-13,22,bengaluru,civil engineering,hackathon,2026-05-15,campus desk,paid,attended,vegetarian,200.0,2.5,4.0
s10223,arun kumar,male,2026-07-21,26,trichy,mechanical,sports meet,2026-06-16,walk-in,paid,cancelled,vegan,0.0,3.0,1.0
s10195,rahul menon,other,2026-03-28,19,pune,management,career fair,2026-03-19,campus desk,paid,absent,vegan,500.0,6.0,4.0
s12637,swetha menon,other,2026-06-25,19,chennai,unknown,cultural fest,2026-11-06,website,refunded,registered,no-meal,750.0,2.5,3.0
s12500,rahul menon,male,2026-04-08,21,hyderabad,management,seminar,2026-10-02,website,pending,absent,vegan,500.0,2.5,2.0
s12119,ajay nair,male,2026-07-05,24,kochi,electronics,workshop,2026-09-06,campus desk,pending,cancelled,no-meal,250.0,1.0,5.0
s10667,arun kumar,other,2026-01-16,22,madurai,computer science,workshop,2025-12-26,mobile app,refunded,registered,vegan,200.0,2.0,2.0
s11974,harini iyer,other,2026-07-20,17,chennai,civil engineering,workshop,2026-05-25,campus desk,waived,absent,vegetarian,150.0,3.0,3.0
s12172,keerthi rao,other,2026-02-18,25,coimbatore,arts,cultural fest,2026-02-16,website,paid,cancelled,non-vegetarian,750.0,1.0,2.0
s10124,anitha nair,male,2026-06-30,27,chennai,computer science,career fair,2026-06-22,walk-in,pending,cancelled,vegan,250.0,2.0,5.0
s12412,pooja das,other,2026-07-15,18,salem,civil engineering,career fair,2026-05-17,campus desk,refunded,registered,no-meal,200.0,6.0,3.0
s11058,vijay menon,female,2026-06-25,20,hyderabad,computer science,cultural fest,2026-04-05,website,paid,cancelled,non-vegetarian,500.0,1.5,4.0
s11027,ravi patel,other,2026-08-13,19,chennai,civil engineering,hackathon,2026-02-08,email,refunded,absent,vegan,200.0,2.5,3.0
s12314,deepa sharma,male,2026-06-17,17,madurai,civil engineering,cultural fest,2026-05-18,website,waived,attended,non-vegetarian,200.0,2.5,1.0
s11017,manoj kumar,other,2026-01-18,21,pune,arts,career fair,2025-04-12,email,pending,registered,vegan,200.0,2.5,3.0
s12712,swetha menon,male,2026-08-01,24,coimbatore,civil engineering,sports meet,2025-11-12,campus desk,paid,absent,non-vegetarian,200.0,1.0,3.0
s12727,manoj kumar,other,2026-05-27,22,bengaluru,mechanical,seminar,2026-05-22,mobile app,pending,cancelled,vegetarian,200.0,2.5,5.0
s12956,lakshmi rao,other,2026-03-13,26,unknown,electronics,hackathon,2026-01-29,mobile app,pending,attended,no-meal,200.0,2.5,2.0
s12035,pooja das,other,2026-03-04,25,salem,civil engineering,seminar,2026-02-15,email,waived,registered,vegetarian,200.0,2.5,3.0
s12642,lakshmi rao,male,2026-04-12,27,mysuru,commerce,hackathon,2026-03-19,campus desk,refunded,attended,no-meal,0.0,1.5,1.0
s10954,ravi patel,other,2026-06-05,25,bengaluru,mechanical,hackathon,2026-03-16,walk-in,pending,absent,vegetarian,200.0,2.5,4.0
s10618,meena patel,male,2026-04-03,26,coimbatore,computer science,hackathon,2026-03-03,campus desk,paid,attended,vegan,0.0,1.5,5.0
s10476,lakshmi rao,female,2026-05-23,20,trichy,commerce,cultural fest,2026-12-05,campus desk,pending,registered,vegan,200.0,2.5,4.0
s10000,divya iyer,other,2026-06-05,17,chennai,electronics,career fair,2026-08-05,mobile app,pending,attended,vegetarian,0.0,1.0,2.0
s12452,naveen sharma,other,2026-07-20,17,trichy,commerce,career fair,2026-06-20,email,pending,absent,vegetarian,300.0,1.0,3.0
s11853,ravi patel,male,2026-09-01,22,bengaluru,electronics,cultural fest,2026-03-07,mobile app,refunded,absent,vegan,250.0,6.0,4.0
s11101,harini iyer,other,2026-07-27,21,bengaluru,arts,workshop,2026-07-21,walk-in,pending,absent,no-meal,0.0,4.0,3.0
s11308,divya iyer,other,2026-05-28,18,salem,commerce,seminar,2026-02-04,mobile app,paid,absent,no-meal,0.0,1.5,3.0
s11489,karthik rao,male,2026-11-05,26,trichy,electronics,sports meet,1900-01-01,mobile app,waived,registered,no-meal,150.0,2.0,1.0
s10691,rahul menon,other,2026-08-21,17,pune,arts,seminar,2026-06-22,walk-in,refunded,attended,unknown,500.0,1.0,5.0
s11231,divya iyer,female,2026-01-29,21,trichy,electronics,sports meet,2025-12-24,website,waived,cancelled,vegan,200.0,6.0,4.0
s11075,divya iyer,female,2026-01-16,21,madurai,commerce,seminar,2025-11-18,website,waived,registered,non-vegetarian,300.0,3.0,5.0
s11057,ajay nair,female,2026-01-09,23,hyderabad,civil engineering,seminar,2025-03-12,mobile app,paid,registered,vegetarian,150.0,2.0,5.0
s11646,suresh kumar,other,2026-01-31,23,trichy,computer science,cultural fest,2026-09-01,website,pending,cancelled,no-meal,750.0,6.0,3.0
s10724,suresh kumar,male,2026-04-10,23,chennai,arts,workshop,2026-04-03,email,pending,cancelled,vegan,0.0,2.0,3.0
s11570,priya sharma,other,2026-05-18,17,unknown,computer science,career fair,2026-10-05,unknown,pending,attended,no-meal,250.0,6.0,5.0
s10543,priya sharma,female,2026-07-10,21,pune,civil engineering,seminar,2026-06-14,mobile app,paid,registered,no-meal,150.0,1.0,5.0
s12227,arun kumar,male,2026-07-26,23,salem,electronics,hackathon,2026-07-14,walk-in,refunded,registered,no-meal,500.0,3.0,2.0
s12765,karthik rao,other,2026-01-07,19,hyderabad,electronics,workshop,2026-10-05,unknown,refunded,absent,vegan,750.0,2.5,5.0
s11958,swetha menon,female,2026-07-28,18,chennai,mechanical,seminar,2026-04-07,campus desk,waived,cancelled,vegan,0.0,1.5,3.0
s10637,vijay menon,male,2026-02-17,27,hyderabad,computer science,career fair,2026-01-27,mobile app,refunded,absent,non-vegetarian,100.0,1.5,2.0
s11822,swetha menon,male,2026-04-05,18,trichy,management,workshop,2026-04-23,website,waived,cancelled,non-vegetarian,200.0,2.5,4.0
s11345,lakshmi rao,male,2026-02-27,20,salem,commerce,cultural fest,2026-01-01,email,refunded,cancelled,non-vegetarian,200.0,2.5,5.0
s12868,deepa sharma,male,2026-08-02,27,coimbatore,civil engineering,career fair,2026-07-24,email,paid,registered,vegan,300.0,6.0,3.0
s10256,rahul menon,male,2026-05-26,25,chennai,management,sports meet,2026-09-05,campus desk,refunded,registered,vegetarian,200.0,2.5,2.0
s12209,suresh kumar,male,2026-03-03,22,mysuru,computer science,cultural fest,2026-09-02,mobile app,refunded,absent,no-meal,250.0,3.0,3.0
s10247,ajay nair,other,2026-07-21,25,chennai,management,hackathon,2026-06-16,walk-in,paid,attended,non-vegetarian,0.0,4.0,1.0
s12912,keerthi rao,male,2026-04-28,23,coimbatore,civil engineering,workshop,2026-03-26,campus desk,waived,attended,vegetarian,750.0,2.5,3.0
s10864,karthik rao,male,2026-01-11,23,salem,electronics,hackathon,2025-11-29,email,paid,absent,no-meal,100.0,1.0,2.0
s11158,naveen sharma,other,2026-03-14,27,coimbatore,electronics,seminar,2026-01-18,mobile app,refunded,cancelled,vegan,750.0,1.0,1.0
s11711,pooja das,female,2026-04-09,27,kochi,mechanical,career fair,2026-11-02,mobile app,refunded,cancelled,non-vegetarian,300.0,4.0,5.0
s11716,vikram das,other,2026-08-29,26,coimbatore,electronics,workshop,2026-08-22,walk-in,pending,cancelled,vegetarian,750.0,6.0,5.0
s11440,suresh kumar,male,2026-11-07,25,coimbatore,arts,seminar,2026-07-07,website,pending,attended,vegan,200.0,1.0,5.0
s12605,pooja das,male,2026-03-26,25,chennai,management,cultural fest,2026-02-23,email,paid,registered,no-meal,500.0,2.5,2.0
s10001,manoj kumar,female,2026-07-18,19,madurai,management,career fair,2026-05-27,mobile app,refunded,absent,vegetarian,500.0,2.0,3.0
s12523,meena patel,female,2026-09-02,26,madurai,computer science,seminar,2026-07-14,mobile app,waived,cancelled,vegetarian,250.0,1.5,3.0
s11035,karthik rao,female,2026-01-18,19,trichy,arts,workshop,2025-12-13,email,pending,attended,no-meal,200.0,2.5,3.0
s11794,arun kumar,other,2026-01-08,26,kochi,computer science,workshop,2026-06-24,email,paid,attended,vegetarian,150.0,4.0,3.0
s12682,ravi patel,male,2026-03-26,17,madurai,computer science,career fair,2026-02-13,email,waived,cancelled,non-vegetarian,500.0,3.0,3.0
s12304,harini iyer,female,2026-01-25,25,madurai,civil engineering,career fair,2026-01-17,mobile app,pending,absent,no-meal,150.0,1.0,2.0
s10519,keerthi rao,female,2026-12-07,20,trichy,computer science,career fair,2026-06-14,website,paid,absent,non-vegetarian,100.0,1.0,2.0
s11260,ravi patel,female,2026-10-05,17,hyderabad,electronics,workshop,2026-04-26,website,pending,attended,non-vegetarian,200.0,2.5,4.0
s12502,vikram das,other,2026-12-01,18,hyderabad,computer science,workshop,2025-12-18,email,refunded,attended,no-meal,200.0,4.0,1.0
s12561,deepa sharma,male,2026-04-09,23,pune,computer science,workshop,2026-01-03,website,pending,registered,vegetarian,200.0,2.5,4.0
s12455,deepa sharma,other,2026-08-13,25,chennai,electronics,sports meet,2026-07-16,website,refunded,absent,non-vegetarian,100.0,2.5,3.0
s12659,ajay nair,other,2026-04-30,19,pune,electronics,sports meet,2026-06-03,website,pending,registered,no-meal,100.0,1.0,3.0
s10039,manoj kumar,male,2026-06-30,27,chennai,mechanical,sports meet,2026-05-30,mobile app,refunded,cancelled,non-vegetarian,750.0,2.5,1.0
s10397,deepa sharma,male,2026-08-09,19,mysuru,commerce,sports meet,2026-07-23,email,paid,absent,unknown,0.0,1.5,3.0
s10013,suresh kumar,female,2026-01-28,20,mysuru,civil engineering,seminar,2025-11-29,email,paid,attended,vegetarian,200.0,2.5,3.0
s11903,divya iyer,female,2026-05-02,19,pune,mechanical,seminar,2026-04-30,walk-in,pending,absent,no-meal,750.0,2.5,3.0
s12176,deepa sharma,male,2026-04-15,26,bengaluru,electronics,hackathon,2026-03-19,walk-in,refunded,registered,non-vegetarian,200.0,2.5,4.0
s12358,divya iyer,other,2026-11-06,24,salem,mechanical,seminar,2026-07-06,email,pending,attended,vegetarian,250.0,2.0,3.0
s10183,lakshmi rao,female,2026-07-06,18,bengaluru,arts,seminar,2026-06-18,email,refunded,attended,unknown,0.0,1.5,3.0
s12740,arun kumar,other,2026-01-28,19,madurai,civil engineering,sports meet,2025-12-18,walk-in,pending,cancelled,vegan,200.0,2.5,3.0
s11214,meena patel,female,2026-02-15,21,bengaluru,mechanical,seminar,2026-06-01,walk-in,paid,attended,vegan,200.0,6.0,3.0
s10146,rahul menon,male,2026-04-12,27,trichy,civil engineering,hackathon,2026-02-25,website,paid,absent,non-vegetarian,150.0,4.0,3.0
s11957,vijay menon,male,2026-06-08,26,madurai,unknown,hackathon,2026-09-05,campus desk,pending,attended,non-vegetarian,750.0,4.0,5.0
s10468,priya sharma,female,2026-01-22,17,hyderabad,mechanical,hackathon,2025-11-27,email,paid,attended,vegan,500.0,2.5,5.0
s12006,pooja das,female,2026-05-27,21,chennai,commerce,hackathon,2026-04-27,website,waived,registered,no-meal,750.0,2.5,4.0
s10323,pooja das,female,2026-01-28,25,coimbatore,electronics,cultural fest,2025-12-12,campus desk,pending,cancelled,no-meal,200.0,2.5,5.0
s10953,vikram das,female,2026-04-25,19,madurai,commerce,cultural fest,2026-03-26,email,paid,absent,vegetarian,0.0,6.0,3.0
s11274,suresh kumar,male,2026-06-08,24,kochi,commerce,workshop,2026-05-08,campus desk,pending,attended,no-meal,250.0,2.0,2.0
s12261,vikram das,other,2026-08-11,17,trichy,arts,sports meet,2026-10-08,walk-in,paid,cancelled,non-vegetarian,750.0,2.0,1.0
s12375,suresh kumar,female,2026-07-31,23,trichy,commerce,career fair,2026-04-07,walk-in,paid,cancelled,non-vegetarian,300.0,2.0,4.0
s10900,lakshmi rao,unknown,2026-12-02,25,kochi,mechanical,seminar,2026-10-02,campus desk,waived,absent,non-vegetarian,300.0,6.0,2.0
s12156,priya sharma,male,2026-02-23,25,salem,electronics,workshop,2026-01-31,website,pending,registered,non-vegetarian,300.0,3.0,2.0
s12822,suresh kumar,other,2026-05-04,22,trichy,management,sports meet,2026-03-28,campus desk,waived,attended,no-meal,200.0,2.5,1.0
s12575,priya sharma,male,2026-04-04,21,pune,arts,hackathon,2026-03-04,email,pending,absent,no-meal,150.0,1.5,3.0
s10365,naveen sharma,other,2026-07-18,21,hyderabad,computer science,cultural fest,2026-05-29,walk-in,waived,attended,no-meal,200.0,1.5,5.0
s11777,priya sharma,other,2026-05-15,25,hyderabad,management,cultural fest,2026-04-14,email,pending,attended,no-meal,300.0,1.0,5.0
s12932,priya sharma,male,2026-03-20,26,bengaluru,electronics,seminar,2026-10-02,email,refunded,cancelled,vegetarian,300.0,6.0,3.0
s12497,karthik rao,female,2026-04-21,23,coimbatore,civil engineering,sports meet,2026-03-31,email,paid,attended,no-meal,0.0,1.5,3.0
s12762,suresh kumar,male,2026-03-14,20,trichy,commerce,cultural fest,2026-01-21,walk-in,pending,cancelled,vegan,250.0,3.0,3.0
s10159,ajay nair,male,2026-04-05,24,salem,electronics,career fair,2026-09-02,campus desk,refunded,attended,vegan,150.0,6.0,3.0
s10119,anitha nair,male,2026-03-30,24,chennai,unknown,career fair,2026-12-02,mobile app,paid,attended,no-meal,100.0,4.0,3.0
s11329,arun kumar,female,2026-02-09,21,madurai,commerce,workshop,2026-08-30,email,paid,absent,vegetarian,200.0,1.5,2.0
s11240,suresh kumar,female,2026-04-06,19,mysuru,electronics,cultural fest,2026-02-15,email,pending,absent,non-vegetarian,250.0,2.5,5.0
s10010,swetha menon,other,2026-01-10,25,mysuru,commerce,sports meet,2025-03-12,mobile app,pending,attended,vegan,200.0,3.0,2.0
s10168,rahul menon,male,2026-08-05,22,salem,mechanical,cultural fest,2026-07-17,mobile app,refunded,absent,vegan,200.0,2.5,4.0
s12161,vijay menon,male,2026-05-04,24,kochi,computer science,workshop,2026-02-05,website,pending,registered,vegan,150.0,2.5,3.0
s12398,lakshmi rao,male,2026-02-22,19,bengaluru,electronics,cultural fest,2026-02-01,website,refunded,registered,vegan,150.0,6.0,3.0
s10286,divya iyer,male,2026-07-12,24,hyderabad,mechanical,sports meet,2026-06-23,email,waived,registered,non-vegetarian,150.0,1.5,5.0
s11271,vijay menon,other,2026-04-19,26,pune,commerce,seminar,2026-03-15,mobile app,paid,absent,non-vegetarian,0.0,1.0,3.0
s12522,naveen sharma,other,2026-05-19,21,madurai,civil engineering,hackathon,2026-03-26,mobile app,waived,cancelled,vegan,100.0,1.5,2.0
s12807,ravi patel,female,2026-03-09,27,trichy,computer science,seminar,2026-02-13,walk-in,paid,cancelled,vegetarian,150.0,4.0,3.0
s10625,ajay nair,female,2026-05-06,20,chennai,commerce,hackathon,2026-11-05,website,refunded,registered,vegan,0.0,2.0,1.0
s10330,vikram das,other,2026-03-12,26,trichy,computer science,workshop,2026-06-02,email,waived,cancelled,vegan,300.0,1.5,3.0
s11070,divya iyer,female,2026-03-18,25,pune,computer science,cultural fest,2026-02-02,campus desk,pending,registered,no-meal,200.0,2.0,4.0
s11404,priya sharma,other,2026-06-07,24,hyderabad,civil engineering,cultural fest,2026-10-04,mobile app,paid,absent,non-vegetarian,0.0,2.5,4.0
s11477,priya sharma,male,2026-01-26,20,salem,arts,hackathon,2026-06-01,website,paid,absent,non-vegetarian,100.0,2.0,1.0
s11767,deepa sharma,female,2026-03-27,20,madurai,mechanical,sports meet,2026-01-31,mobile app,refunded,attended,vegan,150.0,6.0,3.0
s11094,naveen sharma,male,2026-03-30,20,madurai,commerce,workshop,2026-03-02,walk-in,pending,absent,non-vegetarian,250.0,1.0,1.0
s11618,manoj kumar,other,2026-05-01,21,trichy,arts,cultural fest,2026-03-01,website,pending,cancelled,non-vegetarian,200.0,2.5,3.0
s10110,priya sharma,female,2026-02-08,21,chennai,commerce,hackathon,2025-12-13,walk-in,paid,attended,no-meal,300.0,6.0,4.0
s10807,pooja das,female,2026-05-28,17,trichy,commerce,cultural fest,2026-04-16,website,pending,attended,no-meal,300.0,2.5,2.0
s12344,karthik rao,male,2026-07-24,27,salem,mechanical,workshop,2026-05-28,email,waived,attended,vegan,750.0,2.0,3.0
s12242,arun kumar,male,2026-06-18,17,coimbatore,computer science,seminar,2026-04-24,website,refunded,absent,non-vegetarian,250.0,4.0,3.0
s10822,harini iyer,other,2026-02-03,24,chennai,civil engineering,career fair,2026-01-23,mobile app,pending,attended,vegetarian,100.0,1.5,5.0
s11883,naveen sharma,female,2026-04-29,23,salem,civil engineering,workshop,2026-04-03,walk-in,pending,registered,no-meal,200.0,2.5,5.0
s10086,keerthi rao,other,2026-02-23,19,pune,electronics,workshop,2026-08-02,mobile app,pending,absent,no-meal,150.0,1.0,3.0
s10269,karthik rao,male,2026-07-25,25,bengaluru,mechanical,career fair,2026-03-07,mobile app,paid,registered,no-meal,200.0,2.5,3.0
s12533,divya iyer,female,2026-04-25,21,kochi,civil engineering,seminar,2026-03-20,email,waived,registered,vegan,750.0,1.5,2.0
s10067,naveen sharma,female,2026-02-02,17,coimbatore,computer science,sports meet,2025-12-21,mobile app,pending,absent,non-vegetarian,200.0,2.5,3.0
s12676,swetha menon,other,2026-08-05,21,madurai,management,seminar,2026-08-06,website,pending,absent,vegetarian,200.0,2.5,3.0
s10310,ajay nair,other,2026-03-14,23,kochi,arts,career fair,2026-01-23,campus desk,pending,registered,vegetarian,300.0,4.0,5.0
s11861,priya sharma,other,2026-07-15,19,chennai,mechanical,sports meet,2026-06-27,campus desk,pending,cancelled,no-meal,750.0,6.0,1.0
s12977,swetha menon,other,2026-06-30,21,trichy,computer science,seminar,2026-06-21,campus desk,waived,cancelled,no-meal,0.0,2.0,3.0
s10120,ajay nair,female,2026-06-20,20,mysuru,mechanical,career fair,2026-05-14,walk-in,waived,attended,vegetarian,0.0,1.5,4.0
s12514,harini iyer,other,2026-04-24,18,kochi,computer science,sports meet,2026-03-14,mobile app,pending,cancelled,vegetarian,100.0,3.0,3.0
s12195,lakshmi rao,other,2026-04-21,26,hyderabad,mechanical,seminar,2026-02-23,email,paid,absent,vegetarian,150.0,3.0,5.0
s10140,swetha menon,other,2026-01-08,25,chennai,management,sports meet,2026-06-01,email,paid,attended,no-meal,250.0,3.0,3.0
s11284,deepa sharma,male,2026-09-01,26,bengaluru,arts,cultural fest,2026-02-08,mobile app,pending,cancelled,non-vegetarian,750.0,4.0,5.0
s12961,anitha nair,male,2026-02-01,22,hyderabad,computer science,seminar,2026-01-13,walk-in,refunded,attended,non-vegetarian,500.0,1.5,3.0
s10180,priya sharma,other,2026-03-28,23,mysuru,commerce,hackathon,2026-12-03,mobile app,paid,cancelled,non-vegetarian,300.0,2.0,3.0
s12938,divya iyer,male,2026-04-24,23,pune,civil engineering,workshop,2026-04-18,campus desk,waived,absent,no-meal,200.0,2.5,3.0
s10664,swetha menon,female,2026-07-09,18,bengaluru,arts,cultural fest,2026-06-07,campus desk,refunded,registered,vegan,0.0,2.5,5.0
s12193,harini iyer,male,2026-04-15,25,pune,management,cultural fest,2026-12-04,unknown,refunded,absent,no-meal,300.0,1.5,1.0
s10132,deepa sharma,other,2026-04-20,21,trichy,civil engineering,career fair,2026-03-31,mobile app,waived,registered,non-vegetarian,0.0,3.0,5.0
s12779,naveen sharma,female,2026-09-02,27,kochi,commerce,career fair,2026-07-29,mobile app,pending,cancelled,vegetarian,750.0,2.0,5.0
s10942,pooja das,male,2026-07-15,17,madurai,arts,workshop,2026-05-22,website,waived,absent,no-meal,200.0,2.5,4.0
s10442,karthik rao,female,2026-08-06,25,bengaluru,commerce,hackathon,2026-07-13,walk-in,pending,cancelled,vegetarian,200.0,2.5,4.0
s11589,manoj kumar,male,2026-03-17,26,hyderabad,commerce,cultural fest,2026-05-03,website,paid,absent,non-vegetarian,200.0,2.5,1.0
s12241,divya iyer,female,2026-01-29,20,kochi,civil engineering,cultural fest,2026-07-01,mobile app,paid,registered,vegan,500.0,6.0,3.0
s12817,meena patel,other,2026-08-12,18,coimbatore,civil engineering,workshop,2026-08-07,website,refunded,attended,vegetarian,200.0,2.5,3.0
s10921,harini iyer,other,2026-08-18,24,chennai,electronics,sports meet,2026-02-08,website,pending,registered,non-vegetarian,200.0,2.5,3.0
s11336,anitha nair,female,2026-02-03,20,pune,computer science,workshop,2025-12-25,walk-in,waived,absent,vegetarian,200.0,2.5,3.0
s11374,harini iyer,male,2026-12-04,21,kochi,electronics,career fair,2026-01-03,website,waived,attended,vegetarian,200.0,2.5,3.0
s11316,ajay nair,male,2026-04-02,21,pune,mechanical,workshop,2026-09-03,campus desk,waived,cancelled,vegetarian,200.0,2.5,1.0
s11426,pooja das,other,2026-03-31,22,chennai,arts,seminar,2026-02-19,website,pending,cancelled,vegetarian,150.0,3.0,3.0
s10955,pooja das,male,2026-07-05,24,madurai,civil engineering,career fair,2026-04-22,email,refunded,absent,non-vegetarian,150.0,1.0,2.0
s12625,priya sharma,male,2026-02-28,21,salem,management,career fair,2026-01-16,website,paid,cancelled,vegetarian,0.0,4.0,2.0
s12201,priya sharma,other,2026-09-01,21,bengaluru,arts,sports meet,2026-07-24,email,pending,cancelled,no-meal,750.0,2.5,3.0
s11835,divya iyer,other,2026-07-02,19,madurai,electronics,workshop,2026-06-21,walk-in,waived,registered,non-vegetarian,0.0,2.0,5.0
s11050,lakshmi rao,male,2026-02-10,17,coimbatore,civil engineering,seminar,2026-10-01,walk-in,paid,registered,vegetarian,200.0,2.5,3.0
s11708,lakshmi rao,male,2026-05-12,22,bengaluru,electronics,sports meet,2026-04-23,campus desk,waived,attended,non-vegetarian,500.0,1.0,1.0
s11033,rahul menon,other,2026-04-03,25,salem,commerce,seminar,2026-01-04,email,pending,registered,no-meal,150.0,6.0,3.0
s11797,ravi patel,male,2026-03-21,25,chennai,management,sports meet,2026-06-02,website,refunded,cancelled,vegetarian,750.0,3.0,2.0
s11416,lakshmi rao,female,2026-07-05,21,bengaluru,mechanical,seminar,2026-10-06,walk-in,refunded,absent,unknown,300.0,1.5,3.0
s11183,naveen sharma,other,2026-04-20,23,trichy,arts,hackathon,2026-08-03,campus desk,refunded,absent,unknown,200.0,2.0,3.0
s10725,ajay nair,other,2026-05-04,19,pune,management,hackathon,2026-03-30,mobile app,waived,absent,non-vegetarian,0.0,2.5,5.0
s11731,arun kumar,female,2026-03-07,23,pune,commerce,workshop,2026-06-02,campus desk,pending,absent,non-vegetarian,250.0,1.0,5.0
s11609,harini iyer,female,2026-05-22,27,salem,management,workshop,2026-04-15,mobile app,refunded,attended,non-vegetarian,200.0,2.5,4.0
s12389,suresh kumar,other,2026-02-02,21,pune,management,sports meet,2026-01-20,website,refunded,absent,non-vegetarian,200.0,2.5,3.0
s12286,suresh kumar,other,2026-07-07,22,chennai,mechanical,cultural fest,2026-06-30,website,refunded,cancelled,vegan,100.0,4.0,3.0
s12516,manoj kumar,female,2026-05-09,19,coimbatore,mechanical,seminar,2026-07-04,website,pending,absent,no-meal,200.0,2.5,2.0
s12567,arun kumar,unknown,2026-06-06,21,hyderabad,management,workshop,2026-04-17,email,paid,attended,non-vegetarian,200.0,6.0,2.0
s12204,swetha menon,male,2026-01-14,23,kochi,civil engineering,seminar,2026-07-01,walk-in,refunded,registered,non-vegetarian,300.0,2.5,3.0
s10232,keerthi rao,male,2026-03-30,17,mysuru,civil engineering,cultural fest,2026-12-03,website,refunded,absent,non-vegetarian,200.0,3.0,4.0
s12662,deepa sharma,male,2026-11-07,21,chennai,electronics,workshop,2026-06-21,campus desk,paid,absent,no-meal,200.0,2.5,3.0
s12222,swetha menon,female,2026-05-09,23,mysuru,management,sports meet,2026-04-13,mobile app,refunded,registered,non-vegetarian,0.0,2.0,1.0
s10053,naveen sharma,female,2026-04-29,24,salem,civil engineering,hackathon,2026-03-25,walk-in,waived,cancelled,unknown,200.0,2.5,3.0
s12205,swetha menon,other,2026-03-28,27,chennai,mechanical,sports meet,2026-12-03,mobile app,pending,absent,non-vegetarian,100.0,2.0,1.0
s12853,anitha nair,male,2026-08-11,24,chennai,commerce,workshop,2026-05-07,website,paid,attended,no-meal,100.0,4.0,2.0
s12330,pooja das,male,2026-06-23,19,mysuru,commerce,sports meet,2026-04-24,campus desk,pending,cancelled,no-meal,500.0,2.0,3.0
s11200,harini iyer,male,2026-03-09,20,kochi,electronics,sports meet,2026-01-27,campus desk,pending,registered,no-meal,750.0,3.0,1.0
s12511,swetha menon,other,2026-06-24,25,trichy,mechanical,cultural fest,2026-05-27,campus desk,refunded,attended,vegetarian,300.0,1.5,3.0
s11428,karthik rao,other,1900-01-01,20,pune,computer science,sports meet,2026-08-06,mobile app,paid,attended,non-vegetarian,300.0,4.0,4.0
s12698,arun kumar,other,2026-08-13,21,chennai,arts,seminar,2026-06-26,walk-in,waived,absent,no-meal,150.0,1.0,1.0
s11042,priya sharma,male,2026-01-08,22,chennai,computer science,seminar,2026-06-25,walk-in,pending,cancelled,vegetarian,300.0,1.0,3.0
s12273,keerthi rao,other,2026-08-27,25,hyderabad,commerce,seminar,2026-08-20,mobile app,refunded,absent,vegan,200.0,2.5,3.0
s10210,karthik rao,female,2026-01-13,17,salem,computer science,sports meet,2025-12-14,mobile app,pending,attended,unknown,300.0,4.0,3.0
s10544,swetha menon,male,2026-07-02,26,kochi,computer science,cultural fest,2026-01-17,walk-in,pending,absent,vegetarian,0.0,6.0,3.0
s10528,harini iyer,female,2026-08-05,21,kochi,arts,career fair,2026-08-07,campus desk,pending,cancelled,non-vegetarian,250.0,3.0,5.0
s12841,priya sharma,other,2026-02-06,21,mysuru,mechanical,sports meet,2026-04-04,mobile app,paid,registered,vegan,100.0,1.5,2.0
s12289,manoj kumar,female,1900-01-01,22,hyderabad,civil engineering,sports meet,2026-02-28,campus desk,waived,absent,vegetarian,100.0,4.0,5.0
s11303,karthik rao,male,2026-01-20,20,bengaluru,management,career fair,2025-06-12,website,paid,registered,non-vegetarian,100.0,3.0,4.0
s10258,deepa sharma,other,2026-07-18,20,trichy,civil engineering,career fair,2026-06-16,email,waived,attended,non-vegetarian,100.0,2.0,3.0
s12963,pooja das,other,2026-08-21,24,mysuru,management,sports meet,2026-07-21,walk-in,waived,registered,non-vegetarian,0.0,4.0,2.0
s10595,lakshmi rao,male,2026-07-09,19,chennai,civil engineering,hackathon,2026-06-16,email,pending,cancelled,no-meal,100.0,2.0,4.0
s11192,karthik rao,male,2026-08-20,18,trichy,commerce,hackathon,2026-01-08,mobile app,paid,cancelled,no-meal,750.0,2.0,3.0
s11204,suresh kumar,other,2026-03-20,21,trichy,commerce,career fair,2026-01-03,mobile app,paid,registered,non-vegetarian,200.0,2.5,3.0
s11892,pooja das,male,2026-08-01,25,chennai,mechanical,hackathon,2026-06-22,mobile app,paid,registered,non-vegetarian,200.0,2.5,2.0
s10730,harini iyer,male,2026-05-10,26,pune,civil engineering,hackathon,2026-03-28,campus desk,refunded,attended,vegan,0.0,1.5,5.0
s12970,karthik rao,other,2026-07-13,20,madurai,civil engineering,cultural fest,2026-05-06,walk-in,waived,absent,no-meal,750.0,1.0,3.0
s10166,suresh kumar,female,2026-07-18,27,coimbatore,civil engineering,career fair,2026-05-25,mobile app,pending,absent,non-vegetarian,500.0,2.5,2.0
s10844,vijay menon,other,2026-07-07,17,bengaluru,management,workshop,2026-01-07,mobile app,paid,registered,vegetarian,500.0,6.0,2.0
s12215,priya sharma,female,2026-02-14,25,mysuru,mechanical,career fair,2026-01-15,email,refunded,registered,vegan,0.0,6.0,5.0
s12198,swetha menon,female,2026-02-08,21,hyderabad,arts,sports meet,2025-12-25,walk-in,refunded,absent,vegan,300.0,1.5,5.0
s10163,pooja das,male,2026-07-22,22,trichy,civil engineering,career fair,2026-06-17,campus desk,paid,attended,vegan,200.0,2.5,3.0
s12952,suresh kumar,female,2026-06-23,18,bengaluru,management,seminar,2026-06-14,website,paid,attended,non-vegetarian,300.0,1.5,3.0
s10515,vikram das,other,2026-03-02,18,bengaluru,commerce,workshop,2026-04-01,website,waived,registered,vegetarian,150.0,4.0,2.0
s11403,karthik rao,other,2026-04-02,23,kochi,computer science,cultural fest,2026-03-22,walk-in,waived,absent,vegetarian,200.0,1.5,1.0
s11768,naveen sharma,male,2026-03-05,22,mysuru,mechanical,seminar,2026-02-15,mobile app,pending,attended,no-meal,200.0,4.0,2.0
s12152,naveen sharma,male,2026-03-12,27,bengaluru,management,career fair,2026-05-03,mobile app,paid,attended,vegan,100.0,1.0,5.0
s11056,rahul menon,other,2026-05-03,20,madurai,computer science,sports meet,2026-03-18,email,paid,registered,vegetarian,300.0,1.0,1.0
s12162,lakshmi rao,male,2026-01-20,20,madurai,management,workshop,2025-09-12,website,pending,registered,vegan,200.0,2.5,3.0
s11292,priya sharma,female,2026-01-12,19,bengaluru,arts,seminar,2026-06-01,campus desk,pending,cancelled,vegetarian,200.0,1.5,5.0
s11641,anitha nair,female,2026-11-07,25,hyderabad,commerce,seminar,2026-08-07,website,refunded,cancelled,vegan,500.0,6.0,3.0
s12038,priya sharma,other,2026-06-12,17,mysuru,electronics,career fair,2026-03-05,website,waived,registered,no-meal,100.0,4.0,3.0
s11401,vijay menon,other,2026-01-19,20,madurai,management,seminar,2025-11-20,walk-in,refunded,registered,non-vegetarian,750.0,2.0,3.0
s12767,naveen sharma,female,2026-07-11,21,mysuru,commerce,cultural fest,2026-06-14,email,pending,absent,vegetarian,100.0,1.0,2.0
s11724,vijay menon,male,2026-03-04,19,chennai,civil engineering,cultural fest,2026-12-02,campus desk,paid,cancelled,vegetarian,300.0,6.0,1.0
s10388,priya sharma,female,2026-02-18,27,unknown,electronics,hackathon,2025-12-26,mobile app,pending,absent,non-vegetarian,150.0,1.5,3.0
s12545,karthik rao,male,2026-06-01,21,hyderabad,management,career fair,2026-05-26,email,pending,cancelled,vegan,250.0,3.0,5.0
s10164,lakshmi rao,other,2026-02-27,26,chennai,electronics,cultural fest,2026-06-01,website,refunded,attended,non-vegetarian,300.0,6.0,5.0
s12481,deepa sharma,other,2026-08-13,26,mysuru,computer science,sports meet,2026-07-23,email,pending,absent,vegetarian,100.0,1.0,4.0
s10772,keerthi rao,unknown,2026-07-26,24,chennai,electronics,sports meet,2026-06-21,campus desk,refunded,attended,vegan,250.0,3.0,3.0
s10007,keerthi rao,male,2026-03-21,19,hyderabad,civil engineering,sports meet,2026-02-21,website,waived,absent,vegetarian,750.0,1.0,3.0
s10598,karthik rao,female,2026-05-12,24,trichy,commerce,career fair,2026-05-05,website,pending,cancelled,vegetarian,300.0,1.5,3.0
s11048,karthik rao,other,2026-04-04,23,unknown,electronics,sports meet,2026-02-16,mobile app,paid,registered,vegan,100.0,6.0,1.0
s12022,ajay nair,female,2026-06-22,22,chennai,commerce,seminar,2026-05-25,mobile app,refunded,absent,no-meal,500.0,6.0,3.0
s12309,manoj kumar,female,2026-03-18,26,chennai,civil engineering,cultural fest,2026-01-22,mobile app,refunded,absent,non-vegetarian,250.0,6.0,5.0
s12758,pooja das,male,2026-06-27,17,salem,arts,seminar,2026-04-30,mobile app,waived,cancelled,vegetarian,300.0,3.0,4.0
s11304,priya sharma,other,2026-07-15,26,chennai,electronics,seminar,2026-08-07,website,pending,attended,no-meal,750.0,6.0,5.0
s12020,lakshmi rao,other,2026-01-06,26,trichy,civil engineering,workshop,2025-11-14,email,pending,registered,no-meal,500.0,3.0,3.0
s10635,keerthi rao,other,2026-03-02,17,trichy,arts,cultural fest,2026-02-22,website,paid,registered,vegetarian,200.0,2.5,3.0
s10695,ravi patel,female,2026-07-22,24,bengaluru,commerce,seminar,2026-05-26,website,waived,cancelled,non-vegetarian,200.0,2.5,4.0
s10721,pooja das,male,2026-12-04,21,bengaluru,mechanical,career fair,2026-02-25,mobile app,pending,absent,vegetarian,150.0,2.0,2.0
s12650,harini iyer,female,2026-01-05,18,chennai,management,workshop,2025-11-16,website,waived,registered,vegan,0.0,1.5,4.0
s10989,swetha menon,female,2026-01-23,20,kochi,arts,cultural fest,2026-02-01,website,refunded,registered,unknown,200.0,2.5,3.0
s11095,pooja das,other,2026-11-03,27,mysuru,electronics,sports meet,2026-02-22,email,waived,registered,vegan,300.0,2.0,3.0
s10919,vikram das,female,2026-05-04,19,chennai,mechanical,workshop,2026-06-03,walk-in,refunded,attended,non-vegetarian,750.0,1.0,1.0
s12211,suresh kumar,other,2026-05-14,21,madurai,mechanical,career fair,2026-02-05,email,pending,absent,vegan,750.0,2.5,2.0
s12044,keerthi rao,other,2026-02-21,22,coimbatore,electronics,cultural fest,2025-12-27,campus desk,waived,attended,vegan,200.0,2.5,4.0
s12694,deepa sharma,other,2026-07-31,22,hyderabad,computer science,cultural fest,2026-06-14,mobile app,paid,absent,vegetarian,100.0,1.5,3.0
s11281,anitha nair,male,2026-02-04,26,hyderabad,electronics,sports meet,2026-01-20,walk-in,refunded,attended,non-vegetarian,200.0,2.5,3.0
s12252,pooja das,male,2026-06-16,27,mysuru,mechanical,career fair,2026-09-05,mobile app,pending,attended,vegan,150.0,3.0,3.0
s10671,ajay nair,female,2026-02-21,23,chennai,commerce,cultural fest,2026-09-01,website,pending,registered,no-meal,200.0,2.5,3.0
s10596,deepa sharma,other,2026-01-25,27,kochi,arts,cultural fest,2025-11-29,walk-in,pending,registered,no-meal,200.0,2.5,3.0
s12213,lakshmi rao,other,2026-08-06,23,coimbatore,civil engineering,workshop,2026-07-06,unknown,pending,registered,vegetarian,300.0,3.0,3.0
s12745,harini iyer,other,2026-07-03,18,chennai,mechanical,career fair,2026-05-26,walk-in,waived,cancelled,no-meal,100.0,2.0,2.0
s10299,vijay menon,male,2026-07-20,19,pune,mechanical,sports meet,2026-06-14,website,refunded,registered,no-meal,250.0,2.0,4.0
s10273,vijay menon,other,2026-05-28,25,madurai,commerce,cultural fest,2026-05-23,walk-in,pending,cancelled,vegetarian,250.0,2.0,1.0
s12525,pooja das,other,2026-07-06,25,unknown,computer science,hackathon,2026-05-28,website,refunded,absent,vegan,200.0,2.5,1.0
s11681,ravi patel,other,2026-06-14,22,kochi,electronics,career fair,2026-04-21,website,paid,cancelled,vegan,500.0,6.0,2.0
s10107,lakshmi rao,male,2026-05-03,22,mysuru,management,workshop,2026-04-19,mobile app,refunded,cancelled,no-meal,150.0,2.0,3.0
s12384,meena patel,male,2026-03-07,17,salem,commerce,career fair,2026-01-02,email,paid,absent,vegetarian,200.0,2.5,3.0
s12073,karthik rao,male,2026-02-02,24,bengaluru,arts,cultural fest,2026-01-14,walk-in,waived,registered,no-meal,200.0,6.0,2.0
s12802,ravi patel,male,2026-02-11,21,salem,management,workshop,2026-01-23,email,pending,absent,no-meal,100.0,4.0,4.0
s10238,harini iyer,other,2026-04-02,24,trichy,electronics,sports meet,2026-03-14,email,pending,absent,no-meal,200.0,2.5,4.0
s10235,swetha menon,other,2026-05-25,22,mysuru,computer science,workshop,2026-04-21,website,waived,absent,vegan,100.0,1.0,2.0
s10103,keerthi rao,male,2026-05-04,25,kochi,civil engineering,cultural fest,2026-03-21,mobile app,waived,attended,no-meal,300.0,1.5,5.0
s10274,pooja das,female,2026-05-08,21,kochi,commerce,sports meet,2026-04-30,walk-in,refunded,cancelled,vegetarian,100.0,2.5,2.0
s12027,rahul menon,female,2026-03-26,17,pune,management,workshop,2026-03-19,mobile app,pending,absent,vegetarian,150.0,2.5,3.0
s12713,manoj kumar,female,2026-06-05,18,salem,computer science,hackathon,2026-05-26,email,refunded,cancelled,no-meal,100.0,4.0,1.0
s12974,pooja das,female,2026-06-18,27,salem,electronics,career fair,2026-08-05,mobile app,refunded,registered,non-vegetarian,100.0,4.0,5.0
s11519,lakshmi rao,female,2026-04-14,23,pune,arts,seminar,2026-03-23,website,refunded,attended,unknown,750.0,1.5,2.0
s10430,lakshmi rao,other,2026-10-01,25,madurai,commerce,workshop,2026-08-01,mobile app,refunded,cancelled,non-vegetarian,200.0,1.0,4.0
s12059,meena patel,other,2026-12-02,23,hyderabad,management,seminar,2025-12-27,email,waived,cancelled,vegan,250.0,2.0,1.0
s10763,arun kumar,male,2026-06-26,18,unknown,commerce,sports meet,2026-06-06,mobile app,pending,attended,no-meal,750.0,2.0,5.0
s12165,arun kumar,female,2026-01-31,23,coimbatore,arts,seminar,2026-01-01,email,pending,cancelled,no-meal,250.0,4.0,1.0
s12782,rahul menon,female,2026-07-17,23,salem,arts,career fair,2026-04-07,website,paid,registered,vegetarian,750.0,1.5,5.0
s12941,vijay menon,female,2026-03-20,24,kochi,civil engineering,sports meet,2026-03-15,campus desk,paid,registered,no-meal,200.0,2.5,5.0
s11995,karthik rao,other,2026-06-13,27,bengaluru,commerce,workshop,2026-07-05,mobile app,paid,registered,no-meal,100.0,3.0,1.0
s10156,vikram das,male,2026-01-22,17,salem,electronics,cultural fest,2026-02-01,website,refunded,absent,vegan,100.0,1.0,3.0
s11874,karthik rao,male,2026-04-18,18,kochi,management,career fair,2026-03-30,mobile app,paid,absent,vegetarian,300.0,6.0,2.0
s12080,divya iyer,other,2026-05-07,25,trichy,mechanical,workshop,2026-06-15,walk-in,paid,attended,vegan,0.0,6.0,3.0
s12871,arun kumar,other,2026-03-02,17,kochi,electronics,hackathon,2026-10-02,mobile app,refunded,attended,vegan,200.0,2.5,1.0
s12592,naveen sharma,male,2026-05-05,26,kochi,management,workshop,2026-11-04,website,refunded,absent,non-vegetarian,0.0,2.0,3.0
s12688,priya sharma,female,2026-04-29,17,coimbatore,mechanical,career fair,2026-09-03,mobile app,paid,cancelled,vegetarian,250.0,1.5,2.0
s10765,meena patel,female,2026-03-04,21,trichy,mechanical,career fair,2026-03-01,campus desk,refunded,cancelled,vegan,200.0,2.5,3.0
s10847,vikram das,male,2026-07-17,18,kochi,civil engineering,hackathon,2026-06-07,mobile app,paid,absent,vegan,0.0,1.0,4.0
s10649,priya sharma,male,2026-06-30,17,bengaluru,electronics,workshop,2026-08-06,walk-in,paid,cancelled,no-meal,100.0,4.0,5.0
s11594,swetha menon,female,2026-03-28,18,hyderabad,computer science,hackathon,2026-03-21,email,paid,attended,unknown,750.0,4.0,3.0
s12847,manoj kumar,female,2026-06-21,19,pune,commerce,seminar,2026-05-21,mobile app,pending,absent,vegan,200.0,2.5,1.0
s11266,harini iyer,female,2026-08-13,20,coimbatore,electronics,hackathon,2026-06-18,website,waived,attended,non-vegetarian,100.0,3.0,1.0
s12889,priya sharma,other,2026-01-05,20,salem,arts,cultural fest,2025-11-22,website,paid,attended,vegan,0.0,4.0,3.0
s11693,karthik rao,other,2026-04-20,17,salem,civil engineering,hackathon,2026-03-15,walk-in,pending,cancelled,no-meal,250.0,2.5,1.0
s10837,divya iyer,male,2026-05-07,17,coimbatore,computer science,cultural fest,2026-04-26,mobile app,refunded,cancelled,no-meal,300.0,2.5,5.0
s10014,meena patel,unknown,2026-02-13,21,kochi,commerce,workshop,2026-01-31,email,waived,cancelled,no-meal,200.0,2.5,5.0
s12837,vijay menon,other,2026-10-03,20,coimbatore,computer science,cultural fest,2026-01-30,mobile app,refunded,absent,no-meal,250.0,6.0,3.0
s10462,keerthi rao,other,2026-07-09,25,pune,mechanical,career fair,2026-11-06,unknown,waived,registered,vegan,100.0,4.0,1.0
s11987,ravi patel,male,2026-07-16,26,coimbatore,civil engineering,hackathon,2026-06-21,campus desk,waived,cancelled,no-meal,100.0,3.0,3.0
s10294,keerthi rao,male,2026-03-10,27,madurai,commerce,cultural fest,2026-07-02,walk-in,pending,attended,vegetarian,250.0,1.5,3.0
s12971,swetha menon,male,1900-01-01,24,chennai,management,sports meet,2026-06-28,walk-in,refunded,attended,vegetarian,250.0,4.0,3.0
s11055,meena patel,male,2026-02-01,26,kochi,computer science,sports meet,2026-01-22,campus desk,paid,absent,no-meal,0.0,6.0,3.0
s10019,keerthi rao,male,2026-01-05,19,mysuru,civil engineering,hackathon,2025-12-14,website,refunded,absent,vegetarian,250.0,1.5,4.0
s11548,manoj kumar,male,2026-06-13,18,pune,electronics,cultural fest,2026-05-20,website,pending,registered,vegan,200.0,2.0,1.0
s12479,naveen sharma,female,2026-01-31,22,madurai,computer science,hackathon,2025-12-20,campus desk,pending,registered,non-vegetarian,200.0,2.5,1.0
s10769,naveen sharma,other,2026-08-18,18,hyderabad,electronics,sports meet,2026-01-07,walk-in,paid,cancelled,non-vegetarian,300.0,6.0,3.0
s11868,karthik rao,male,2026-05-27,22,mysuru,arts,sports meet,2026-04-13,website,pending,absent,non-vegetarian,200.0,2.5,3.0
s12717,naveen sharma,other,2026-03-24,17,kochi,civil engineering,cultural fest,2026-11-03,website,waived,attended,non-vegetarian,750.0,2.5,5.0
s10710,vikram das,other,2026-01-09,25,hyderabad,civil engineering,hackathon,2026-08-15,campus desk,waived,absent,no-meal,200.0,1.0,5.0
s12798,deepa sharma,other,2026-06-22,17,pune,commerce,workshop,2026-05-22,website,pending,registered,non-vegetarian,100.0,2.0,1.0
s11560,karthik rao,other,2026-04-04,27,hyderabad,mechanical,seminar,2026-02-15,walk-in,refunded,registered,vegetarian,750.0,6.0,4.0
s10986,divya iyer,other,2026-04-06,23,salem,mechanical,hackathon,2026-05-26,email,refunded,cancelled,vegetarian,200.0,2.5,2.0
s12036,arun kumar,other,2026-02-22,24,hyderabad,arts,hackathon,2026-02-14,email,pending,attended,vegetarian,200.0,6.0,4.0
s12860,vikram das,male,2026-08-14,20,kochi,arts,seminar,2026-07-15,walk-in,waived,absent,no-meal,150.0,4.0,3.0
s12877,vikram das,female,2026-04-08,25,unknown,civil engineering,workshop,2026-02-20,walk-in,paid,registered,vegetarian,750.0,3.0,3.0
s11553,keerthi rao,female,2026-06-23,19,kochi,computer science,workshop,2026-10-06,email,refunded,absent,non-vegetarian,500.0,1.0,4.0
s11901,priya sharma,male,2026-07-07,20,mysuru,computer science,cultural fest,2026-03-07,mobile app,paid,attended,non-vegetarian,200.0,3.0,5.0
s11492,arun kumar,female,2026-05-05,19,madurai,commerce,workshop,2026-03-21,email,pending,cancelled,vegetarian,0.0,1.0,3.0
s10876,vijay menon,male,2026-01-25,23,pune,management,sports meet,2025-03-12,campus desk,pending,registered,no-meal,100.0,3.0,5.0
s10413,ajay nair,male,2026-11-06,22,salem,arts,seminar,2026-04-28,email,waived,cancelled,no-meal,200.0,2.5,3.0
s10320,swetha menon,male,2026-01-13,17,coimbatore,commerce,cultural fest,2025-12-17,mobile app,pending,registered,non-vegetarian,250.0,2.5,3.0
s12125,ajay nair,male,2026-07-24,24,pune,management,workshop,2026-01-07,campus desk,waived,cancelled,non-vegetarian,500.0,3.0,3.0
s10190,lakshmi rao,other,2026-02-09,20,mysuru,arts,cultural fest,2026-01-13,website,paid,absent,no-meal,200.0,4.0,3.0
s10688,divya iyer,other,2026-03-03,19,pune,mechanical,hackathon,2026-05-01,walk-in,waived,absent,no-meal,200.0,2.5,3.0
s12140,ajay nair,other,2026-08-17,22,trichy,commerce,career fair,2026-07-16,website,pending,attended,vegan,300.0,3.0,2.0
s11487,deepa sharma,female,2026-12-06,23,unknown,commerce,hackathon,2026-04-14,mobile app,waived,registered,vegetarian,200.0,2.5,1.0
s10095,rahul menon,male,2026-08-31,25,mysuru,electronics,workshop,2026-11-08,website,pending,attended,vegan,500.0,6.0,5.0
s10331,ajay nair,male,2026-05-04,18,coimbatore,mechanical,sports meet,2026-03-24,mobile app,paid,attended,vegetarian,200.0,6.0,3.0
s12037,ravi patel,male,2026-08-20,25,mysuru,arts,career fair,2026-08-17,campus desk,waived,absent,vegan,300.0,4.0,5.0
s11562,keerthi rao,female,2026-02-15,21,madurai,electronics,seminar,2025-12-17,website,paid,absent,non-vegetarian,150.0,4.0,4.0
s10384,naveen sharma,other,2026-04-03,24,pune,arts,hackathon,2026-05-03,walk-in,paid,attended,vegan,100.0,2.5,5.0
s12456,ravi patel,male,2026-09-01,26,pune,commerce,career fair,2026-09-08,email,refunded,cancelled,vegan,300.0,2.5,2.0
s10890,meena patel,female,2026-05-07,18,kochi,management,sports meet,2026-04-04,mobile app,pending,registered,vegetarian,150.0,1.5,3.0
s10446,priya sharma,male,2026-04-02,19,bengaluru,management,cultural fest,2026-02-02,walk-in,refunded,cancelled,vegan,200.0,1.5,1.0
s11151,karthik rao,other,1900-01-01,20,hyderabad,mechanical,cultural fest,2026-02-19,website,waived,registered,non-vegetarian,0.0,6.0,2.0
s11522,meena patel,other,2026-07-20,21,madurai,mechanical,career fair,2026-07-17,mobile app,pending,absent,vegetarian,200.0,2.5,3.0
s12321,priya sharma,male,2026-03-11,24,chennai,arts,workshop,2026-02-13,website,refunded,registered,vegan,200.0,4.0,3.0
s12263,karthik rao,female,2026-02-26,17,hyderabad,electronics,cultural fest,2026-09-01,email,refunded,registered,vegan,200.0,2.5,4.0
s11827,meena patel,male,1900-01-01,22,bengaluru,commerce,workshop,2026-09-06,website,pending,cancelled,non-vegetarian,250.0,3.0,3.0
s10845,harini iyer,male,2026-05-05,27,pune,arts,career fair,2026-04-16,email,pending,cancelled,non-vegetarian,200.0,2.5,2.0
s11740,divya iyer,male,2026-05-23,27,coimbatore,arts,sports meet,2026-03-26,mobile app,pending,attended,no-meal,200.0,2.5,3.0
s10338,naveen sharma,male,2026-02-25,21,mysuru,computer science,workshop,2026-12-02,website,waived,registered,vegan,200.0,2.5,3.0
s11971,arun kumar,female,2026-04-12,17,salem,computer science,sports meet,2026-03-15,walk-in,waived,cancelled,vegan,250.0,3.0,1.0
s10418,deepa sharma,female,2026-06-20,21,pune,computer science,hackathon,2026-04-28,email,pending,absent,vegetarian,250.0,2.5,5.0
s12090,suresh kumar,female,2026-05-29,23,trichy,mechanical,cultural fest,2026-07-05,campus desk,pending,attended,vegetarian,500.0,2.0,4.0
s10008,keerthi rao,male,2026-01-09,22,trichy,mechanical,seminar,2026-01-01,mobile app,paid,absent,no-meal,250.0,1.5,1.0
s10748,arun kumar,female,2026-01-10,26,pune,mechanical,sports meet,2025-11-23,campus desk,refunded,attended,vegan,200.0,2.5,5.0
s12092,lakshmi rao,female,2026-06-04,23,salem,arts,career fair,2026-03-30,walk-in,paid,attended,no-meal,200.0,2.5,3.0
s10322,keerthi rao,unknown,2026-05-17,27,bengaluru,commerce,cultural fest,2026-03-29,mobile app,refunded,attended,no-meal,0.0,1.5,3.0
s11849,pooja das,male,2026-05-15,20,mysuru,computer science,cultural fest,2026-10-04,walk-in,paid,attended,no-meal,500.0,3.0,2.0
s11467,ajay nair,other,2026-06-24,20,mysuru,computer science,hackathon,2026-05-14,campus desk,pending,cancelled,vegan,200.0,6.0,1.0
s10393,swetha menon,unknown,2026-08-16,18,kochi,computer science,hackathon,2026-11-07,walk-in,waived,cancelled,no-meal,200.0,4.0,4.0
s10549,harini iyer,female,2026-02-20,26,chennai,arts,cultural fest,2025-12-26,website,paid,registered,vegetarian,200.0,2.5,5.0
s11470,rahul menon,male,2026-04-06,17,madurai,unknown,career fair,2026-02-25,unknown,pending,cancelled,no-meal,200.0,2.5,4.0
s11914,deepa sharma,female,2026-04-15,20,trichy,arts,workshop,2026-10-03,website,pending,registered,vegan,100.0,2.5,2.0
s11619,rahul menon,male,2026-09-01,23,pune,mechanical,sports meet,2026-08-28,campus desk,paid,registered,no-meal,200.0,2.5,2.0
s11825,pooja das,male,2026-08-13,18,unknown,management,seminar,2026-07-16,mobile app,waived,cancelled,no-meal,100.0,1.5,3.0
s10535,swetha menon,other,2026-06-17,22,mysuru,management,sports meet,2026-04-25,campus desk,refunded,registered,vegetarian,0.0,4.0,3.0
s12855,divya iyer,male,2026-11-02,26,hyderabad,management,workshop,2026-01-25,walk-in,waived,cancelled,non-vegetarian,150.0,1.5,3.0
s12465,harini iyer,male,2026-04-12,18,kochi,unknown,sports meet,2026-04-03,mobile app,paid,registered,vegan,150.0,3.0,1.0
s11590,karthik rao,male,2026-04-22,22,trichy,electronics,hackathon,2026-04-13,website,pending,attended,vegetarian,300.0,1.0,3.0
s12873,harini iyer,female,2026-04-27,27,hyderabad,commerce,sports meet,2026-03-16,email,refunded,attended,no-meal,500.0,2.0,3.0
s10588,karthik rao,other,2026-06-08,25,bengaluru,electronics,workshop,2026-12-06,mobile app,waived,cancelled,non-vegetarian,500.0,1.5,2.0
s12998,manoj kumar,other,2026-01-03,24,chennai,mechanical,seminar,2026-08-01,website,waived,registered,vegetarian,250.0,2.5,2.0
s10663,naveen sharma,other,2026-08-29,27,kochi,mechanical,hackathon,2026-11-07,website,pending,registered,vegan,0.0,1.5,4.0
s11916,arun kumar,female,2026-07-28,26,bengaluru,management,seminar,2026-11-07,mobile app,paid,registered,vegan,300.0,2.5,1.0
s11965,manoj kumar,male,2026-01-28,23,trichy,management,career fair,2025-12-28,email,waived,absent,vegan,0.0,6.0,5.0
s10452,arun kumar,other,2026-05-14,26,coimbatore,management,hackathon,2026-04-29,email,waived,cancelled,non-vegetarian,300.0,3.0,4.0
s10033,karthik rao,male,2026-03-29,23,mysuru,computer science,seminar,2026-07-03,email,waived,registered,no-meal,200.0,2.5,3.0
s11952,meena patel,male,2026-04-01,26,salem,commerce,seminar,2026-11-02,mobile app,refunded,registered,non-vegetarian,200.0,1.0,3.0
s12913,vikram das,female,2026-02-27,23,pune,civil engineering,cultural fest,2026-02-13,website,pending,cancelled,no-meal,100.0,2.0,2.0
s11159,arun kumar,male,2026-04-30,26,salem,civil engineering,cultural fest,2026-04-21,mobile app,pending,absent,no-meal,500.0,2.5,3.0
s10694,lakshmi rao,female,2026-03-21,20,madurai,management,hackathon,2026-03-14,email,refunded,absent,no-meal,200.0,2.5,3.0
s11806,meena patel,other,2026-03-08,17,madurai,computer science,sports meet,2026-08-01,website,pending,registered,vegan,0.0,2.0,5.0
s11007,meena patel,female,2026-04-25,21,trichy,computer science,hackathon,2026-07-04,email,waived,attended,vegetarian,0.0,1.5,4.0
s11904,swetha menon,other,2026-02-04,22,trichy,management,cultural fest,2026-02-24,email,waived,cancelled,no-meal,300.0,2.0,1.0
s11122,arun kumar,male,2026-06-15,21,trichy,arts,workshop,2026-01-05,walk-in,paid,attended,no-meal,0.0,4.0,5.0
s10836,ajay nair,female,2026-02-15,18,pune,mechanical,career fair,2026-01-19,walk-in,paid,registered,non-vegetarian,500.0,1.5,3.0
s11978,vijay menon,other,2026-03-17,22,kochi,mechanical,workshop,2026-08-02,mobile app,pending,attended,non-vegetarian,150.0,1.5,1.0
s12858,ravi patel,other,2026-03-01,18,mysuru,electronics,cultural fest,2026-04-02,campus desk,refunded,absent,vegan,250.0,1.0,5.0
s11967,suresh kumar,female,2026-02-07,26,mysuru,management,seminar,2026-05-01,campus desk,refunded,attended,vegan,0.0,4.0,3.0
s11653,vikram das,other,2026-05-15,26,kochi,electronics,seminar,2026-03-26,walk-in,pending,absent,no-meal,500.0,4.0,3.0
s11102,rahul menon,other,2026-02-23,21,trichy,civil engineering,sports meet,2026-02-02,email,waived,cancelled,non-vegetarian,500.0,6.0,5.0
s10100,naveen sharma,female,2026-03-13,21,hyderabad,computer science,seminar,2026-01-22,mobile app,refunded,cancelled,vegetarian,750.0,1.5,5.0
s10706,meena patel,other,2026-08-19,24,salem,computer science,career fair,2026-07-22,unknown,refunded,attended,vegetarian,150.0,4.0,5.0
s12846,rahul menon,other,2026-06-20,27,hyderabad,management,career fair,2026-07-06,walk-in,paid,cancelled,non-vegetarian,500.0,3.0,3.0
s11147,priya sharma,male,2026-04-07,21,kochi,management,seminar,2026-03-04,mobile app,paid,cancelled,vegan,250.0,6.0,3.0
s11373,vikram das,female,2026-07-31,19,chennai,electronics,hackathon,2026-07-27,walk-in,pending,cancelled,non-vegetarian,100.0,2.5,5.0
s10617,ajay nair,other,2026-05-09,18,pune,commerce,seminar,2026-03-29,email,paid,cancelled,vegetarian,200.0,4.0,3.0
s12586,lakshmi rao,other,2026-06-25,19,mysuru,civil engineering,career fair,2026-06-05,campus desk,paid,attended,unknown,300.0,6.0,4.0
s10267,arun kumar,other,2026-04-07,19,trichy,computer science,sports meet,2026-03-31,email,pending,absent,no-meal,500.0,4.0,0.0
s11915,ajay nair,male,2026-06-30,26,chennai,management,hackathon,2026-05-25,email,paid,attended,non-vegetarian,100.0,3.0,1.0
s11242,keerthi rao,other,2026-09-01,25,unknown,computer science,cultural fest,2026-08-29,mobile app,pending,registered,no-meal,750.0,3.0,5.0
s12331,lakshmi rao,female,2026-04-03,22,trichy,commerce,cultural fest,2026-03-02,walk-in,paid,absent,vegan,150.0,2.0,4.0
s12918,lakshmi rao,female,2026-04-22,22,pune,mechanical,workshop,2026-02-28,walk-in,paid,registered,non-vegetarian,500.0,2.0,2.0
s12766,ajay nair,female,2026-04-26,26,mysuru,civil engineering,career fair,2026-03-03,mobile app,pending,registered,vegan,250.0,1.5,3.0
s11972,pooja das,female,2026-02-19,22,hyderabad,commerce,cultural fest,2026-11-02,website,refunded,attended,non-vegetarian,200.0,2.5,2.0
s10774,meena patel,male,2026-06-13,23,trichy,commerce,hackathon,2026-04-20,website,refunded,absent,vegetarian,0.0,1.0,2.0
s12736,deepa sharma,male,2026-05-06,22,salem,management,hackathon,2026-03-19,email,refunded,registered,non-vegetarian,500.0,6.0,1.0
s10077,arun kumar,other,2026-01-06,23,madurai,mechanical,hackathon,2025-05-12,walk-in,waived,absent,vegetarian,150.0,1.5,4.0
s12757,suresh kumar,male,2026-01-28,26,mysuru,unknown,career fair,1900-01-01,walk-in,paid,absent,vegan,200.0,3.0,3.0
s10917,pooja das,other,2026-03-30,24,mysuru,civil engineering,cultural fest,2026-02-15,campus desk,paid,registered,no-meal,250.0,1.5,2.0
s12284,vikram das,male,2026-06-13,26,pune,management,career fair,2026-05-30,website,paid,registered,no-meal,300.0,2.0,3.0
s10507,naveen sharma,other,2026-04-14,20,kochi,mechanical,cultural fest,2026-02-15,mobile app,refunded,absent,vegetarian,150.0,6.0,2.0
s11062,harini iyer,female,2026-06-29,23,trichy,commerce,sports meet,2026-06-21,website,pending,cancelled,no-meal,500.0,3.0,5.0
s11854,manoj kumar,other,2026-03-29,24,trichy,management,seminar,2026-03-27,mobile app,refunded,attended,no-meal,500.0,1.0,2.0
s11935,pooja das,male,2026-05-03,27,madurai,electronics,hackathon,2026-12-02,campus desk,waived,cancelled,non-vegetarian,200.0,2.5,3.0
s11411,naveen sharma,unknown,2026-07-01,22,hyderabad,management,hackathon,2026-12-06,website,waived,absent,vegan,200.0,3.0,1.0
s12441,keerthi rao,female,2026-02-02,27,trichy,management,career fair,2025-12-12,walk-in,refunded,attended,non-vegetarian,250.0,2.0,3.0
s11193,priya sharma,male,2026-04-23,22,coimbatore,arts,seminar,2026-03-28,website,pending,registered,vegan,150.0,2.5,3.0
s12540,ravi patel,female,2026-03-26,23,chennai,arts,hackathon,2026-02-25,walk-in,refunded,absent,non-vegetarian,200.0,2.5,2.0
s11525,rahul menon,male,2026-03-17,19,pune,arts,career fair,2026-03-15,campus desk,refunded,registered,vegetarian,500.0,2.5,3.0
s10469,harini iyer,male,2026-02-12,22,mysuru,civil engineering,career fair,2025-12-18,mobile app,refunded,absent,no-meal,100.0,6.0,5.0
s12099,deepa sharma,female,2026-08-05,27,hyderabad,management,career fair,2026-03-24,walk-in,paid,absent,vegan,200.0,2.5,4.0
s11894,harini iyer,other,2026-05-08,24,chennai,mechanical,career fair,2026-07-18,website,refunded,cancelled,non-vegetarian,100.0,4.0,1.0
s12617,naveen sharma,male,2026-04-17,19,pune,civil engineering,career fair,2026-03-18,mobile app,waived,absent,no-meal,200.0,2.5,5.0
s10012,ravi patel,female,2026-10-07,18,pune,commerce,cultural fest,2026-06-18,website,paid,attended,no-meal,200.0,2.5,3.0
s12828,ravi patel,female,2026-09-05,24,chennai,electronics,sports meet,2026-04-20,email,pending,cancelled,no-meal,500.0,1.5,1.0
s11555,deepa sharma,female,2026-01-29,24,trichy,mechanical,sports meet,2025-12-30,unknown,refunded,cancelled,non-vegetarian,300.0,3.0,1.0
s11999,arun kumar,other,2026-05-21,25,hyderabad,commerce,cultural fest,2026-12-05,email,refunded,cancelled,vegetarian,750.0,2.0,3.0
s12183,harini iyer,male,2026-02-05,25,mysuru,computer science,seminar,2026-03-20,mobile app,paid,attended,vegan,300.0,6.0,5.0
s10301,vijay menon,male,2026-05-27,23,bengaluru,mechanical,workshop,2026-09-04,website,refunded,attended,vegan,300.0,6.0,1.0
s11631,ajay nair,other,2026-07-04,26,trichy,arts,cultural fest,2026-09-02,campus desk,paid,cancelled,vegan,200.0,2.5,3.0
s12529,swetha menon,male,2026-08-19,20,madurai,computer science,cultural fest,2026-06-25,email,waived,attended,vegan,200.0,4.0,1.0
s12098,lakshmi rao,male,2026-02-06,18,pune,commerce,workshop,2026-05-18,campus desk,pending,registered,non-vegetarian,200.0,2.5,4.0
s12890,harini iyer,female,2026-03-01,26,mysuru,civil engineering,seminar,2026-07-01,website,refunded,registered,non-vegetarian,300.0,1.0,4.0
s10362,pooja das,female,2026-05-23,23,bengaluru,mechanical,cultural fest,2026-03-04,mobile app,refunded,attended,non-vegetarian,200.0,3.0,3.0
s10113,naveen sharma,other,2026-07-05,21,trichy,mechanical,hackathon,2026-05-29,unknown,waived,absent,no-meal,750.0,6.0,1.0
s10749,anitha nair,male,2026-08-21,20,coimbatore,management,cultural fest,2026-08-19,walk-in,pending,absent,vegetarian,200.0,2.5,2.0
s12232,suresh kumar,male,2026-06-08,20,mysuru,arts,cultural fest,2026-04-18,mobile app,pending,cancelled,no-meal,0.0,1.0,2.0
s11625,keerthi rao,female,2026-07-19,27,trichy,arts,career fair,2026-05-07,email,pending,attended,vegetarian,0.0,2.5,1.0
s10208,ajay nair,other,2026-08-12,22,hyderabad,computer science,hackathon,2026-06-28,unknown,waived,absent,no-meal,100.0,6.0,2.0
s12838,keerthi rao,other,2026-03-24,22,kochi,unknown,workshop,2026-05-02,campus desk,refunded,cancelled,unknown,200.0,2.5,3.0
s10877,suresh kumar,female,2026-07-11,22,salem,mechanical,career fair,2026-05-18,walk-in,refunded,attended,vegan,500.0,3.0,4.0
s10508,meena patel,female,2026-01-06,24,trichy,electronics,sports meet,2025-12-27,campus desk,refunded,absent,non-vegetarian,100.0,6.0,4.0
s11126,priya sharma,male,2026-08-31,26,mysuru,civil engineering,workshop,2026-08-08,mobile app,pending,cancelled,vegetarian,300.0,4.0,1.0
s12103,deepa sharma,female,2026-11-02,24,hyderabad,civil engineering,hackathon,2025-12-18,website,paid,attended,vegan,200.0,2.5,5.0
s12498,pooja das,other,2026-01-26,22,mysuru,computer science,hackathon,2025-12-25,campus desk,paid,absent,no-meal,200.0,2.5,2.0
s10282,ajay nair,other,2026-03-04,23,bengaluru,management,cultural fest,2026-01-04,walk-in,waived,absent,vegan,100.0,2.0,5.0
s12833,pooja das,female,2026-05-01,21,trichy,electronics,sports meet,2026-04-30,campus desk,waived,absent,vegan,100.0,4.0,3.0
s12880,divya iyer,female,2026-01-14,18,hyderabad,civil engineering,seminar,2025-12-19,campus desk,pending,absent,vegetarian,500.0,2.0,1.0
s11206,vikram das,female,2026-08-17,22,mysuru,electronics,cultural fest,2026-09-07,email,refunded,registered,non-vegetarian,500.0,1.5,3.0
s10577,priya sharma,female,2026-08-07,23,chennai,mechanical,hackathon,2026-05-21,mobile app,waived,attended,vegetarian,250.0,6.0,5.0
s10141,meena patel,male,2026-03-14,23,bengaluru,unknown,workshop,2026-01-22,mobile app,pending,absent,vegan,200.0,2.5,3.0
s11573,swetha menon,other,2026-01-07,26,madurai,civil engineering,workshop,2025-12-11,website,waived,registered,non-vegetarian,500.0,2.5,3.0
s12583,manoj kumar,female,2026-01-31,27,hyderabad,arts,seminar,2025-12-28,unknown,waived,cancelled,no-meal,500.0,2.5,4.0
s11655,ravi patel,female,2026-05-22,17,coimbatore,commerce,career fair,2026-01-05,email,pending,cancelled,no-meal,750.0,6.0,4.0
s11100,priya sharma,male,2026-07-01,23,bengaluru,mechanical,workshop,2026-05-28,mobile app,paid,attended,vegetarian,750.0,2.5,4.0
s11362,priya sharma,female,2026-05-14,25,hyderabad,civil engineering,cultural fest,2026-03-16,website,waived,registered,no-meal,200.0,2.5,3.0
s11300,vijay menon,other,2026-01-05,27,mysuru,arts,seminar,2025-11-11,campus desk,pending,cancelled,non-vegetarian,500.0,1.5,3.0
s11865,vijay menon,female,2026-01-27,26,hyderabad,electronics,cultural fest,2026-01-17,email,refunded,attended,no-meal,200.0,2.5,5.0
s10651,anitha nair,female,2026-08-30,21,madurai,commerce,workshop,2026-08-22,campus desk,refunded,cancelled,vegetarian,500.0,2.5,2.0
s11545,naveen sharma,male,2026-02-24,27,bengaluru,commerce,career fair,2026-01-28,email,refunded,attended,no-meal,200.0,4.0,2.0
s10458,rahul menon,other,2026-07-25,19,hyderabad,management,hackathon,2026-10-07,walk-in,pending,registered,no-meal,500.0,2.5,4.0
s11815,vikram das,female,2026-06-14,27,bengaluru,electronics,workshop,2026-05-29,campus desk,paid,cancelled,no-meal,500.0,6.0,3.0
s11494,suresh kumar,male,2026-02-26,20,coimbatore,arts,career fair,2025-12-29,email,waived,absent,no-meal,100.0,2.5,2.0
s10204,keerthi rao,male,2026-01-25,17,kochi,management,sports meet,2025-12-30,campus desk,pending,absent,vegan,150.0,1.0,4.0
s10943,deepa sharma,other,2026-03-25,23,coimbatore,commerce,cultural fest,2026-02-18,website,paid,absent,non-vegetarian,250.0,1.0,1.0
s12074,vijay menon,male,2026-04-20,23,coimbatore,electronics,cultural fest,2026-03-28,website,pending,absent,no-meal,0.0,1.5,2.0
s10034,arun kumar,male,2026-02-25,17,salem,electronics,workshop,2026-02-01,website,paid,attended,non-vegetarian,150.0,1.5,2.0
s10092,anitha nair,male,2026-06-15,26,kochi,civil engineering,career fair,2026-05-13,website,paid,cancelled,vegetarian,200.0,4.0,2.0
s10843,swetha menon,female,2026-07-12,22,bengaluru,arts,seminar,2026-05-21,website,paid,attended,vegetarian,200.0,2.5,5.0
s11585,manoj kumar,other,2026-03-30,18,mysuru,electronics,seminar,2026-11-02,walk-in,waived,registered,vegan,250.0,2.5,4.0
s12581,priya sharma,male,2026-02-13,20,kochi,computer science,sports meet,2026-01-01,mobile app,refunded,absent,no-meal,200.0,2.5,4.0
s10243,meena patel,female,2026-05-27,19,coimbatore,arts,career fair,2026-10-05,email,paid,cancelled,vegan,150.0,3.0,3.0
s11091,priya sharma,female,2026-08-15,18,kochi,electronics,hackathon,2026-02-08,walk-in,refunded,absent,non-vegetarian,200.0,2.5,2.0
s11093,vikram das,male,2026-06-21,17,salem,commerce,sports meet,2026-05-17,website,refunded,absent,vegetarian,200.0,2.5,4.0
s11566,lakshmi rao,male,2026-06-16,21,trichy,commerce,cultural fest,2026-05-22,walk-in,refunded,registered,no-meal,200.0,6.0,2.0
s12878,ravi patel,female,2026-03-04,18,mysuru,management,hackathon,2026-02-02,walk-in,paid,absent,non-vegetarian,300.0,2.5,1.0
s12519,rahul menon,other,2026-05-30,27,trichy,arts,career fair,2026-05-21,unknown,waived,attended,vegan,300.0,1.5,1.0
s10932,suresh kumar,other,2026-07-28,22,madurai,mechanical,career fair,2026-06-18,website,paid,cancelled,vegan,300.0,1.0,3.0
s11491,manoj kumar,unknown,2026-01-29,20,coimbatore,arts,hackathon,2026-06-01,campus desk,pending,attended,no-meal,100.0,1.0,4.0
s12010,vikram das,male,2026-08-13,23,pune,civil engineering,sports meet,2026-06-22,campus desk,paid,attended,vegan,300.0,1.0,2.0
s11150,manoj kumar,female,2026-09-07,18,mysuru,management,sports meet,2026-06-19,campus desk,refunded,registered,non-vegetarian,500.0,2.0,3.0
s12266,suresh kumar,other,2026-02-02,19,chennai,commerce,seminar,2025-04-12,campus desk,refunded,registered,non-vegetarian,200.0,2.5,3.0
s11209,pooja das,other,2026-04-25,18,coimbatore,commerce,career fair,2026-03-31,campus desk,waived,registered,vegetarian,300.0,4.0,3.0
s11311,anitha nair,male,2026-07-08,21,trichy,management,hackathon,2026-11-07,website,waived,attended,vegetarian,150.0,2.5,1.0
s10952,ravi patel,female,2026-03-29,23,bengaluru,mechanical,hackathon,2026-02-03,mobile app,pending,attended,unknown,200.0,2.5,2.0
s10131,vijay menon,other,2026-07-17,17,chennai,management,seminar,2026-05-22,email,refunded,registered,non-vegetarian,150.0,3.0,3.0
s10314,priya sharma,female,2026-01-09,27,mysuru,computer science,career fair,2025-12-21,unknown,waived,absent,unknown,500.0,1.5,3.0
s12113,keerthi rao,unknown,2026-07-01,23,unknown,computer science,hackathon,2026-05-16,website,paid,registered,vegan,200.0,3.0,1.0
s11024,pooja das,female,2026-04-08,20,bengaluru,civil engineering,hackathon,2026-02-27,mobile app,paid,registered,non-vegetarian,500.0,2.5,5.0
s12928,naveen sharma,female,2026-11-01,26,mysuru,electronics,sports meet,2025-11-21,mobile app,waived,registered,vegetarian,200.0,2.0,1.0
s12255,naveen sharma,male,2026-04-18,19,kochi,electronics,career fair,2026-07-04,mobile app,paid,cancelled,no-meal,750.0,1.5,3.0
s11397,priya sharma,other,2026-05-24,18,trichy,arts,workshop,2026-06-04,campus desk,paid,absent,vegan,100.0,2.0,4.0
s11409,deepa sharma,female,2026-01-10,21,bengaluru,computer science,seminar,2025-02-12,website,pending,absent,non-vegetarian,300.0,1.5,2.0
s10385,rahul menon,male,2026-02-01,21,madurai,computer science,cultural fest,2026-01-21,unknown,pending,absent,vegetarian,100.0,4.0,2.0
s12888,anitha nair,other,2026-08-04,19,kochi,computer science,cultural fest,2026-06-06,mobile app,paid,attended,no-meal,200.0,2.5,3.0
s10922,ravi patel,female,2026-07-22,17,trichy,electronics,hackathon,2026-01-07,mobile app,pending,cancelled,vegetarian,500.0,2.5,3.0
s11309,swetha menon,male,2026-07-28,19,mysuru,computer science,sports meet,2026-08-06,mobile app,waived,absent,non-vegetarian,200.0,2.5,2.0
s12363,vikram das,female,2026-02-12,27,bengaluru,mechanical,cultural fest,2026-01-26,email,paid,absent,vegan,100.0,1.5,3.0
s11850,lakshmi rao,other,2026-06-28,17,chennai,mechanical,seminar,2026-09-05,campus desk,waived,registered,vegan,150.0,1.5,1.0
s11973,manoj kumar,other,2026-02-05,25,kochi,arts,career fair,2026-01-15,campus desk,paid,attended,vegan,200.0,1.5,2.0
s12040,arun kumar,other,2026-06-28,22,mysuru,management,sports meet,2026-05-29,walk-in,waived,attended,unknown,150.0,1.0,1.0
s10975,ajay nair,male,2026-07-21,27,chennai,mechanical,cultural fest,2026-11-06,email,refunded,absent,vegetarian,150.0,1.5,1.0
s10995,harini iyer,female,2026-04-16,18,trichy,computer science,sports meet,2026-06-03,campus desk,paid,cancelled,non-vegetarian,750.0,6.0,3.0
s12674,swetha menon,male,2026-07-20,19,pune,commerce,sports meet,2026-06-22,campus desk,pending,cancelled,vegetarian,300.0,6.0,5.0
s11279,karthik rao,male,2026-03-12,25,madurai,commerce,cultural fest,2026-10-03,website,waived,absent,no-meal,200.0,2.5,5.0
s12276,rahul menon,female,2026-05-29,23,mysuru,civil engineering,hackathon,2026-04-15,mobile app,refunded,registered,vegan,300.0,1.5,2.0
s11419,ajay nair,male,2026-01-11,22,unknown,electronics,sports meet,2025-03-12,website,paid,registered,non-vegetarian,500.0,2.5,2.0
s10170,rahul menon,male,2026-04-24,18,pune,management,career fair,2026-03-13,website,refunded,absent,non-vegetarian,100.0,1.0,2.0
s11131,harini iyer,female,2026-02-15,22,mysuru,commerce,cultural fest,2026-05-01,walk-in,waived,attended,non-vegetarian,0.0,1.0,4.0
s10775,anitha nair,male,2026-08-21,26,trichy,civil engineering,career fair,2026-06-25,campus desk,refunded,registered,vegan,150.0,1.5,2.0
s12861,suresh kumar,male,2026-02-24,18,kochi,arts,seminar,2026-01-21,mobile app,pending,registered,non-vegetarian,200.0,3.0,3.0
s12196,keerthi rao,male,2026-03-24,23,kochi,electronics,career fair,2026-02-25,website,refunded,cancelled,non-vegetarian,200.0,2.5,1.0
s12980,harini iyer,male,2026-01-17,23,pune,management,seminar,2025-08-12,website,waived,cancelled,no-meal,750.0,1.5,4.0
s12439,ravi patel,other,2026-06-04,24,chennai,commerce,sports meet,2026-03-05,mobile app,paid,absent,vegan,200.0,2.5,4.0
s10082,keerthi rao,other,2026-01-24,18,bengaluru,commerce,hackathon,2025-12-13,website,paid,cancelled,vegan,500.0,2.5,5.0
s12400,divya iyer,other,2026-08-19,25,salem,computer science,career fair,2026-08-16,campus desk,pending,registered,vegan,200.0,2.5,3.0
s10828,anitha nair,other,2026-05-29,18,chennai,computer science,cultural fest,2026-04-24,email,paid,registered,vegetarian,0.0,4.0,3.0
s11764,ajay nair,other,2026-07-13,24,bengaluru,mechanical,hackathon,2026-06-23,mobile app,pending,cancelled,non-vegetarian,200.0,2.5,3.0
s11574,karthik rao,female,2026-05-06,22,bengaluru,arts,sports meet,2026-09-04,walk-in,pending,cancelled,non-vegetarian,200.0,2.5,1.0
s10241,vikram das,other,2026-05-15,21,salem,electronics,workshop,2026-03-25,website,pending,cancelled,non-vegetarian,0.0,2.5,4.0
s11546,rahul menon,other,2026-04-14,21,coimbatore,computer science,seminar,2026-02-20,campus desk,waived,absent,non-vegetarian,200.0,2.5,2.0
s10700,priya sharma,other,2026-01-24,25,hyderabad,computer science,career fair,2026-01-19,unknown,pending,absent,vegetarian,200.0,2.5,1.0
s10432,vikram das,male,2026-06-07,21,hyderabad,management,hackathon,2026-05-24,email,pending,absent,non-vegetarian,200.0,2.5,2.0
s12704,naveen sharma,female,2026-06-15,17,kochi,mechanical,hackathon,2026-09-06,mobile app,waived,registered,no-meal,0.0,3.0,5.0
s12935,vikram das,other,2026-03-08,17,coimbatore,civil engineering,cultural fest,2026-06-18,mobile app,pending,attended,no-meal,250.0,1.5,5.0
s11346,vijay menon,other,2026-01-19,25,chennai,electronics,seminar,2025-11-23,campus desk,waived,cancelled,vegan,300.0,4.0,5.0
s12701,swetha menon,other,2026-03-11,25,kochi,management,sports meet,2026-01-15,mobile app,paid,registered,vegetarian,750.0,1.0,3.0
s11077,arun kumar,female,2026-03-07,26,trichy,commerce,cultural fest,2026-06-16,email,refunded,attended,non-vegetarian,0.0,3.0,5.0
s12174,swetha menon,male,2026-07-27,17,mysuru,computer science,sports meet,2026-06-29,mobile app,pending,attended,vegetarian,250.0,1.0,4.0
s12083,pooja das,unknown,2026-08-28,27,chennai,civil engineering,workshop,2026-06-30,walk-in,pending,registered,non-vegetarian,200.0,2.5,4.0
s10399,naveen sharma,male,2026-02-09,21,hyderabad,management,hackathon,2026-06-01,website,waived,registered,vegetarian,300.0,6.0,4.0
s12301,anitha nair,male,2026-07-31,17,mysuru,management,career fair,2026-06-07,campus desk,waived,absent,non-vegetarian,500.0,6.0,2.0
s10557,karthik rao,female,2026-04-07,19,coimbatore,arts,cultural fest,2026-04-06,website,waived,registered,no-meal,750.0,2.0,4.0
s12695,pooja das,male,2026-01-28,20,madurai,civil engineering,workshop,2025-12-18,walk-in,paid,cancelled,vegan,300.0,3.0,3.0
s12351,arun kumar,male,2026-04-28,21,coimbatore,management,seminar,2026-04-21,walk-in,paid,cancelled,no-meal,300.0,1.5,3.0
s11435,vikram das,female,2026-01-17,25,salem,computer science,seminar,2025-11-24,mobile app,pending,cancelled,vegetarian,0.0,3.0,3.0
s12440,deepa sharma,female,2026-04-14,22,unknown,arts,sports meet,2026-03-17,email,waived,cancelled,non-vegetarian,200.0,3.0,4.0
s10918,suresh kumar,other,2026-04-22,20,kochi,computer science,seminar,2026-03-16,walk-in,paid,registered,non-vegetarian,200.0,2.5,2.0
s10985,ravi patel,other,2026-08-19,18,chennai,management,sports meet,2026-08-15,email,waived,absent,non-vegetarian,200.0,2.5,1.0
s12865,vijay menon,other,2026-02-04,24,bengaluru,civil engineering,career fair,2026-02-25,walk-in,pending,attended,vegan,300.0,3.0,3.0
s11670,vijay menon,female,2026-05-25,17,coimbatore,arts,seminar,2026-03-28,website,pending,cancelled,vegetarian,0.0,1.5,5.0
s10372,karthik rao,male,2026-09-02,26,madurai,management,seminar,2026-08-21,campus desk,refunded,cancelled,non-vegetarian,0.0,3.0,2.0
s11541,deepa sharma,male,2026-07-20,24,kochi,commerce,hackathon,2026-11-07,website,pending,attended,no-meal,500.0,4.0,4.0
s11196,naveen sharma,female,2026-01-25,19,madurai,computer science,career fair,2025-11-28,walk-in,waived,registered,vegetarian,200.0,4.0,5.0
s10861,vijay menon,male,2026-05-12,18,chennai,electronics,career fair,2026-07-05,campus desk,paid,attended,non-vegetarian,150.0,1.5,1.0
s12881,naveen sharma,other,2026-02-21,17,pune,computer science,seminar,2026-11-02,email,pending,cancelled,vegetarian,750.0,1.5,3.0
s11996,karthik rao,male,2026-04-07,24,hyderabad,commerce,seminar,2026-05-03,email,refunded,registered,vegan,750.0,2.0,3.0
s12108,priya sharma,female,2026-01-17,20,unknown,civil engineering,hackathon,2025-11-27,email,paid,attended,no-meal,100.0,1.0,4.0
s10083,naveen sharma,other,2026-06-07,25,trichy,arts,cultural fest,2026-06-30,website,refunded,attended,vegan,150.0,1.0,2.0
s12987,divya iyer,female,2026-02-27,20,bengaluru,civil engineering,workshop,2026-01-24,website,waived,registered,non-vegetarian,300.0,1.5,2.0
s11275,lakshmi rao,other,2026-02-10,19,hyderabad,mechanical,seminar,2026-01-19,mobile app,paid,absent,vegetarian,200.0,3.0,3.0
s10819,vikram das,male,2026-02-26,27,bengaluru,mechanical,cultural fest,2026-01-20,walk-in,paid,registered,no-meal,0.0,1.0,4.0
s12825,rahul menon,female,2026-06-22,26,trichy,electronics,cultural fest,2026-04-24,walk-in,refunded,absent,non-vegetarian,150.0,2.0,3.0
s12120,priya sharma,other,2026-08-06,17,mysuru,electronics,career fair,2026-07-23,walk-in,paid,attended,non-vegetarian,300.0,6.0,1.0
s10259,keerthi rao,other,2026-07-04,27,pune,commerce,cultural fest,2026-05-31,website,paid,absent,vegetarian,250.0,6.0,3.0
s11664,ajay nair,female,2026-06-13,23,kochi,civil engineering,hackathon,2026-09-05,walk-in,waived,cancelled,non-vegetarian,150.0,1.5,1.0
s11166,priya sharma,male,2026-06-19,25,bengaluru,commerce,workshop,2026-04-25,mobile app,refunded,attended,vegan,200.0,3.0,5.0
s12803,manoj kumar,female,2026-03-23,26,mysuru,electronics,career fair,2026-03-14,website,refunded,absent,no-meal,200.0,1.5,4.0
s11369,priya sharma,male,2026-04-19,20,hyderabad,civil engineering,career fair,2026-03-24,website,refunded,cancelled,vegetarian,150.0,6.0,1.0
s11595,anitha nair,male,2026-04-21,20,mysuru,computer science,career fair,2026-03-22,mobile app,refunded,registered,vegetarian,200.0,2.5,3.0
s10705,arun kumar,male,2026-03-28,24,hyderabad,mechanical,career fair,2026-02-26,campus desk,refunded,absent,non-vegetarian,100.0,1.0,4.0
s12555,anitha nair,female,2026-03-13,19,kochi,civil engineering,cultural fest,2026-06-02,mobile app,refunded,cancelled,vegan,250.0,1.5,3.0
s11146,rahul menon,female,2026-04-22,17,trichy,commerce,cultural fest,2026-03-21,mobile app,paid,registered,vegetarian,0.0,2.0,3.0
s12190,rahul menon,other,2026-05-29,17,coimbatore,mechanical,seminar,2026-08-04,campus desk,pending,attended,vegan,0.0,2.5,1.0
s10470,naveen sharma,other,2026-05-31,21,salem,management,workshop,2026-04-20,walk-in,paid,registered,vegetarian,100.0,4.0,5.0
s10383,swetha menon,other,2026-09-02,20,mysuru,computer science,sports meet,2026-01-18,walk-in,pending,attended,non-vegetarian,100.0,4.0,4.0
s12761,vikram das,female,2026-03-23,26,salem,mechanical,workshop,2026-07-02,mobile app,pending,cancelled,non-vegetarian,500.0,2.0,1.0
s12246,manoj kumar,female,2026-07-04,18,coimbatore,computer science,sports meet,2026-03-31,campus desk,pending,registered,vegetarian,150.0,1.0,2.0
s11219,ajay nair,male,2026-01-05,20,kochi,computer science,career fair,2026-04-24,website,refunded,registered,no-meal,500.0,3.0,3.0
s12821,keerthi rao,female,2026-08-26,24,trichy,commerce,workshop,2026-07-21,campus desk,paid,absent,vegan,300.0,1.5,1.0
s12910,keerthi rao,other,2026-07-31,18,kochi,computer science,workshop,2026-10-07,website,pending,registered,vegan,150.0,3.0,5.0
s12065,priya sharma,female,2026-08-04,24,hyderabad,electronics,hackathon,2026-06-13,walk-in,refunded,absent,vegan,200.0,2.5,1.0
s11112,arun kumar,male,2026-01-21,23,trichy,mechanical,seminar,2025-11-12,email,paid,attended,vegetarian,200.0,4.0,3.0
s11746,manoj kumar,other,2026-03-10,19,mysuru,arts,sports meet,2026-01-17,mobile app,refunded,registered,vegetarian,250.0,3.0,3.0
s11325,karthik rao,male,2026-01-20,19,coimbatore,mechanical,cultural fest,2025-05-12,mobile app,refunded,registered,non-vegetarian,150.0,4.0,2.0
s10974,harini iyer,male,2026-04-09,17,trichy,mechanical,workshop,2026-02-25,mobile app,waived,registered,vegan,200.0,2.5,2.0
s11125,ravi patel,female,2026-07-28,27,chennai,electronics,workshop,2026-06-16,walk-in,pending,registered,vegan,250.0,2.5,5.0
s10179,deepa sharma,male,2026-02-14,18,bengaluru,commerce,cultural fest,2026-01-28,website,refunded,registered,vegan,100.0,1.5,5.0
s12911,swetha menon,female,2026-06-20,21,hyderabad,arts,workshop,2026-05-19,mobile app,refunded,attended,vegan,150.0,2.0,1.0
s10237,pooja das,male,2026-08-07,24,mysuru,arts,career fair,2026-06-30,email,paid,attended,no-meal,150.0,4.0,3.0
s12576,deepa sharma,male,2026-08-18,25,hyderabad,management,career fair,2026-11-08,website,refunded,absent,vegan,200.0,2.5,4.0
s12893,rahul menon,female,2026-01-28,18,kochi,unknown,workshop,2025-12-21,unknown,paid,cancelled,no-meal,200.0,2.5,3.0
s12801,harini iyer,male,2026-06-17,20,chennai,civil engineering,career fair,2026-05-14,website,paid,cancelled,vegetarian,250.0,1.5,3.0
s10096,lakshmi rao,female,2026-08-20,24,pune,civil engineering,workshop,2026-07-25,walk-in,paid,absent,no-meal,500.0,2.0,2.0
s12882,naveen sharma,other,2026-07-20,20,coimbatore,computer science,hackathon,2026-05-07,website,refunded,registered,unknown,500.0,1.0,3.0
s11180,harini iyer,male,2026-04-19,22,pune,management,cultural fest,2026-03-04,walk-in,waived,attended,vegetarian,300.0,4.0,2.0
s12654,ravi patel,male,2026-08-15,24,coimbatore,mechanical,sports meet,2026-11-08,campus desk,refunded,attended,vegan,100.0,6.0,1.0
s12348,ravi patel,female,1900-01-01,27,trichy,management,workshop,2026-03-22,email,waived,absent,non-vegetarian,100.0,6.0,4.0
s11942,ajay nair,male,2026-08-31,19,salem,computer science,sports meet,2026-08-24,walk-in,pending,registered,vegan,100.0,6.0,5.0
s10810,vijay menon,female,2026-04-18,27,coimbatore,computer science,seminar,2026-12-03,website,waived,attended,vegetarian,500.0,6.0,4.0
s12368,naveen sharma,other,2026-07-30,27,kochi,management,sports meet,2026-07-23,mobile app,paid,absent,non-vegetarian,750.0,4.0,4.0
s11408,harini iyer,male,2026-06-19,23,kochi,commerce,seminar,2026-09-05,walk-in,paid,registered,vegetarian,250.0,6.0,1.0
s12751,ravi patel,female,2026-07-25,21,pune,civil engineering,cultural fest,2026-07-21,email,paid,absent,vegetarian,100.0,1.5,4.0
s10652,vijay menon,other,2026-05-15,25,bengaluru,mechanical,cultural fest,2026-03-28,mobile app,pending,registered,non-vegetarian,200.0,2.5,4.0
s12677,vikram das,male,2026-08-13,22,mysuru,mechanical,workshop,2026-06-22,campus desk,refunded,attended,vegetarian,200.0,3.0,2.0
s10447,manoj kumar,other,2026-07-01,27,chennai,unknown,workshop,2026-05-06,website,pending,cancelled,no-meal,750.0,2.0,5.0
s12620,ravi patel,female,2026-06-18,17,bengaluru,mechanical,workshop,2026-05-13,email,waived,cancelled,vegan,200.0,2.5,4.0
s12168,anitha nair,male,2026-01-25,22,mysuru,management,seminar,2025-03-12,email,pending,cancelled,non-vegetarian,100.0,1.0,1.0
s10387,ravi patel,female,2026-05-30,21,trichy,management,hackathon,2026-05-21,email,refunded,cancelled,vegan,150.0,6.0,3.0
s10313,vikram das,male,2026-04-11,27,salem,civil engineering,sports meet,2026-04-03,campus desk,refunded,registered,vegetarian,200.0,2.5,2.0
s10720,deepa sharma,other,2026-02-21,26,bengaluru,unknown,sports meet,2026-01-31,website,paid,registered,vegetarian,0.0,6.0,2.0
s10779,keerthi rao,male,2026-07-29,23,pune,electronics,cultural fest,2026-02-07,email,paid,attended,no-meal,100.0,2.0,3.0
s12573,suresh kumar,female,2026-05-08,17,madurai,arts,hackathon,2026-06-30,walk-in,refunded,attended,vegetarian,200.0,2.5,3.0
s12319,anitha nair,male,2026-03-30,18,chennai,arts,hackathon,2026-03-16,campus desk,paid,attended,non-vegetarian,150.0,3.0,2.0
s12634,karthik rao,male,1900-01-01,17,madurai,unknown,hackathon,2026-03-27,walk-in,paid,cancelled,vegetarian,500.0,6.0,2.0
s11148,ravi patel,male,2026-04-03,21,kochi,management,seminar,2026-02-04,campus desk,pending,registered,no-meal,500.0,1.5,4.0
s10030,anitha nair,female,2026-07-01,20,hyderabad,electronics,hackathon,2026-06-21,mobile app,pending,registered,no-meal,100.0,2.5,4.0
s10851,harini iyer,other,2026-02-14,25,mysuru,electronics,seminar,2026-01-25,mobile app,paid,cancelled,no-meal,250.0,1.5,2.0
s10834,harini iyer,male,2026-07-19,24,trichy,mechanical,seminar,2026-05-20,walk-in,refunded,registered,non-vegetarian,300.0,3.0,5.0
s11521,arun kumar,male,2026-03-14,24,unknown,mechanical,hackathon,2026-02-22,email,pending,cancelled,vegan,750.0,6.0,2.0
s11705,pooja das,other,2026-04-10,25,madurai,management,sports meet,2026-03-18,mobile app,pending,registered,vegan,0.0,6.0,5.0
s12133,karthik rao,other,2026-04-29,19,bengaluru,mechanical,sports meet,2026-04-26,website,waived,attended,vegetarian,200.0,2.5,1.0
s12711,naveen sharma,male,2026-03-09,27,bengaluru,mechanical,hackathon,2026-02-25,walk-in,waived,registered,vegetarian,500.0,2.0,3.0
s10405,swetha menon,male,2026-02-28,20,trichy,commerce,seminar,2026-01-26,mobile app,waived,cancelled,no-meal,500.0,1.0,3.0
s10117,anitha nair,female,2026-03-27,22,hyderabad,electronics,sports meet,2026-02-24,walk-in,waived,registered,no-meal,250.0,2.0,1.0
s12950,suresh kumar,other,2026-01-24,17,chennai,computer science,hackathon,2025-12-23,campus desk,paid,registered,no-meal,200.0,2.5,3.0
s11840,divya iyer,male,2026-04-20,24,madurai,arts,cultural fest,2026-10-04,website,waived,cancelled,no-meal,250.0,2.0,3.0
s11161,ajay nair,other,2026-06-23,20,coimbatore,mechanical,career fair,2026-04-29,walk-in,pending,absent,no-meal,100.0,2.5,3.0
s12128,lakshmi rao,female,2026-11-07,17,pune,management,workshop,2026-02-06,email,pending,cancelled,vegan,200.0,2.5,1.0
s12167,naveen sharma,female,2026-07-27,19,trichy,mechanical,hackathon,2026-09-07,email,refunded,cancelled,no-meal,200.0,3.0,2.0
s12671,swetha menon,other,2026-08-03,24,madurai,mechanical,seminar,2026-02-28,walk-in,paid,registered,no-meal,300.0,1.5,3.0
s11884,suresh kumar,male,2026-01-06,26,pune,electronics,sports meet,2025-12-29,walk-in,paid,registered,vegan,150.0,4.0,3.0
s12556,divya iyer,male,2026-03-17,18,kochi,mechanical,hackathon,2026-02-13,email,refunded,cancelled,non-vegetarian,500.0,2.0,3.0
s11632,divya iyer,female,2026-05-15,18,mysuru,management,cultural fest,2026-10-05,walk-in,paid,cancelled,no-meal,200.0,1.5,5.0
s12951,karthik rao,male,2026-03-27,20,madurai,electronics,career fair,2026-06-03,website,waived,absent,non-vegetarian,500.0,1.5,3.0
s11025,naveen sharma,other,2026-01-14,22,chennai,arts,workshop,2025-11-25,mobile app,paid,absent,vegetarian,150.0,2.5,4.0
s10869,rahul menon,male,2026-08-31,21,trichy,computer science,workshop,1900-01-01,campus desk,paid,attended,vegan,750.0,2.5,5.0
s11773,divya iyer,male,2026-04-25,20,pune,commerce,career fair,2026-04-03,walk-in,refunded,attended,no-meal,150.0,3.0,2.0
s10997,swetha menon,other,2026-05-25,19,kochi,computer science,career fair,2026-03-04,campus desk,refunded,absent,vegetarian,500.0,3.0,3.0
s12930,rahul menon,female,2026-05-05,23,mysuru,civil engineering,workshop,2026-03-24,email,paid,absent,no-meal,200.0,2.5,1.0
s11432,meena patel,other,2026-03-22,27,mysuru,management,cultural fest,2026-10-03,mobile app,pending,absent,no-meal,150.0,2.0,4.0
s12472,divya iyer,male,2026-04-13,25,madurai,mechanical,hackathon,2026-07-04,mobile app,waived,absent,vegan,200.0,1.5,3.0
s11640,vijay menon,female,2026-04-23,19,madurai,mechanical,hackathon,2026-10-03,mobile app,waived,attended,no-meal,200.0,2.0,3.0
s12509,lakshmi rao,female,2026-06-17,25,unknown,civil engineering,career fair,2026-05-17,website,paid,cancelled,vegetarian,500.0,3.0,3.0
s12069,priya sharma,female,2026-08-23,23,salem,management,workshop,2026-07-26,mobile app,pending,registered,no-meal,200.0,1.5,4.0
s11123,divya iyer,male,2026-07-30,24,mysuru,commerce,sports meet,2026-11-07,campus desk,paid,registered,unknown,500.0,1.0,2.0
s11798,suresh kumar,female,2026-03-29,24,pune,electronics,cultural fest,2026-02-14,email,pending,registered,no-meal,250.0,6.0,3.0
s11506,vijay menon,male,2026-01-04,22,kochi,mechanical,career fair,2026-03-21,website,refunded,absent,vegan,200.0,2.5,4.0
s12207,arun kumar,other,2026-02-09,21,trichy,management,seminar,2026-01-23,mobile app,paid,absent,vegetarian,200.0,2.5,3.0
s11586,suresh kumar,female,2026-06-15,23,salem,civil engineering,seminar,2026-04-06,campus desk,pending,absent,no-meal,750.0,1.5,4.0
s12039,karthik rao,male,2026-07-06,19,trichy,management,sports meet,1900-01-01,email,pending,registered,vegetarian,200.0,2.5,4.0
s10850,karthik rao,male,2026-04-08,23,kochi,unknown,cultural fest,2026-07-04,walk-in,refunded,registered,no-meal,150.0,1.5,5.0
s11032,meena patel,female,2026-06-09,27,salem,management,workshop,2026-05-30,mobile app,paid,registered,non-vegetarian,0.0,4.0,3.0
s10605,meena patel,other,2026-04-22,24,chennai,commerce,workshop,2026-03-22,walk-in,pending,registered,vegan,150.0,4.0,4.0
s11920,priya sharma,male,2026-08-14,18,chennai,computer science,cultural fest,2026-06-16,campus desk,paid,attended,no-meal,250.0,4.0,1.0
s11468,arun kumar,female,2026-04-11,24,trichy,management,career fair,2026-03-13,mobile app,paid,registered,no-meal,200.0,2.5,4.0
s12071,pooja das,male,2026-05-06,19,hyderabad,civil engineering,sports meet,2026-04-05,walk-in,paid,cancelled,non-vegetarian,300.0,3.0,5.0
s10875,manoj kumar,female,2026-08-29,27,kochi,commerce,hackathon,2026-06-08,campus desk,waived,registered,vegan,750.0,2.5,3.0
s12927,karthik rao,other,2026-04-15,24,hyderabad,commerce,cultural fest,2026-02-20,email,paid,absent,vegetarian,100.0,4.0,3.0
s10881,ravi patel,male,2026-07-18,18,trichy,electronics,sports meet,2026-05-21,website,refunded,attended,no-meal,750.0,2.0,5.0
s10378,meena patel,female,2026-04-20,25,pune,electronics,seminar,2026-02-24,campus desk,pending,registered,vegetarian,750.0,6.0,3.0
s12566,vijay menon,male,2026-07-14,24,kochi,civil engineering,sports meet,2026-06-23,walk-in,pending,absent,unknown,200.0,1.0,3.0
s12606,vikram das,female,2026-08-19,17,mysuru,arts,seminar,2026-06-25,campus desk,pending,registered,non-vegetarian,750.0,1.0,1.0
s12463,lakshmi rao,other,2026-07-10,21,coimbatore,electronics,hackathon,2026-07-07,email,pending,attended,vegetarian,200.0,2.5,3.0
s11549,lakshmi rao,female,2026-05-19,25,kochi,commerce,workshop,2026-02-04,campus desk,paid,attended,non-vegetarian,0.0,2.0,3.0
s11663,swetha menon,male,2026-03-16,19,coimbatore,commerce,hackathon,2026-01-29,campus desk,waived,attended,vegetarian,200.0,4.0,2.0
s10568,harini iyer,female,2026-08-14,23,chennai,unknown,hackathon,2026-10-08,email,paid,registered,vegetarian,500.0,3.0,3.0
s10602,divya iyer,other,2026-03-30,22,bengaluru,management,seminar,2026-03-25,email,refunded,registered,no-meal,200.0,2.5,4.0
s12723,priya sharma,other,2026-08-23,17,bengaluru,arts,hackathon,2026-07-26,email,paid,cancelled,vegan,0.0,4.0,3.0
s12613,pooja das,male,2026-07-25,24,bengaluru,commerce,seminar,2026-04-07,website,waived,attended,vegan,100.0,1.5,4.0
s12947,keerthi rao,other,2026-05-06,17,kochi,management,sports meet,2026-04-06,walk-in,pending,absent,non-vegetarian,150.0,2.0,5.0
s12958,meena patel,other,2026-08-24,26,mysuru,computer science,hackathon,2026-06-29,walk-in,paid,absent,no-meal,200.0,2.5,3.0
s11488,anitha nair,male,2026-08-29,23,kochi,management,sports meet,2026-11-07,mobile app,waived,cancelled,vegan,200.0,2.5,3.0
s10888,rahul menon,male,2026-02-11,19,coimbatore,commerce,sports meet,2026-01-22,campus desk,paid,registered,non-vegetarian,200.0,2.5,3.0
s10951,priya sharma,other,2026-03-16,26,madurai,management,seminar,2026-08-03,website,refunded,registered,non-vegetarian,0.0,4.0,2.0
s10803,manoj kumar,female,2026-03-03,17,pune,mechanical,cultural fest,2026-02-02,website,waived,attended,vegan,200.0,3.0,3.0
s11674,naveen sharma,female,2026-02-04,25,pune,commerce,cultural fest,2025-12-15,mobile app,waived,absent,vegan,150.0,3.0,5.0
s11254,karthik rao,male,2026-08-04,18,pune,computer science,hackathon,2026-06-30,email,paid,attended,vegan,100.0,1.0,3.0
s11743,priya sharma,female,2026-01-02,26,kochi,electronics,hackathon,2026-01-24,walk-in,refunded,absent,non-vegetarian,0.0,2.0,2.0
s12435,harini iyer,other,2026-05-20,18,hyderabad,civil engineering,hackathon,2026-05-19,unknown,paid,attended,vegan,0.0,3.0,5.0
s12513,vijay menon,other,2026-08-05,26,pune,arts,seminar,2026-10-03,walk-in,waived,attended,vegan,150.0,3.0,3.0
s12230,keerthi rao,other,2026-07-17,27,salem,arts,cultural fest,2026-01-07,walk-in,waived,absent,vegetarian,200.0,2.5,3.0
s10199,meena patel,male,2026-01-31,22,mysuru,civil engineering,workshop,2026-01-26,walk-in,paid,absent,vegan,150.0,2.5,3.0
s10674,priya sharma,male,2026-05-30,22,trichy,electronics,hackathon,2026-04-17,walk-in,paid,attended,vegan,200.0,2.5,2.0
s10398,meena patel,male,2026-05-20,18,chennai,electronics,hackathon,2026-09-04,walk-in,paid,absent,vegan,200.0,2.5,2.0
s10085,swetha menon,other,2026-06-18,22,hyderabad,management,career fair,2026-04-28,mobile app,paid,absent,no-meal,150.0,4.0,5.0
s10392,suresh kumar,other,2026-03-27,26,madurai,computer science,workshop,2026-02-16,website,refunded,registered,no-meal,200.0,2.5,3.0
s10882,pooja das,other,2026-03-25,24,kochi,electronics,career fair,2026-02-17,campus desk,refunded,attended,vegan,200.0,3.0,4.0
s11994,anitha nair,female,2026-03-13,20,bengaluru,management,hackathon,2026-01-27,walk-in,paid,cancelled,non-vegetarian,750.0,6.0,3.0
s11450,karthik rao,female,2026-08-16,25,coimbatore,commerce,seminar,2026-06-25,website,refunded,absent,vegan,750.0,1.0,3.0
s11088,manoj kumar,other,2026-08-31,21,coimbatore,civil engineering,seminar,2026-10-07,mobile app,waived,cancelled,vegetarian,750.0,1.5,3.0
s10773,manoj kumar,female,2026-07-20,23,bengaluru,mechanical,sports meet,2026-06-06,campus desk,refunded,registered,vegetarian,250.0,2.5,4.0
s12226,lakshmi rao,male,2026-08-30,17,hyderabad,commerce,cultural fest,2026-07-17,email,waived,registered,no-meal,250.0,1.5,3.0
s10145,priya sharma,male,2026-06-16,24,bengaluru,mechanical,cultural fest,2026-05-29,walk-in,refunded,absent,vegetarian,750.0,1.5,3.0
s12995,swetha menon,male,2026-08-01,26,mysuru,mechanical,seminar,2025-07-12,walk-in,pending,cancelled,no-meal,200.0,1.5,3.0
s11367,rahul menon,female,2026-05-13,22,trichy,civil engineering,workshop,2026-03-25,campus desk,refunded,absent,non-vegetarian,0.0,2.5,4.0
s11880,vikram das,female,2026-03-13,22,hyderabad,civil engineering,career fair,2026-03-03,website,pending,registered,no-meal,750.0,4.0,2.0
s11380,vikram das,other,2026-03-09,19,kochi,computer science,sports meet,2026-08-03,mobile app,pending,absent,vegan,250.0,3.0,3.0
s10590,karthik rao,other,2026-05-05,19,bengaluru,computer science,seminar,2026-03-18,campus desk,refunded,registered,non-vegetarian,200.0,2.5,4.0
s12909,meena patel,other,1900-01-01,26,salem,mechanical,career fair,2025-10-12,walk-in,pending,attended,no-meal,100.0,3.0,1.0
s12648,keerthi rao,other,2026-04-04,27,pune,management,workshop,2026-03-29,website,waived,attended,non-vegetarian,100.0,6.0,1.0
s11481,divya iyer,male,2026-03-26,21,hyderabad,computer science,seminar,2026-03-21,email,refunded,attended,vegetarian,300.0,4.0,5.0
s10342,karthik rao,male,2026-05-09,18,trichy,electronics,hackathon,2026-07-05,mobile app,waived,absent,no-meal,750.0,1.0,3.0
s12787,ajay nair,other,2026-01-15,24,mysuru,arts,sports meet,2026-11-01,website,waived,attended,vegetarian,150.0,6.0,3.0
s10253,lakshmi rao,female,2026-02-06,27,bengaluru,computer science,hackathon,2025-12-25,campus desk,refunded,absent,vegan,200.0,1.0,3.0
s11140,meena patel,male,2026-07-08,24,salem,electronics,hackathon,2026-05-20,website,paid,registered,non-vegetarian,150.0,1.0,1.0
s10230,meena patel,other,2026-08-28,18,trichy,civil engineering,cultural fest,2026-07-27,campus desk,paid,registered,no-meal,500.0,2.5,1.0
s10525,ajay nair,other,2026-08-29,23,madurai,mechanical,seminar,2026-02-08,website,waived,cancelled,no-meal,300.0,2.5,4.0
s10965,ravi patel,male,2026-01-02,20,bengaluru,civil engineering,workshop,2026-04-01,mobile app,paid,registered,no-meal,200.0,2.5,5.0
s11934,lakshmi rao,other,2026-04-02,25,coimbatore,management,workshop,2026-03-22,unknown,refunded,registered,no-meal,0.0,1.0,3.0
s12656,vijay menon,other,2026-03-15,23,trichy,commerce,hackathon,2026-03-02,website,refunded,attended,no-meal,100.0,6.0,3.0
s10514,manoj kumar,female,2026-04-28,26,madurai,management,cultural fest,2026-04-24,campus desk,paid,cancelled,vegan,0.0,1.0,4.0
s11421,vijay menon,male,2026-06-13,19,trichy,mechanical,career fair,2026-04-14,mobile app,refunded,cancelled,non-vegetarian,200.0,4.0,5.0
s11458,karthik rao,female,2026-01-16,22,bengaluru,commerce,sports meet,2025-12-27,campus desk,waived,absent,vegan,200.0,1.0,1.0
s11152,keerthi rao,other,2026-08-27,26,mysuru,computer science,cultural fest,2026-07-13,walk-in,waived,absent,no-meal,250.0,2.5,3.0
s12418,vijay menon,unknown,2026-04-06,19,hyderabad,mechanical,sports meet,2026-05-05,walk-in,paid,cancelled,vegetarian,300.0,1.0,2.0
s11582,priya sharma,unknown,2026-02-15,20,mysuru,mechanical,hackathon,2026-01-31,email,waived,registered,non-vegetarian,200.0,2.5,2.0
s10084,swetha menon,male,2026-03-30,25,unknown,commerce,hackathon,2026-03-23,walk-in,paid,absent,vegetarian,500.0,2.0,3.0
s11237,vijay menon,male,2026-08-31,18,chennai,management,workshop,2026-06-07,email,pending,registered,vegetarian,750.0,1.5,2.0
s11786,pooja das,male,2026-04-15,17,madurai,arts,sports meet,2026-01-04,mobile app,waived,cancelled,vegetarian,200.0,6.0,3.0
s11699,vijay menon,male,2026-05-31,21,salem,commerce,workshop,2026-04-17,walk-in,waived,attended,non-vegetarian,250.0,1.0,3.0
s11936,ravi patel,other,2026-04-28,24,hyderabad,arts,career fair,2026-04-27,website,paid,attended,vegetarian,100.0,1.5,5.0
s12495,naveen sharma,female,2026-05-26,26,mysuru,electronics,career fair,2026-05-21,walk-in,paid,absent,vegetarian,0.0,1.0,3.0
s10129,manoj kumar,female,2026-10-07,17,coimbatore,civil engineering,career fair,2026-06-25,website,pending,absent,non-vegetarian,0.0,2.0,4.0
s12192,naveen sharma,other,2026-06-29,21,kochi,arts,sports meet,2026-07-05,campus desk,paid,attended,no-meal,300.0,2.5,4.0
s12422,anitha nair,other,2026-07-17,23,pune,commerce,cultural fest,2026-04-07,website,pending,registered,vegan,300.0,4.0,2.0
s10895,naveen sharma,female,2026-07-29,21,salem,commerce,career fair,2026-09-06,walk-in,refunded,registered,non-vegetarian,200.0,2.5,3.0
s11073,arun kumar,unknown,2026-08-18,19,salem,civil engineering,sports meet,2026-07-21,walk-in,refunded,registered,vegetarian,250.0,2.5,3.0
s12077,naveen sharma,male,2026-01-05,26,mysuru,civil engineering,workshop,2026-06-03,mobile app,paid,attended,no-meal,200.0,6.0,3.0
s11355,vikram das,female,2026-04-26,19,madurai,computer science,cultural fest,2026-06-04,campus desk,waived,absent,vegetarian,200.0,2.5,1.0
s12248,pooja das,female,2026-08-26,25,chennai,commerce,career fair,2026-07-24,campus desk,waived,cancelled,no-meal,500.0,1.5,1.0
s12619,manoj kumar,other,2026-04-06,21,salem,mechanical,seminar,2026-02-23,mobile app,refunded,registered,non-vegetarian,200.0,2.5,5.0
s11400,anitha nair,female,2026-02-12,22,salem,civil engineering,hackathon,2026-01-17,walk-in,paid,cancelled,vegetarian,150.0,3.0,3.0
s11810,pooja das,female,2026-04-15,26,trichy,computer science,seminar,2026-01-03,email,pending,absent,vegetarian,200.0,2.0,3.0
s11891,meena patel,other,2026-04-14,26,salem,arts,career fair,2026-07-03,email,paid,absent,vegan,250.0,1.5,5.0
s12292,ravi patel,other,2026-07-28,21,mysuru,civil engineering,seminar,2026-06-13,website,pending,attended,vegetarian,100.0,2.5,4.0
s10209,naveen sharma,female,2026-07-13,25,hyderabad,commerce,career fair,2026-11-06,mobile app,refunded,registered,no-meal,300.0,6.0,1.0
s12570,suresh kumar,male,2026-05-03,19,trichy,computer science,seminar,2026-04-03,walk-in,refunded,attended,no-meal,100.0,4.0,4.0
s11344,pooja das,male,2026-07-05,21,trichy,electronics,seminar,2026-05-13,mobile app,pending,attended,non-vegetarian,300.0,4.0,5.0
s10796,ravi patel,female,2026-04-22,21,kochi,management,workshop,2026-10-03,walk-in,waived,absent,vegan,200.0,2.5,3.0
s11436,karthik rao,female,2026-03-17,24,chennai,commerce,workshop,2026-02-23,walk-in,waived,cancelled,no-meal,500.0,2.0,3.0
s12988,priya sharma,female,2026-03-17,27,hyderabad,civil engineering,hackathon,2026-09-02,email,pending,registered,vegan,200.0,2.5,3.0
s11222,rahul menon,female,2026-05-04,23,trichy,commerce,seminar,2026-02-26,email,paid,absent,vegetarian,200.0,3.0,3.0
s10363,priya sharma,other,2026-06-21,17,bengaluru,arts,workshop,2026-11-05,email,paid,cancelled,non-vegetarian,0.0,4.0,4.0
s11598,priya sharma,male,2026-06-27,18,pune,arts,career fair,2026-06-05,mobile app,refunded,cancelled,non-vegetarian,150.0,6.0,2.0
s11097,keerthi rao,female,2026-03-24,24,unknown,electronics,career fair,2026-03-03,campus desk,refunded,registered,vegetarian,150.0,6.0,4.0
s12578,naveen sharma,other,2026-06-13,21,chennai,electronics,hackathon,2026-04-14,website,waived,cancelled,non-vegetarian,150.0,4.0,4.0
s10367,manoj kumar,other,2026-01-04,17,hyderabad,arts,cultural fest,2026-09-02,website,paid,cancelled,vegetarian,500.0,1.0,2.0
s11718,rahul menon,other,2026-01-19,25,madurai,commerce,cultural fest,2026-05-01,campus desk,paid,absent,non-vegetarian,100.0,4.0,5.0
s10318,ravi patel,female,2026-03-27,19,coimbatore,arts,career fair,2026-01-02,walk-in,paid,attended,unknown,0.0,6.0,3.0
s11697,priya sharma,female,2026-05-01,22,coimbatore,electronics,workshop,2026-09-04,mobile app,pending,attended,no-meal,200.0,2.5,2.0
s11626,meena patel,male,2026-05-05,25,bengaluru,mechanical,cultural fest,2026-03-26,email,paid,registered,vegetarian,300.0,2.0,5.0
s12743,lakshmi rao,female,2026-06-25,17,salem,mechanical,cultural fest,2026-08-05,campus desk,paid,attended,no-meal,300.0,2.5,1.0
s10992,vijay menon,other,2026-05-29,18,bengaluru,computer science,workshop,2026-04-21,email,paid,attended,vegan,250.0,2.0,5.0
s10147,arun kumar,other,2026-04-25,25,hyderabad,electronics,cultural fest,2026-03-27,website,pending,attended,non-vegetarian,500.0,1.0,3.0
s11734,manoj kumar,female,2026-08-08,25,hyderabad,civil engineering,sports meet,2026-07-31,campus desk,waived,cancelled,non-vegetarian,100.0,2.0,4.0
s11561,divya iyer,male,2026-04-04,23,trichy,management,sports meet,2026-02-13,website,refunded,cancelled,no-meal,200.0,2.5,4.0
s11981,priya sharma,other,2026-01-20,22,bengaluru,computer science,sports meet,2026-08-01,mobile app,pending,registered,non-vegetarian,200.0,2.5,5.0
s11350,suresh kumar,female,2026-04-15,24,bengaluru,arts,hackathon,2026-04-04,campus desk,paid,attended,no-meal,0.0,1.5,3.0
s11377,deepa sharma,male,2026-05-23,23,coimbatore,management,career fair,2026-05-22,walk-in,paid,attended,no-meal,100.0,4.0,5.0
s10295,anitha nair,male,2026-07-01,26,kochi,computer science,hackathon,2026-04-01,walk-in,paid,cancelled,non-vegetarian,750.0,4.0,3.0
s12590,naveen sharma,other,1900-01-01,24,hyderabad,computer science,hackathon,2026-06-04,email,waived,attended,no-meal,200.0,6.0,5.0
s12367,divya iyer,male,2026-08-25,23,chennai,mechanical,career fair,2026-06-28,website,waived,cancelled,non-vegetarian,100.0,1.0,3.0
s11997,keerthi rao,male,2026-03-21,19,salem,mechanical,sports meet,2026-01-02,unknown,pending,absent,vegan,150.0,4.0,3.0
s10006,deepa sharma,female,2026-08-13,19,kochi,mechanical,hackathon,2026-05-08,campus desk,refunded,attended,vegetarian,150.0,6.0,4.0
s11675,naveen sharma,male,2026-01-31,23,coimbatore,commerce,workshop,2025-03-12,website,paid,attended,no-meal,500.0,4.0,5.0
s10949,ajay nair,other,2026-04-03,23,salem,computer science,seminar,2026-03-25,mobile app,refunded,registered,vegan,500.0,3.0,3.0
s12607,priya sharma,other,2026-08-07,23,mysuru,computer science,hackathon,2026-07-25,mobile app,paid,attended,no-meal,750.0,3.0,3.0
s12747,anitha nair,other,2026-07-09,25,salem,mechanical,sports meet,2026-05-07,campus desk,refunded,cancelled,unknown,100.0,3.0,3.0
s12280,rahul menon,male,2026-06-20,22,salem,commerce,sports meet,2026-05-26,mobile app,refunded,registered,non-vegetarian,200.0,4.0,3.0
s11360,manoj kumar,unknown,2026-01-21,17,trichy,electronics,workshop,2025-10-12,mobile app,pending,absent,vegan,0.0,3.0,3.0
s12049,vijay menon,female,2026-05-25,21,chennai,commerce,workshop,2026-01-04,walk-in,waived,cancelled,vegan,500.0,2.5,3.0
s11135,rahul menon,male,2026-03-05,20,coimbatore,management,sports meet,2026-10-01,walk-in,pending,absent,vegetarian,500.0,4.0,2.0
s10661,rahul menon,female,2026-01-18,25,trichy,mechanical,workshop,2025-10-12,website,paid,cancelled,non-vegetarian,300.0,1.0,3.0
s10221,arun kumar,female,2026-01-31,25,unknown,management,career fair,2026-06-01,mobile app,waived,absent,non-vegetarian,250.0,1.5,1.0
s10859,karthik rao,male,2026-01-09,24,mysuru,commerce,career fair,2026-08-14,campus desk,refunded,cancelled,vegetarian,250.0,1.5,3.0
s10229,divya iyer,other,2026-02-02,17,kochi,commerce,cultural fest,2026-01-24,email,refunded,cancelled,non-vegetarian,150.0,1.0,4.0
s12417,swetha menon,female,2026-12-08,27,unknown,commerce,career fair,2026-06-29,walk-in,pending,registered,no-meal,250.0,4.0,5.0
s12824,priya sharma,female,2026-08-19,27,trichy,commerce,seminar,2026-07-18,campus desk,refunded,absent,vegetarian,150.0,1.0,1.0
s11899,lakshmi rao,other,2026-02-21,19,hyderabad,management,sports meet,2026-06-01,email,refunded,registered,non-vegetarian,100.0,4.0,2.0
s12999,deepa sharma,other,2026-02-14,23,coimbatore,mechanical,career fair,2026-01-13,campus desk,waived,absent,vegan,150.0,3.0,2.0
s10486,naveen sharma,male,2026-02-06,18,chennai,arts,hackathon,2026-05-25,website,refunded,attended,no-meal,0.0,1.0,4.0
s11814,karthik rao,male,2026-06-24,26,bengaluru,computer science,seminar,2026-05-30,campus desk,pending,registered,vegan,0.0,6.0,5.0
s12528,divya iyer,other,2026-07-30,19,salem,management,workshop,2026-05-31,unknown,pending,absent,vegetarian,200.0,2.5,4.0
s10281,ajay nair,male,2026-03-10,26,chennai,commerce,seminar,2026-02-02,mobile app,waived,cancelled,vegan,0.0,2.5,3.0
s12477,vijay menon,female,2026-06-17,24,trichy,civil engineering,seminar,2026-04-21,mobile app,refunded,cancelled,vegan,150.0,6.0,3.0
s10611,vikram das,male,2026-04-04,24,madurai,arts,cultural fest,2026-12-02,website,pending,cancelled,vegetarian,500.0,6.0,4.0
s11748,meena patel,female,2026-06-28,27,unknown,electronics,cultural fest,2026-06-17,website,pending,attended,unknown,0.0,1.0,3.0
s10414,swetha menon,other,2026-04-03,23,pune,arts,career fair,2026-11-03,walk-in,refunded,attended,no-meal,300.0,1.0,2.0
s10609,swetha menon,other,2026-04-10,25,salem,arts,cultural fest,2026-03-29,website,pending,cancelled,no-meal,150.0,3.0,4.0
s12317,swetha menon,female,2026-06-22,22,kochi,computer science,cultural fest,2026-04-28,website,paid,absent,no-meal,750.0,6.0,3.0
s10527,anitha nair,male,2026-06-28,21,mysuru,civil engineering,workshop,2026-06-18,website,pending,absent,no-meal,200.0,3.0,3.0
s11347,manoj kumar,other,2026-09-01,25,coimbatore,management,hackathon,2025-11-22,email,pending,cancelled,non-vegetarian,200.0,2.5,4.0
s11483,priya sharma,male,2026-07-18,21,pune,mechanical,cultural fest,2026-04-07,website,paid,attended,vegetarian,250.0,1.5,2.0
s11270,priya sharma,unknown,2026-05-06,19,madurai,commerce,hackathon,2026-05-05,website,refunded,registered,vegetarian,500.0,2.5,2.0
s11946,ajay nair,female,2026-11-08,21,hyderabad,commerce,sports meet,2026-11-07,mobile app,refunded,absent,vegetarian,200.0,2.5,3.0
s12159,lakshmi rao,female,2026-05-24,19,unknown,commerce,workshop,2026-04-26,email,pending,cancelled,vegan,750.0,2.0,3.0
s12236,pooja das,female,2026-03-11,25,kochi,civil engineering,hackathon,2026-02-25,mobile app,waived,absent,non-vegetarian,750.0,1.0,3.0
s12752,ajay nair,female,2026-05-07,24,trichy,civil engineering,hackathon,2026-04-23,mobile app,pending,absent,no-meal,100.0,3.0,4.0
s12136,rahul menon,male,2026-08-04,24,chennai,electronics,career fair,2026-03-17,unknown,paid,registered,vegan,250.0,1.5,1.0
s10666,manoj kumar,female,2026-04-02,17,coimbatore,commerce,workshop,2026-05-03,campus desk,waived,absent,non-vegetarian,200.0,1.5,1.0
s11888,pooja das,other,2026-03-22,22,coimbatore,management,career fair,2026-02-20,website,refunded,registered,vegan,500.0,1.5,1.0
s10334,ravi patel,female,2026-07-28,22,chennai,electronics,sports meet,2026-05-30,campus desk,paid,registered,vegan,100.0,1.5,3.0
s10795,suresh kumar,other,2026-03-03,18,bengaluru,commerce,career fair,2026-01-28,campus desk,pending,cancelled,vegan,100.0,4.0,5.0
s10809,karthik rao,male,2026-07-22,26,salem,arts,career fair,2026-07-17,website,paid,absent,vegetarian,100.0,3.0,4.0
s11960,vijay menon,female,2026-02-11,24,bengaluru,computer science,career fair,2025-12-18,campus desk,waived,registered,vegan,500.0,1.5,3.0
s10714,ajay nair,other,2026-11-08,27,hyderabad,computer science,career fair,2026-12-07,walk-in,pending,attended,vegan,300.0,4.0,3.0
s10121,meena patel,male,2026-05-01,25,hyderabad,computer science,workshop,2026-03-20,campus desk,paid,cancelled,vegan,750.0,1.5,5.0
s12034,keerthi rao,female,2026-08-09,22,mysuru,electronics,workshop,2026-06-28,email,paid,attended,no-meal,100.0,1.0,3.0
s10561,lakshmi rao,female,2026-08-29,27,unknown,electronics,cultural fest,2026-09-08,mobile app,paid,cancelled,non-vegetarian,0.0,2.5,5.0
s11218,priya sharma,male,2026-12-08,19,mysuru,arts,cultural fest,2026-07-28,mobile app,refunded,cancelled,non-vegetarian,200.0,6.0,3.0
s12993,meena patel,other,2026-02-03,22,kochi,arts,cultural fest,2026-01-22,website,paid,cancelled,vegan,150.0,4.0,4.0
s10358,naveen sharma,other,2026-07-11,26,hyderabad,civil engineering,hackathon,2026-05-28,walk-in,refunded,cancelled,non-vegetarian,200.0,3.0,3.0
s11512,meena patel,male,2026-08-14,25,coimbatore,mechanical,sports meet,2026-04-08,website,waived,cancelled,vegan,200.0,2.0,5.0
s12005,vikram das,other,2026-02-28,19,unknown,mechanical,cultural fest,2026-02-20,email,waived,attended,non-vegetarian,150.0,1.5,3.0
s12012,manoj kumar,female,2026-08-28,20,pune,electronics,sports meet,2026-08-21,website,pending,cancelled,non-vegetarian,200.0,2.5,4.0
s12253,keerthi rao,other,2026-03-07,27,mysuru,commerce,seminar,2026-02-06,campus desk,pending,registered,vegan,0.0,1.5,3.0
s11629,naveen sharma,other,2026-08-02,19,salem,management,workshop,2026-06-17,email,refunded,registered,vegetarian,200.0,2.5,3.0
s10556,manoj kumar,male,2026-03-04,27,hyderabad,computer science,sports meet,2026-10-02,mobile app,waived,absent,non-vegetarian,500.0,2.5,5.0
s10270,ajay nair,other,2026-06-09,23,trichy,computer science,cultural fest,2026-06-06,walk-in,pending,absent,vegetarian,200.0,2.5,3.0
s11036,vikram das,other,2026-02-20,19,mysuru,management,career fair,2026-08-02,campus desk,pending,attended,vegan,200.0,4.0,4.0
s10485,meena patel,female,2026-05-06,27,pune,computer science,hackathon,2026-04-14,website,refunded,cancelled,vegetarian,300.0,6.0,3.0
s12048,ajay nair,other,2026-03-01,24,mysuru,electronics,hackathon,2026-01-27,walk-in,waived,attended,non-vegetarian,150.0,6.0,3.0
s10207,ravi patel,male,2026-03-16,19,hyderabad,management,cultural fest,2026-02-18,campus desk,refunded,attended,non-vegetarian,200.0,2.5,3.0
s10653,deepa sharma,other,2026-04-21,23,mysuru,management,hackathon,2026-02-27,email,refunded,attended,no-meal,150.0,1.0,3.0
s10570,naveen sharma,male,2026-10-03,22,madurai,commerce,hackathon,2026-06-02,campus desk,paid,cancelled,non-vegetarian,300.0,2.0,1.0
s10680,harini iyer,other,2026-06-22,25,bengaluru,mechanical,workshop,2026-05-19,campus desk,paid,attended,no-meal,200.0,2.5,3.0
s10522,vikram das,female,2026-03-25,20,coimbatore,mechanical,workshop,2026-03-14,unknown,paid,cancelled,unknown,200.0,2.5,3.0
s10574,meena patel,other,2026-01-05,26,mysuru,commerce,sports meet,2025-12-25,email,waived,registered,non-vegetarian,200.0,3.0,1.0
s12524,keerthi rao,male,2026-02-02,25,pune,commerce,sports meet,2026-05-01,email,pending,attended,non-vegetarian,150.0,1.5,4.0
s11928,naveen sharma,male,2026-07-13,25,pune,management,hackathon,2026-06-17,email,waived,absent,non-vegetarian,200.0,2.5,5.0
s10634,keerthi rao,other,2026-07-11,23,pune,commerce,workshop,2026-12-05,walk-in,paid,attended,no-meal,200.0,2.0,2.0
s11298,lakshmi rao,unknown,2026-03-24,23,coimbatore,mechanical,seminar,2026-05-02,walk-in,pending,absent,vegetarian,500.0,3.0,2.0
s11047,pooja das,male,2026-03-18,25,hyderabad,computer science,sports meet,2026-03-16,unknown,pending,attended,vegetarian,500.0,4.0,3.0
s12182,keerthi rao,male,2026-06-25,19,mysuru,commerce,hackathon,2026-09-05,email,pending,attended,non-vegetarian,750.0,1.5,3.0
s12750,pooja das,other,2026-04-17,25,trichy,arts,sports meet,2026-03-23,website,refunded,registered,vegan,750.0,1.5,2.0
s11650,ravi patel,female,2026-05-17,21,coimbatore,civil engineering,cultural fest,2026-05-04,campus desk,paid,absent,non-vegetarian,200.0,6.0,4.0
s11769,lakshmi rao,male,2026-02-22,24,bengaluru,mechanical,seminar,2026-07-01,email,waived,attended,vegan,150.0,1.0,2.0
s11991,karthik rao,male,2026-01-05,22,hyderabad,mechanical,seminar,2025-02-12,mobile app,waived,cancelled,vegetarian,250.0,3.0,4.0
s11388,lakshmi rao,male,2026-02-04,20,madurai,civil engineering,workshop,2026-02-02,campus desk,paid,registered,vegan,750.0,2.0,2.0
s11600,anitha nair,unknown,2026-04-11,19,bengaluru,electronics,seminar,2026-12-03,email,waived,absent,no-meal,200.0,2.5,3.0
s10205,karthik rao,female,2026-08-26,18,chennai,computer science,cultural fest,2026-10-07,mobile app,pending,absent,vegan,100.0,2.5,5.0
s10114,ravi patel,other,2026-08-07,26,trichy,civil engineering,hackathon,2026-04-07,campus desk,refunded,absent,non-vegetarian,750.0,1.5,5.0
s11132,karthik rao,male,2026-06-14,27,kochi,electronics,seminar,2026-02-06,email,waived,registered,vegetarian,150.0,1.5,2.0
s11782,swetha menon,male,2026-08-30,18,kochi,electronics,workshop,2026-12-07,email,pending,absent,non-vegetarian,0.0,4.0,4.0
s12404,ravi patel,other,2026-03-14,20,coimbatore,electronics,sports meet,2026-12-02,website,pending,cancelled,vegan,300.0,4.0,2.0
s10658,divya iyer,female,2026-02-01,24,chennai,computer science,career fair,2025-12-18,walk-in,paid,registered,vegan,500.0,1.5,5.0
s11783,priya sharma,male,2026-07-21,24,coimbatore,arts,hackathon,2026-06-20,email,waived,registered,non-vegetarian,750.0,6.0,2.0
s10509,pooja das,female,2026-04-15,19,mysuru,computer science,sports meet,2026-06-03,walk-in,refunded,absent,vegan,200.0,2.5,2.0
s10109,deepa sharma,other,2026-05-12,18,pune,civil engineering,seminar,2026-10-05,email,refunded,cancelled,vegan,500.0,3.0,4.0
s12599,pooja das,male,2026-08-10,26,madurai,commerce,sports meet,2026-07-27,website,pending,absent,non-vegetarian,0.0,2.5,1.0
s11796,lakshmi rao,other,2026-08-16,27,chennai,computer science,hackathon,2026-09-07,mobile app,waived,attended,no-meal,200.0,2.5,3.0
s10450,lakshmi rao,other,2026-08-10,26,trichy,computer science,cultural fest,2026-09-07,website,paid,cancelled,no-meal,250.0,1.0,4.0
s12130,pooja das,female,2026-08-17,18,bengaluru,civil engineering,sports meet,2026-08-08,walk-in,waived,cancelled,vegan,100.0,1.5,3.0
s12631,lakshmi rao,other,2026-01-13,26,bengaluru,civil engineering,sports meet,2025-05-12,email,refunded,attended,vegetarian,750.0,3.0,3.0
s12025,naveen sharma,other,2026-10-04,25,chennai,commerce,seminar,2026-03-26,walk-in,paid,absent,vegetarian,200.0,1.5,3.0
s12379,arun kumar,male,2026-05-16,27,kochi,mechanical,hackathon,2026-10-04,mobile app,paid,absent,non-vegetarian,100.0,2.5,3.0
s10838,deepa sharma,other,2026-06-27,19,pune,computer science,hackathon,2026-01-06,website,pending,registered,vegan,100.0,6.0,2.0
s11116,vikram das,other,2026-05-08,27,chennai,commerce,workshop,2026-04-21,email,waived,attended,vegetarian,100.0,3.0,5.0
s11448,harini iyer,female,2026-05-23,19,coimbatore,mechanical,sports meet,2026-04-20,walk-in,paid,attended,no-meal,250.0,6.0,2.0
s12386,swetha menon,other,2026-05-21,21,mysuru,unknown,workshop,2026-04-19,campus desk,waived,attended,no-meal,250.0,1.0,2.0
s10297,pooja das,male,2026-05-09,24,madurai,management,workshop,2026-03-24,walk-in,pending,absent,vegetarian,250.0,3.0,4.0
s11754,karthik rao,male,2026-06-01,20,madurai,management,seminar,2026-04-20,campus desk,refunded,attended,vegan,200.0,2.5,3.0
s10641,ajay nair,male,2026-08-28,27,unknown,arts,seminar,2026-03-08,walk-in,pending,attended,non-vegetarian,200.0,2.5,5.0
s10785,rahul menon,male,2026-03-10,27,bengaluru,commerce,career fair,2026-02-26,campus desk,paid,registered,non-vegetarian,250.0,2.0,3.0
s12652,keerthi rao,male,2026-08-21,23,pune,computer science,sports meet,2026-06-26,mobile app,pending,attended,vegan,150.0,1.0,3.0
s11755,manoj kumar,female,2026-01-26,26,pune,civil engineering,hackathon,1900-01-01,website,refunded,registered,no-meal,150.0,1.0,4.0
s11250,suresh kumar,female,2026-02-20,20,madurai,commerce,cultural fest,2026-04-01,campus desk,refunded,attended,vegetarian,0.0,1.5,5.0
s12936,rahul menon,male,2026-06-18,27,bengaluru,civil engineering,sports meet,2026-04-30,walk-in,refunded,absent,non-vegetarian,300.0,1.0,4.0
s12042,lakshmi rao,female,2026-03-22,21,salem,civil engineering,workshop,2026-02-16,campus desk,pending,attended,unknown,750.0,1.5,3.0
s11984,suresh kumar,female,2026-03-11,25,hyderabad,civil engineering,career fair,2026-08-03,website,paid,cancelled,vegetarian,200.0,2.0,4.0
s12489,anitha nair,female,2026-05-24,17,bengaluru,arts,sports meet,2026-05-20,walk-in,waived,cancelled,unknown,200.0,2.5,3.0
s10824,ajay nair,other,2026-07-19,18,mysuru,computer science,workshop,2026-04-06,website,refunded,registered,vegetarian,200.0,2.5,5.0
s12340,priya sharma,female,2026-04-25,20,unknown,commerce,hackathon,2026-03-25,website,pending,registered,non-vegetarian,300.0,4.0,3.0
s12548,ravi patel,male,2026-04-25,23,unknown,arts,sports meet,2026-03-28,walk-in,refunded,cancelled,no-meal,0.0,4.0,5.0
s10562,vijay menon,other,2026-04-17,17,mysuru,electronics,hackathon,2026-03-25,website,paid,absent,non-vegetarian,100.0,2.5,3.0
s11211,rahul menon,female,2026-05-22,23,pune,electronics,career fair,2026-04-20,walk-in,pending,cancelled,no-meal,250.0,1.0,1.0
s12975,naveen sharma,other,2026-06-23,26,hyderabad,civil engineering,workshop,2026-05-25,walk-in,waived,absent,vegan,750.0,4.0,1.0
s11261,keerthi rao,female,2026-06-05,20,bengaluru,management,hackathon,2026-05-15,walk-in,refunded,attended,non-vegetarian,0.0,3.0,4.0
s11210,divya iyer,male,2026-05-31,20,madurai,management,seminar,2026-04-26,mobile app,paid,attended,vegan,150.0,1.0,1.0
s10867,priya sharma,male,2026-04-07,17,kochi,management,workshop,2026-08-03,mobile app,waived,registered,vegan,200.0,3.0,3.0
s10571,naveen sharma,other,2026-02-27,23,pune,civil engineering,career fair,2026-01-20,campus desk,waived,registered,vegan,100.0,1.0,2.0
s12565,keerthi rao,other,2026-08-28,18,kochi,mechanical,cultural fest,2026-07-19,email,waived,cancelled,no-meal,0.0,2.0,1.0
s10672,vijay menon,female,2026-07-24,17,pune,civil engineering,hackathon,2026-07-06,website,waived,cancelled,no-meal,100.0,3.0,4.0
s10160,divya iyer,other,2026-06-06,26,madurai,computer science,hackathon,2026-05-28,walk-in,pending,cancelled,no-meal,500.0,2.5,2.0
s10438,manoj kumar,other,2026-02-26,21,mysuru,commerce,cultural fest,2026-01-01,mobile app,paid,absent,vegetarian,200.0,2.5,2.0
s11552,priya sharma,female,2026-05-08,18,bengaluru,computer science,sports meet,2026-03-24,email,paid,cancelled,non-vegetarian,500.0,1.0,1.0
s10319,suresh kumar,other,2026-06-06,20,coimbatore,computer science,seminar,2026-05-22,mobile app,paid,cancelled,non-vegetarian,0.0,2.0,1.0
s12166,naveen sharma,female,2026-02-05,22,pune,computer science,workshop,2026-03-02,campus desk,refunded,registered,vegetarian,0.0,1.5,2.0
s10380,keerthi rao,female,2026-03-07,25,chennai,arts,cultural fest,2026-01-03,email,paid,cancelled,unknown,0.0,4.0,4.0
s10620,rahul menon,other,2026-08-29,21,pune,unknown,career fair,2026-08-16,email,refunded,absent,no-meal,150.0,1.5,3.0
s10926,vikram das,other,2026-08-05,21,coimbatore,civil engineering,cultural fest,1900-01-01,website,waived,cancelled,vegetarian,150.0,1.0,3.0
s10931,ravi patel,other,2026-01-28,22,pune,civil engineering,sports meet,2025-12-27,website,pending,absent,no-meal,150.0,1.0,2.0
s11807,swetha menon,other,2026-01-31,20,madurai,commerce,career fair,2026-01-01,campus desk,refunded,absent,non-vegetarian,250.0,6.0,4.0
s12409,meena patel,other,2026-02-22,20,bengaluru,electronics,workshop,2026-01-19,email,paid,registered,no-meal,200.0,2.5,5.0
s12512,naveen sharma,other,2026-05-17,26,chennai,computer science,hackathon,2026-04-26,email,paid,attended,vegetarian,500.0,3.0,3.0
s10963,suresh kumar,female,2026-04-08,20,madurai,civil engineering,seminar,2026-07-21,mobile app,paid,registered,non-vegetarian,150.0,2.0,3.0
s12127,vikram das,female,2026-02-27,22,chennai,electronics,career fair,2026-01-15,walk-in,waived,attended,no-meal,100.0,4.0,1.0
s12504,arun kumar,female,1900-01-01,24,bengaluru,computer science,sports meet,2026-08-05,walk-in,pending,cancelled,vegetarian,150.0,6.0,3.0
s10309,harini iyer,other,2026-01-26,25,coimbatore,electronics,seminar,2025-12-31,email,paid,cancelled,unknown,500.0,6.0,3.0
s10629,suresh kumar,female,2026-07-16,23,coimbatore,arts,seminar,2026-08-06,website,pending,absent,non-vegetarian,750.0,4.0,1.0
s12448,arun kumar,other,2026-07-26,17,trichy,management,cultural fest,2026-05-30,campus desk,waived,absent,vegetarian,250.0,2.0,3.0
s12826,manoj kumar,male,2026-02-06,20,hyderabad,civil engineering,cultural fest,2025-12-18,website,paid,absent,vegetarian,500.0,6.0,2.0
s11869,deepa sharma,male,2026-08-31,18,trichy,arts,workshop,2026-07-17,campus desk,paid,cancelled,vegetarian,750.0,1.0,5.0
s10173,karthik rao,other,2026-03-09,27,bengaluru,management,sports meet,2026-02-19,walk-in,refunded,absent,non-vegetarian,100.0,1.5,5.0
s10684,divya iyer,other,2026-05-16,25,coimbatore,civil engineering,workshop,2026-03-21,website,pending,attended,non-vegetarian,500.0,2.5,3.0
s11503,keerthi rao,other,2026-10-08,21,salem,computer science,career fair,2026-06-30,website,paid,registered,no-meal,200.0,2.5,4.0
s12259,ajay nair,male,2026-04-11,25,hyderabad,civil engineering,seminar,2026-03-26,campus desk,waived,registered,vegan,100.0,2.0,3.0
s12739,divya iyer,male,2026-07-09,20,mysuru,mechanical,sports meet,2026-08-07,campus desk,paid,cancelled,vegetarian,750.0,4.0,4.0
s10753,pooja das,other,2026-07-25,21,mysuru,civil engineering,seminar,2026-06-26,walk-in,waived,cancelled,vegan,250.0,3.0,1.0
s12056,manoj kumar,other,2026-01-16,23,madurai,computer science,sports meet,2026-05-01,website,waived,registered,non-vegetarian,250.0,1.0,1.0
s11198,lakshmi rao,other,2026-05-08,24,chennai,computer science,hackathon,2026-07-06,email,waived,cancelled,vegetarian,750.0,2.0,3.0
s10421,suresh kumar,other,2026-03-08,21,trichy,commerce,seminar,2026-01-15,website,pending,registered,vegetarian,200.0,2.5,5.0
s10002,rahul menon,male,2026-05-22,23,kochi,unknown,workshop,2026-05-14,campus desk,waived,attended,no-meal,100.0,3.0,3.0
s12346,keerthi rao,other,2026-05-21,22,hyderabad,civil engineering,hackathon,2026-10-04,walk-in,paid,cancelled,vegetarian,200.0,2.5,4.0
s11876,pooja das,female,2026-03-16,26,hyderabad,management,sports meet,2026-02-26,walk-in,waived,absent,vegetarian,0.0,3.0,3.0
s11885,vijay menon,female,2026-04-11,20,kochi,management,seminar,2026-12-02,walk-in,paid,registered,vegan,0.0,1.0,3.0
s12302,vikram das,male,2026-04-15,21,pune,commerce,cultural fest,2026-06-03,walk-in,refunded,cancelled,vegan,150.0,6.0,5.0
s10451,anitha nair,other,2026-08-21,23,chennai,computer science,sports meet,2026-10-07,campus desk,waived,attended,vegan,200.0,2.5,4.0
s12968,rahul menon,male,2026-01-15,22,kochi,management,cultural fest,2025-12-14,walk-in,waived,cancelled,no-meal,100.0,3.0,5.0
s12584,karthik rao,male,2026-03-12,17,bengaluru,management,sports meet,2026-02-26,mobile app,pending,absent,vegetarian,200.0,2.5,3.0
s10142,lakshmi rao,female,2026-05-26,17,bengaluru,civil engineering,career fair,2026-04-25,website,refunded,cancelled,no-meal,0.0,4.0,2.0
s10777,vikram das,male,2026-08-15,20,pune,mechanical,workshop,2026-06-28,website,refunded,attended,no-meal,500.0,1.0,4.0
s11910,arun kumar,male,2026-03-29,23,hyderabad,arts,cultural fest,2026-09-03,website,pending,registered,non-vegetarian,0.0,1.0,3.0
s10762,meena patel,male,2026-03-16,25,pune,commerce,sports meet,2026-01-31,walk-in,waived,registered,vegan,200.0,2.5,4.0
s11538,priya sharma,male,2026-07-03,23,bengaluru,civil engineering,workshop,2026-05-06,website,refunded,absent,non-vegetarian,250.0,1.5,3.0
s10467,deepa sharma,other,2026-03-23,24,hyderabad,arts,workshop,2026-04-03,website,waived,absent,vegan,200.0,2.5,2.0
s12138,pooja das,female,2026-06-09,18,pune,mechanical,workshop,2026-05-05,email,paid,registered,unknown,200.0,3.0,4.0
s10427,vikram das,female,2026-08-03,24,coimbatore,management,cultural fest,2026-06-14,email,paid,absent,vegetarian,750.0,4.0,4.0
s11870,meena patel,female,2026-03-18,20,chennai,commerce,cultural fest,2026-03-03,website,refunded,absent,vegetarian,500.0,3.0,5.0
s10150,vijay menon,female,2026-03-31,26,trichy,commerce,seminar,2026-05-02,mobile app,waived,attended,no-meal,500.0,6.0,3.0
s11656,vijay menon,male,2026-08-10,24,hyderabad,electronics,career fair,2026-07-28,walk-in,waived,registered,vegan,750.0,6.0,3.0
s11238,suresh kumar,female,2026-05-26,19,salem,arts,career fair,2026-05-05,campus desk,waived,absent,vegan,150.0,3.0,3.0
s12387,meena patel,male,2026-01-11,23,pune,commerce,sports meet,2026-08-01,email,pending,absent,no-meal,150.0,2.0,3.0
s11605,priya sharma,female,2026-08-20,21,chennai,computer science,seminar,2026-06-08,email,pending,cancelled,vegetarian,300.0,1.0,3.0
s12194,lakshmi rao,female,2026-05-31,25,pune,mechanical,hackathon,2026-04-21,email,waived,attended,vegan,750.0,3.0,2.0
s11171,karthik rao,female,2026-05-15,21,chennai,computer science,career fair,2026-03-25,email,pending,cancelled,vegetarian,500.0,1.5,5.0
s12361,suresh kumar,female,2026-05-17,20,bengaluru,computer science,seminar,2026-08-04,campus desk,paid,registered,no-meal,150.0,2.0,2.0
s12651,lakshmi rao,male,1900-01-01,24,mysuru,commerce,hackathon,2026-04-23,walk-in,refunded,registered,non-vegetarian,750.0,2.0,1.0
s12139,anitha nair,male,2026-07-13,23,chennai,electronics,hackathon,2026-10-06,campus desk,waived,absent,vegan,200.0,2.5,3.0
s10249,deepa sharma,other,2026-01-09,27,madurai,commerce,hackathon,2025-12-15,email,refunded,cancelled,vegan,200.0,2.5,1.0
s12804,arun kumar,other,2026-06-26,25,trichy,management,career fair,2026-06-15,campus desk,waived,attended,no-meal,200.0,2.5,3.0
s10756,deepa sharma,female,2026-02-18,23,salem,arts,hackathon,2026-01-18,email,refunded,registered,unknown,0.0,4.0,1.0
s10192,deepa sharma,other,2026-06-01,23,madurai,computer science,seminar,2026-07-04,mobile app,waived,attended,non-vegetarian,300.0,6.0,2.0
s10188,swetha menon,female,2026-08-24,24,bengaluru,arts,sports meet,2026-07-13,website,paid,attended,non-vegetarian,150.0,1.0,3.0
s12790,ajay nair,male,2026-05-22,21,salem,arts,hackathon,2026-05-21,walk-in,pending,registered,vegetarian,300.0,6.0,2.0
s11584,lakshmi rao,other,2026-04-15,26,chennai,civil engineering,career fair,2026-03-03,email,paid,absent,vegan,300.0,2.5,4.0
s12641,meena patel,other,2026-02-23,18,mysuru,commerce,hackathon,2026-09-02,website,waived,absent,non-vegetarian,200.0,2.5,2.0
s10745,vikram das,other,2026-07-16,23,bengaluru,electronics,sports meet,2026-02-07,mobile app,refunded,absent,vegan,250.0,2.0,3.0
s10929,karthik rao,male,2026-04-26,18,coimbatore,computer science,career fair,2026-03-30,walk-in,waived,registered,no-meal,250.0,4.0,2.0
s11182,priya sharma,male,2026-02-15,19,pune,commerce,sports meet,2026-12-01,mobile app,waived,absent,vegetarian,750.0,2.5,2.0
s11788,naveen sharma,female,2026-01-30,26,hyderabad,civil engineering,cultural fest,2025-12-27,mobile app,refunded,registered,vegan,500.0,1.5,2.0
s12792,lakshmi rao,male,2026-08-11,19,bengaluru,mechanical,cultural fest,2026-06-19,walk-in,paid,attended,no-meal,200.0,1.0,2.0
s12554,karthik rao,female,2026-01-20,25,salem,management,career fair,2025-05-12,email,refunded,absent,no-meal,200.0,2.5,3.0
s11312,vikram das,male,2026-12-06,20,pune,civil engineering,workshop,2026-08-05,mobile app,waived,registered,vegetarian,200.0,2.5,5.0
s10288,rahul menon,female,2026-01-05,19,mysuru,electronics,hackathon,2025-02-12,walk-in,pending,absent,vegetarian,200.0,2.5,3.0
s12147,pooja das,female,2026-06-22,20,chennai,mechanical,seminar,2026-03-06,walk-in,refunded,attended,vegan,0.0,2.5,2.0
s10370,naveen sharma,male,2026-02-10,23,madurai,arts,workshop,2025-12-23,walk-in,paid,attended,vegan,150.0,4.0,0.0
s12587,ravi patel,male,2026-07-26,23,bengaluru,computer science,career fair,2026-07-21,mobile app,waived,cancelled,vegetarian,150.0,4.0,1.0
s10317,ravi patel,other,2026-02-06,27,hyderabad,electronics,sports meet,2026-04-28,campus desk,pending,registered,non-vegetarian,200.0,2.5,2.0
s10516,naveen sharma,female,2026-02-04,20,pune,management,sports meet,2026-01-20,campus desk,pending,cancelled,no-meal,100.0,2.0,3.0
s12831,swetha menon,male,2026-01-11,23,pune,electronics,seminar,2025-11-25,campus desk,waived,cancelled,vegan,500.0,2.0,5.0
s10793,harini iyer,female,2026-08-21,18,trichy,mechanical,seminar,2026-07-26,website,pending,absent,non-vegetarian,150.0,1.5,4.0
s11649,meena patel,female,2026-02-05,17,salem,computer science,cultural fest,2026-01-16,campus desk,pending,absent,no-meal,200.0,2.5,1.0
s10567,keerthi rao,male,2026-06-05,18,coimbatore,electronics,seminar,2026-03-21,walk-in,pending,cancelled,non-vegetarian,150.0,1.5,5.0
s11464,manoj kumar,other,2026-03-20,23,madurai,commerce,sports meet,2026-01-28,website,refunded,registered,vegan,200.0,2.5,3.0
s10172,karthik rao,male,2026-04-04,20,kochi,management,seminar,2026-02-16,website,paid,registered,no-meal,150.0,2.5,3.0
s11889,vikram das,other,2026-08-24,23,salem,computer science,career fair,2026-07-29,campus desk,pending,cancelled,vegetarian,100.0,2.0,3.0
s12643,meena patel,other,2026-07-20,22,mysuru,commerce,sports meet,2026-07-19,campus desk,waived,cancelled,vegetarian,100.0,4.0,2.0
s11628,karthik rao,other,2026-07-22,22,mysuru,management,hackathon,2026-05-25,campus desk,pending,registered,vegan,200.0,2.5,3.0
s12251,ravi patel,female,2026-06-24,25,hyderabad,computer science,hackathon,2026-10-06,email,paid,registered,non-vegetarian,0.0,2.0,3.0
s10669,priya sharma,female,1900-01-01,20,pune,management,cultural fest,2026-05-07,walk-in,paid,registered,non-vegetarian,200.0,2.5,3.0
s11375,pooja das,other,2026-01-15,17,chennai,commerce,workshop,2025-12-17,campus desk,pending,cancelled,vegan,200.0,1.0,3.0
s10340,vijay menon,other,2026-02-01,17,pune,commerce,sports meet,2026-07-01,mobile app,paid,cancelled,vegetarian,100.0,2.5,4.0
s10308,priya sharma,female,2026-02-13,27,hyderabad,computer science,sports meet,2026-09-02,campus desk,pending,absent,non-vegetarian,500.0,2.5,5.0
s10456,divya iyer,other,2026-06-15,20,trichy,civil engineering,sports meet,2026-07-06,campus desk,paid,attended,non-vegetarian,300.0,1.5,3.0
s10958,deepa sharma,male,2026-08-20,22,madurai,commerce,career fair,2026-04-08,website,refunded,cancelled,non-vegetarian,0.0,6.0,3.0
s12293,anitha nair,other,2026-01-30,27,hyderabad,civil engineering,career fair,2026-01-15,website,pending,attended,no-meal,250.0,1.0,4.0
s11954,manoj kumar,male,2026-04-07,24,salem,arts,seminar,2026-02-24,walk-in,refunded,attended,non-vegetarian,200.0,2.5,3.0
s12425,suresh kumar,unknown,2026-04-15,23,madurai,civil engineering,sports meet,2026-02-17,campus desk,waived,attended,vegan,200.0,1.0,3.0
s12416,naveen sharma,other,2026-04-28,27,mysuru,arts,hackathon,2026-04-21,website,waived,attended,no-meal,0.0,4.0,5.0
s10351,ravi patel,other,2026-06-02,18,salem,electronics,sports meet,2026-02-05,website,refunded,absent,vegetarian,200.0,2.5,5.0
s12559,lakshmi rao,other,2026-01-30,17,madurai,civil engineering,seminar,2025-12-25,campus desk,pending,absent,vegan,100.0,4.0,3.0
s11630,anitha nair,male,2026-03-27,18,trichy,electronics,sports meet,2026-12-03,walk-in,paid,registered,vegan,300.0,2.5,2.0
s11081,vikram das,other,2026-04-10,17,kochi,mechanical,hackathon,2026-02-03,mobile app,paid,absent,vegan,500.0,2.5,1.0
s12618,ravi patel,male,2026-07-22,18,mysuru,electronics,sports meet,2026-05-07,email,paid,attended,vegan,200.0,3.0,3.0
s10536,pooja das,male,2026-02-09,24,madurai,commerce,sports meet,2026-04-07,campus desk,paid,absent,no-meal,200.0,2.5,4.0
s12311,harini iyer,other,2026-05-15,19,bengaluru,civil engineering,cultural fest,2026-03-18,email,refunded,absent,non-vegetarian,150.0,4.0,4.0
s10722,suresh kumar,other,2026-05-04,22,madurai,electronics,seminar,2026-02-26,email,waived,attended,no-meal,300.0,6.0,3.0
s10233,pooja das,other,2026-05-12,27,mysuru,commerce,sports meet,2026-03-25,email,refunded,absent,vegetarian,0.0,1.0,4.0
s10565,ajay nair,male,2026-07-16,23,hyderabad,commerce,workshop,2026-05-28,campus desk,refunded,registered,vegan,500.0,1.5,1.0
s10329,priya sharma,female,2026-03-20,19,bengaluru,electronics,hackathon,2026-02-17,email,paid,absent,vegetarian,100.0,4.0,3.0
s10690,pooja das,male,2026-01-27,19,hyderabad,management,workshop,2025-02-12,email,refunded,cancelled,vegan,250.0,4.0,1.0
s11924,priya sharma,female,2026-04-20,21,hyderabad,mechanical,career fair,2026-03-24,walk-in,refunded,absent,vegan,500.0,4.0,3.0
s11016,ajay nair,other,2026-07-07,19,trichy,commerce,sports meet,2026-05-13,campus desk,pending,cancelled,no-meal,150.0,2.0,5.0
s11074,vijay menon,male,2026-01-23,18,trichy,commerce,workshop,2026-09-01,campus desk,paid,attended,vegan,200.0,2.0,5.0
s12702,anitha nair,female,2026-08-07,24,hyderabad,commerce,cultural fest,2026-05-23,website,waived,absent,non-vegetarian,100.0,4.0,3.0
s12243,vijay menon,other,2026-03-28,22,salem,civil engineering,hackathon,2026-05-02,website,waived,attended,no-meal,0.0,3.0,3.0
s10662,swetha menon,male,2026-06-12,25,bengaluru,electronics,seminar,2026-08-06,campus desk,pending,absent,no-meal,100.0,3.0,4.0
s11320,naveen sharma,other,2026-01-16,23,hyderabad,management,cultural fest,2025-12-18,mobile app,refunded,registered,unknown,500.0,2.0,3.0
s12788,ajay nair,other,2026-07-12,23,trichy,management,sports meet,2026-06-19,website,paid,cancelled,vegetarian,250.0,2.5,4.0
s10474,karthik rao,female,2026-07-16,26,kochi,electronics,hackathon,2026-07-06,website,paid,registered,non-vegetarian,200.0,2.5,3.0
s12657,arun kumar,other,2026-08-10,25,salem,civil engineering,career fair,2026-04-07,campus desk,waived,cancelled,no-meal,200.0,2.5,2.0
s10941,divya iyer,male,2026-08-06,24,salem,mechanical,cultural fest,2026-06-24,mobile app,refunded,attended,non-vegetarian,750.0,2.5,3.0
s12334,rahul menon,male,2026-03-27,23,trichy,electronics,seminar,2026-02-22,walk-in,paid,registered,unknown,200.0,2.5,3.0
s12907,ravi patel,male,2026-06-14,21,pune,mechanical,sports meet,2026-02-05,campus desk,waived,absent,vegetarian,250.0,4.0,3.0
s12978,naveen sharma,female,2026-02-13,27,bengaluru,commerce,cultural fest,2025-12-15,campus desk,waived,cancelled,vegan,500.0,2.0,2.0
s10403,arun kumar,other,2026-12-01,19,bengaluru,arts,workshop,2026-06-01,campus desk,pending,registered,vegan,200.0,2.5,3.0
s10668,rahul menon,other,2026-07-06,22,bengaluru,arts,hackathon,2026-06-16,email,waived,registered,no-meal,250.0,6.0,2.0
s12763,pooja das,male,2026-08-27,19,kochi,computer science,seminar,2026-07-25,website,pending,registered,vegan,0.0,1.0,3.0
s11683,divya iyer,female,2026-08-24,18,madurai,commerce,sports meet,2026-06-28,walk-in,refunded,cancelled,no-meal,0.0,1.5,5.0
s12200,naveen sharma,other,2026-06-24,18,pune,commerce,cultural fest,2026-07-06,mobile app,pending,cancelled,no-meal,750.0,4.0,5.0
s10506,priya sharma,male,2026-02-26,21,trichy,computer science,cultural fest,2026-11-02,mobile app,paid,cancelled,vegan,200.0,2.5,3.0
s11905,harini iyer,other,2026-08-17,21,coimbatore,management,sports meet,2026-06-21,email,paid,absent,vegan,100.0,3.0,2.0
s11195,vikram das,unknown,2026-04-08,17,hyderabad,commerce,cultural fest,2026-07-02,website,paid,cancelled,no-meal,750.0,6.0,0.0
s11052,naveen sharma,other,2026-03-09,18,pune,civil engineering,hackathon,2026-05-03,website,pending,absent,vegetarian,0.0,3.0,3.0
s10498,deepa sharma,male,2026-03-24,23,chennai,mechanical,seminar,2026-02-24,email,pending,cancelled,non-vegetarian,150.0,6.0,3.0
s12016,suresh kumar,female,2026-08-14,25,mysuru,mechanical,sports meet,2026-06-28,walk-in,paid,attended,vegetarian,500.0,1.0,4.0
s12989,meena patel,other,2026-06-03,20,kochi,commerce,workshop,2026-05-18,walk-in,waived,registered,no-meal,200.0,2.5,3.0
s12272,ravi patel,male,2026-01-09,24,chennai,commerce,sports meet,2025-11-11,walk-in,waived,cancelled,no-meal,300.0,6.0,1.0
s12954,karthik rao,male,2026-01-05,18,bengaluru,civil engineering,cultural fest,2025-12-31,campus desk,waived,attended,vegetarian,150.0,4.0,2.0
s10306,suresh kumar,other,2026-07-26,19,hyderabad,arts,workshop,2026-06-25,campus desk,pending,attended,vegan,750.0,6.0,5.0
s11571,naveen sharma,female,2026-08-29,20,hyderabad,electronics,workshop,2026-12-08,campus desk,paid,registered,unknown,200.0,2.5,4.0
s10298,naveen sharma,unknown,2026-08-02,25,mysuru,civil engineering,hackathon,2026-07-16,website,pending,cancelled,vegan,300.0,2.5,1.0
s11194,keerthi rao,male,2026-03-30,26,coimbatore,civil engineering,sports meet,2026-04-03,website,pending,attended,non-vegetarian,100.0,1.5,3.0
s12332,naveen sharma,female,2026-08-02,22,coimbatore,commerce,career fair,2026-07-25,unknown,waived,attended,vegetarian,200.0,2.5,2.0
s10148,vijay menon,female,2026-07-23,25,trichy,civil engineering,hackathon,1900-01-01,website,waived,cancelled,no-meal,200.0,2.5,5.0
s12258,swetha menon,other,2026-01-26,18,pune,computer science,career fair,2026-01-21,mobile app,waived,absent,non-vegetarian,750.0,2.0,3.0
s11634,vijay menon,female,2026-04-26,21,salem,mechanical,career fair,2026-05-04,email,pending,registered,non-vegetarian,0.0,1.0,5.0
s11307,anitha nair,female,2026-08-06,19,mysuru,commerce,workshop,2026-07-27,email,paid,attended,no-meal,200.0,4.0,5.0
s10187,lakshmi rao,male,2026-01-31,19,hyderabad,computer science,seminar,2025-10-12,email,pending,attended,no-meal,200.0,2.5,1.0
s12829,manoj kumar,female,2026-03-14,24,trichy,arts,workshop,2026-01-31,website,paid,cancelled,non-vegetarian,200.0,2.5,3.0
s10656,harini iyer,male,2026-04-06,22,mysuru,management,sports meet,2026-04-27,campus desk,waived,registered,vegan,500.0,1.0,3.0
s12362,deepa sharma,female,2026-05-08,22,madurai,computer science,hackathon,2026-09-04,website,pending,cancelled,vegan,150.0,4.0,3.0
s10381,anitha nair,other,2026-05-03,19,bengaluru,commerce,workshop,2026-03-14,mobile app,refunded,attended,no-meal,200.0,2.5,3.0
s11156,suresh kumar,female,2026-07-22,21,salem,mechanical,sports meet,2026-01-07,mobile app,refunded,attended,vegan,200.0,4.0,1.0
s12075,swetha menon,male,2026-03-30,19,pune,computer science,sports meet,2026-08-03,mobile app,waived,absent,vegan,500.0,2.5,2.0
s11737,suresh kumar,other,2026-07-13,17,chennai,arts,seminar,2026-06-16,campus desk,waived,cancelled,vegan,500.0,2.5,5.0
s10697,naveen sharma,male,2026-06-11,22,chennai,commerce,hackathon,2026-02-05,mobile app,pending,registered,vegetarian,150.0,3.0,5.0
s11368,lakshmi rao,male,2026-08-10,27,coimbatore,arts,career fair,2026-08-08,email,paid,absent,vegan,250.0,3.0,2.0
s12916,rahul menon,female,2026-08-22,17,mysuru,electronics,career fair,2026-06-07,campus desk,refunded,absent,vegetarian,0.0,6.0,5.0
s12693,ravi patel,male,2026-01-11,23,madurai,management,career fair,2026-03-01,mobile app,pending,registered,vegan,200.0,2.5,2.0
s12378,ajay nair,other,2026-08-18,26,mysuru,mechanical,hackathon,2026-07-20,unknown,refunded,attended,non-vegetarian,750.0,1.0,4.0
s10761,vijay menon,female,2026-07-23,20,mysuru,unknown,hackathon,2026-11-06,campus desk,refunded,attended,no-meal,750.0,1.0,3.0
s12064,anitha nair,other,2026-05-16,24,mysuru,arts,career fair,2026-04-19,website,refunded,attended,non-vegetarian,250.0,4.0,5.0
s10512,arun kumar,female,2026-01-22,25,hyderabad,management,workshop,2026-01-16,walk-in,refunded,cancelled,no-meal,200.0,4.0,4.0
s10201,anitha nair,male,2026-04-24,21,bengaluru,commerce,workshop,2026-04-18,mobile app,paid,absent,vegetarian,750.0,1.5,1.0
s11988,lakshmi rao,female,2026-08-20,22,mysuru,arts,seminar,2026-07-17,website,refunded,absent,no-meal,0.0,1.5,4.0
s11256,deepa sharma,male,2026-05-24,23,madurai,electronics,seminar,2026-03-05,campus desk,paid,attended,vegan,100.0,2.0,3.0
s12298,rahul menon,male,2026-06-02,25,trichy,computer science,seminar,2026-01-05,email,refunded,absent,no-meal,250.0,3.0,4.0
s10829,pooja das,female,2026-01-05,22,madurai,commerce,career fair,2026-03-27,walk-in,refunded,cancelled,non-vegetarian,200.0,1.5,3.0
s12220,swetha menon,female,2026-07-25,27,trichy,arts,hackathon,2026-05-26,walk-in,refunded,attended,vegetarian,200.0,2.5,2.0
s12365,anitha nair,other,2026-08-06,21,hyderabad,civil engineering,career fair,2026-06-20,website,paid,absent,no-meal,750.0,2.0,3.0
s12254,deepa sharma,unknown,2026-05-21,21,salem,management,cultural fest,2026-02-05,unknown,waived,cancelled,vegan,150.0,4.0,4.0
s11217,naveen sharma,other,2026-09-01,25,chennai,civil engineering,hackathon,2026-09-08,walk-in,pending,registered,vegetarian,150.0,2.5,5.0
s10375,manoj kumar,male,2026-07-08,26,coimbatore,civil engineering,seminar,2026-09-06,email,paid,attended,non-vegetarian,300.0,2.5,3.0
s10505,harini iyer,other,2026-05-30,27,madurai,computer science,cultural fest,2026-01-05,mobile app,refunded,attended,vegan,250.0,1.0,2.0
s12691,meena patel,male,2026-02-19,26,unknown,arts,seminar,2026-02-17,website,pending,cancelled,vegetarian,200.0,2.5,5.0
s11659,ravi patel,male,2026-08-03,22,pune,electronics,cultural fest,2026-02-02,mobile app,waived,absent,vegan,500.0,2.0,2.0
s12546,harini iyer,unknown,2026-05-28,27,pune,electronics,sports meet,2026-05-26,mobile app,pending,cancelled,no-meal,750.0,6.0,2.0
s11134,rahul menon,other,2026-08-29,22,kochi,commerce,cultural fest,2026-01-07,mobile app,paid,absent,vegan,200.0,2.5,3.0
s10087,naveen sharma,female,2026-07-08,17,trichy,arts,seminar,2026-09-06,mobile app,pending,registered,non-vegetarian,500.0,2.0,2.0
s11732,pooja das,female,2026-06-21,26,kochi,computer science,workshop,2026-04-28,walk-in,pending,cancelled,vegan,750.0,4.0,2.0
s12793,ajay nair,female,2026-05-22,25,coimbatore,mechanical,cultural fest,2026-03-26,website,paid,absent,vegetarian,200.0,2.5,3.0
s10987,rahul menon,male,2026-03-11,17,madurai,electronics,cultural fest,2026-10-01,walk-in,refunded,attended,vegetarian,200.0,2.5,5.0
s10285,arun kumar,female,2026-01-31,18,coimbatore,mechanical,career fair,2026-01-24,website,pending,registered,no-meal,750.0,3.0,3.0
s10983,rahul menon,male,2026-07-23,25,trichy,commerce,sports meet,2026-06-17,email,paid,cancelled,no-meal,0.0,1.0,2.0
s11335,swetha menon,male,2026-02-18,19,unknown,arts,seminar,2025-12-22,unknown,waived,attended,non-vegetarian,300.0,1.5,3.0
s12171,anitha nair,other,2026-05-17,17,bengaluru,arts,seminar,2026-04-25,mobile app,waived,attended,vegan,200.0,2.5,4.0
s10276,deepa sharma,male,2026-08-16,20,hyderabad,management,seminar,2026-07-30,email,pending,registered,non-vegetarian,200.0,1.5,2.0
s12101,pooja das,other,2026-06-05,22,coimbatore,arts,workshop,2026-04-21,campus desk,paid,registered,no-meal,750.0,4.0,3.0
s12683,meena patel,other,2026-01-28,17,salem,arts,sports meet,2025-02-12,campus desk,refunded,attended,vegetarian,750.0,1.0,3.0
s12738,manoj kumar,unknown,2026-03-14,17,trichy,mechanical,seminar,2026-02-21,website,waived,registered,vegan,150.0,2.0,3.0
s11422,karthik rao,male,2026-01-21,26,madurai,mechanical,career fair,2025-12-24,campus desk,paid,absent,vegetarian,200.0,1.5,3.0
s11443,anitha nair,male,2026-01-05,26,trichy,management,hackathon,2025-12-25,walk-in,paid,registered,no-meal,200.0,2.5,2.0
s12245,suresh kumar,other,2026-12-05,19,hyderabad,unknown,workshop,2026-03-15,walk-in,waived,attended,vegetarian,200.0,2.5,3.0
s11684,suresh kumar,male,2026-01-23,18,salem,civil engineering,sports meet,2025-12-16,mobile app,pending,absent,vegan,250.0,2.5,3.0
s12084,pooja das,female,2026-07-13,26,kochi,commerce,sports meet,2026-06-27,website,waived,attended,no-meal,200.0,1.0,3.0
s10220,ajay nair,other,2026-04-13,17,bengaluru,arts,seminar,2026-12-04,email,refunded,cancelled,no-meal,200.0,4.0,3.0
s11577,harini iyer,female,2026-05-29,18,pune,mechanical,seminar,2026-04-24,email,waived,registered,vegan,200.0,2.5,3.0
s10061,rahul menon,female,2026-05-20,21,hyderabad,management,hackathon,2026-04-17,mobile app,pending,registered,vegan,150.0,2.0,4.0
s12580,priya sharma,other,2026-08-16,17,hyderabad,electronics,seminar,2026-06-18,email,paid,absent,non-vegetarian,750.0,2.5,3.0
s11872,manoj kumar,male,2026-04-04,21,pune,management,workshop,2026-02-20,website,waived,attended,non-vegetarian,200.0,2.5,2.0
s10279,deepa sharma,female,2026-05-05,22,bengaluru,electronics,hackathon,2026-03-26,mobile app,waived,registered,vegan,200.0,2.5,3.0
s12848,priya sharma,female,2026-04-08,25,kochi,computer science,workshop,2026-02-25,campus desk,paid,attended,vegan,150.0,2.5,3.0
s11465,swetha menon,male,2026-04-23,24,trichy,arts,hackathon,2026-04-18,website,refunded,absent,vegetarian,0.0,2.0,1.0
s11459,priya sharma,male,2026-02-03,27,bengaluru,mechanical,seminar,1900-01-01,website,pending,cancelled,no-meal,500.0,6.0,5.0
s10037,pooja das,female,2026-04-08,26,unknown,mechanical,cultural fest,2026-06-18,campus desk,refunded,cancelled,no-meal,250.0,2.0,2.0
s11165,keerthi rao,male,2026-05-15,23,unknown,commerce,workshop,2026-03-05,website,paid,cancelled,vegetarian,750.0,6.0,1.0
s10840,lakshmi rao,other,2026-03-31,17,hyderabad,commerce,cultural fest,2026-02-23,website,waived,cancelled,unknown,200.0,2.5,5.0
s10022,harini iyer,female,2026-03-03,27,chennai,mechanical,cultural fest,2026-01-03,email,waived,absent,non-vegetarian,200.0,2.5,3.0
s12614,meena patel,other,2026-06-06,21,bengaluru,management,cultural fest,2026-04-28,email,pending,absent,no-meal,250.0,1.5,3.0
s11738,rahul menon,other,2026-08-19,24,madurai,mechanical,sports meet,2026-07-21,campus desk,refunded,attended,unknown,200.0,3.0,3.0
s11322,vijay menon,female,2026-01-19,22,chennai,management,cultural fest,2025-05-12,walk-in,refunded,registered,non-vegetarian,300.0,6.0,2.0
s11427,rahul menon,female,2026-01-09,27,chennai,commerce,career fair,2025-11-26,website,pending,cancelled,vegan,200.0,2.5,3.0
s11490,pooja das,male,2026-04-20,22,kochi,management,seminar,2026-03-15,walk-in,waived,registered,vegan,500.0,1.5,5.0
s10003,priya sharma,female,2026-06-16,22,madurai,computer science,hackathon,2026-04-23,website,refunded,absent,no-meal,150.0,2.0,3.0
s11761,priya sharma,other,2026-08-26,27,madurai,civil engineering,cultural fest,1900-01-01,website,paid,absent,vegetarian,300.0,1.5,3.0
s10676,ajay nair,other,2026-06-21,19,unknown,management,seminar,2026-06-18,mobile app,paid,registered,vegetarian,750.0,3.0,3.0
s12638,karthik rao,other,2026-07-13,17,kochi,commerce,hackathon,2026-11-06,website,refunded,attended,vegan,750.0,3.0,5.0
s12808,arun kumar,female,2026-07-05,17,pune,management,workshop,2026-01-06,walk-in,refunded,absent,vegan,200.0,2.5,4.0
s10175,naveen sharma,female,2026-01-09,18,coimbatore,civil engineering,cultural fest,2025-02-12,walk-in,pending,absent,vegetarian,200.0,2.5,2.0
s10440,naveen sharma,male,2026-03-30,27,coimbatore,computer science,workshop,2026-03-27,email,refunded,absent,vegetarian,750.0,2.0,5.0
s12067,ravi patel,male,2026-02-12,27,pune,electronics,seminar,2026-06-02,mobile app,paid,attended,vegan,200.0,2.5,3.0
s11792,lakshmi rao,male,2026-05-22,23,hyderabad,computer science,seminar,2026-04-17,mobile app,waived,registered,vegan,200.0,4.0,1.0
s11054,ravi patel,male,2026-01-11,23,chennai,computer science,workshop,2025-11-20,website,paid,attended,non-vegetarian,200.0,1.0,4.0
s11563,meena patel,male,2026-01-10,21,coimbatore,arts,workshop,2025-12-17,walk-in,pending,attended,no-meal,750.0,4.0,2.0
s12960,karthik rao,female,2026-08-21,26,hyderabad,commerce,sports meet,2026-11-08,campus desk,paid,registered,vegetarian,100.0,4.0,4.0
s11943,harini iyer,other,2026-07-10,19,mysuru,arts,sports meet,2026-08-07,campus desk,refunded,cancelled,no-meal,500.0,2.0,3.0
s10870,vikram das,male,2026-03-22,17,madurai,management,cultural fest,2026-01-31,website,waived,cancelled,vegetarian,100.0,2.0,2.0
s12432,manoj kumar,other,2026-05-25,19,mysuru,computer science,career fair,2026-05-04,mobile app,paid,registered,non-vegetarian,200.0,6.0,2.0
s10894,manoj kumar,female,2026-06-06,20,salem,management,sports meet,2026-04-05,walk-in,waived,absent,vegan,300.0,2.0,3.0
s10526,ravi patel,other,2026-05-15,24,chennai,commerce,workshop,2026-03-30,mobile app,refunded,absent,vegan,300.0,4.0,3.0
s11395,suresh kumar,other,2026-03-26,17,mysuru,computer science,cultural fest,2026-03-21,campus desk,refunded,registered,non-vegetarian,750.0,2.5,3.0
s11508,ravi patel,female,2026-08-19,19,mysuru,management,hackathon,2026-09-08,mobile app,waived,absent,vegan,200.0,2.5,1.0
s11186,divya iyer,female,2026-07-18,24,chennai,commerce,sports meet,2026-07-15,website,pending,attended,no-meal,300.0,2.0,5.0
s12148,keerthi rao,other,2026-12-03,20,trichy,civil engineering,sports meet,2026-01-19,unknown,paid,registered,vegetarian,100.0,6.0,4.0
s11290,anitha nair,female,2026-07-21,19,pune,computer science,cultural fest,2026-06-15,walk-in,paid,registered,vegetarian,200.0,2.5,5.0
s11824,vijay menon,male,2026-07-08,21,pune,civil engineering,cultural fest,2026-09-06,walk-in,paid,registered,vegan,200.0,2.5,1.0
s10478,divya iyer,female,2026-06-16,24,coimbatore,arts,career fair,2026-05-30,email,pending,absent,vegan,250.0,1.5,3.0
s10792,arun kumar,male,2026-02-09,24,bengaluru,management,hackathon,2026-01-30,mobile app,paid,attended,no-meal,200.0,2.5,2.0
s10604,vikram das,male,2026-01-22,23,chennai,commerce,career fair,2026-04-01,walk-in,pending,attended,non-vegetarian,100.0,2.0,4.0
s11735,ajay nair,female,2026-08-05,18,chennai,arts,cultural fest,2026-07-28,campus desk,waived,absent,no-meal,100.0,1.0,3.0
s12622,rahul menon,female,2026-06-06,23,hyderabad,civil engineering,sports meet,2026-05-30,campus desk,paid,attended,vegetarian,500.0,2.0,5.0
s11497,deepa sharma,male,2026-03-15,20,trichy,unknown,hackathon,2026-02-25,website,pending,registered,non-vegetarian,200.0,2.5,4.0
s12383,harini iyer,female,2026-02-14,27,pune,management,hackathon,2026-04-01,unknown,pending,registered,vegan,200.0,2.5,3.0
s10152,swetha menon,unknown,2026-04-27,21,bengaluru,mechanical,sports meet,2026-06-03,unknown,paid,absent,non-vegetarian,100.0,6.0,4.0
s10806,rahul menon,female,2026-05-22,18,coimbatore,civil engineering,hackathon,2026-01-05,campus desk,pending,attended,no-meal,200.0,4.0,3.0
s12299,deepa sharma,female,2026-05-07,23,kochi,computer science,seminar,2026-06-21,mobile app,refunded,attended,vegan,150.0,1.5,3.0
s12639,ajay nair,other,2026-05-29,18,pune,management,seminar,2026-07-04,campus desk,refunded,registered,no-meal,250.0,2.0,3.0
s10266,anitha nair,unknown,2026-07-20,18,mysuru,electronics,cultural fest,2026-05-07,email,pending,absent,no-meal,200.0,2.5,5.0
s11669,ajay nair,female,2026-08-27,25,unknown,electronics,sports meet,2026-08-16,campus desk,paid,absent,vegetarian,200.0,2.5,3.0
s10610,lakshmi rao,female,2026-05-12,26,trichy,computer science,workshop,2026-03-25,website,paid,cancelled,vegetarian,100.0,4.0,3.0
s12274,priya sharma,female,2026-04-01,21,salem,civil engineering,hackathon,2026-03-21,walk-in,refunded,absent,non-vegetarian,200.0,2.5,4.0
s10768,suresh kumar,male,2026-07-23,23,bengaluru,mechanical,workshop,2026-10-06,walk-in,refunded,absent,vegetarian,750.0,1.5,3.0
s10494,suresh kumar,male,2026-08-08,18,coimbatore,civil engineering,hackathon,2026-07-22,mobile app,pending,attended,non-vegetarian,0.0,6.0,2.0
s10234,rahul menon,other,2026-04-08,17,trichy,management,sports meet,2026-02-14,campus desk,pending,cancelled,vegan,200.0,6.0,4.0
s12783,karthik rao,female,2026-01-21,24,unknown,management,workshop,2026-01-19,email,refunded,absent,no-meal,200.0,2.0,2.0
s12585,vijay menon,other,2026-08-22,27,mysuru,mechanical,sports meet,2026-07-19,email,refunded,absent,vegetarian,100.0,1.5,1.0
s11244,ravi patel,female,2026-05-16,18,pune,mechanical,career fair,2026-09-04,mobile app,refunded,attended,vegetarian,300.0,2.5,4.0
s10097,keerthi rao,other,2026-03-28,18,hyderabad,management,workshop,2026-03-21,website,refunded,registered,vegan,300.0,4.0,3.0
s12288,ravi patel,female,2026-02-14,22,trichy,civil engineering,hackathon,2026-01-30,mobile app,waived,registered,vegetarian,200.0,2.5,3.0
s11039,meena patel,other,2026-01-22,17,mysuru,civil engineering,sports meet,2026-11-01,website,pending,registered,no-meal,300.0,1.5,5.0
s11031,ravi patel,other,2026-07-02,25,mysuru,civil engineering,career fair,2026-01-14,walk-in,refunded,registered,vegetarian,150.0,2.0,3.0
s11248,meena patel,other,2026-08-08,17,unknown,civil engineering,hackathon,2026-01-07,walk-in,waived,registered,vegetarian,150.0,1.5,1.0
s11588,suresh kumar,male,2026-11-01,21,hyderabad,civil engineering,seminar,2025-11-23,campus desk,waived,attended,vegan,300.0,6.0,3.0
s10449,rahul menon,male,2026-08-24,24,hyderabad,mechanical,cultural fest,2026-08-14,email,paid,attended,non-vegetarian,750.0,2.5,3.0
s10048,vijay menon,other,2026-07-19,19,hyderabad,computer science,workshop,2026-05-31,campus desk,paid,absent,vegetarian,750.0,3.0,4.0
s11900,swetha menon,female,2026-03-07,26,salem,management,cultural fest,2026-01-22,website,paid,cancelled,unknown,250.0,2.0,5.0
s10517,arun kumar,other,2026-01-22,20,kochi,commerce,seminar,2025-11-26,website,waived,absent,vegetarian,500.0,2.0,5.0
s11745,meena patel,male,2026-08-27,17,chennai,management,seminar,2026-07-27,mobile app,paid,registered,vegetarian,200.0,2.5,3.0
s12019,meena patel,other,2026-06-12,19,hyderabad,arts,hackathon,2026-05-30,website,waived,absent,no-meal,750.0,2.5,1.0
s11982,priya sharma,male,2026-08-09,26,kochi,mechanical,seminar,2026-07-08,walk-in,waived,cancelled,vegetarian,500.0,4.0,1.0
s11020,suresh kumar,male,2026-08-26,23,bengaluru,management,career fair,2026-04-08,mobile app,waived,cancelled,non-vegetarian,150.0,3.0,3.0
s12563,arun kumar,male,2026-04-17,22,coimbatore,commerce,cultural fest,2026-06-04,website,refunded,registered,vegetarian,0.0,6.0,3.0
s11067,deepa sharma,male,2026-12-03,17,mysuru,electronics,sports meet,2026-05-02,website,pending,attended,unknown,500.0,2.5,3.0
s12593,manoj kumar,male,2026-02-14,24,madurai,electronics,workshop,2025-12-21,website,pending,cancelled,vegetarian,500.0,2.0,3.0
s12849,keerthi rao,male,2026-04-08,23,mysuru,civil engineering,workshop,2026-03-16,email,pending,registered,vegan,200.0,2.5,3.0
s11407,rahul menon,male,2026-03-01,23,unknown,computer science,hackathon,2026-01-01,unknown,refunded,cancelled,vegetarian,200.0,2.5,3.0
s12534,ravi patel,other,2026-06-13,18,pune,arts,seminar,2026-03-05,walk-in,pending,cancelled,no-meal,150.0,1.0,3.0
s12461,karthik rao,male,2026-03-31,27,mysuru,commerce,workshop,2026-03-03,unknown,waived,absent,non-vegetarian,200.0,2.5,5.0
s11963,anitha nair,male,2026-07-10,21,coimbatore,management,hackathon,2026-06-26,email,pending,registered,non-vegetarian,200.0,2.5,5.0
s12382,priya sharma,female,2026-01-28,19,coimbatore,computer science,cultural fest,2025-03-12,walk-in,paid,cancelled,non-vegetarian,200.0,2.5,1.0
s11418,vikram das,other,2026-04-10,24,pune,arts,career fair,2026-02-25,walk-in,refunded,cancelled,vegetarian,0.0,6.0,3.0
s11676,meena patel,female,2026-02-12,18,hyderabad,civil engineering,seminar,2025-12-30,email,pending,cancelled,non-vegetarian,200.0,2.5,4.0
s12401,keerthi rao,other,2026-06-10,22,salem,arts,hackathon,2026-05-16,campus desk,pending,attended,no-meal,500.0,3.0,2.0
s11829,vikram das,male,2026-01-28,17,kochi,computer science,hackathon,2025-12-15,campus desk,waived,absent,vegan,0.0,2.0,1.0
s12081,vikram das,female,2026-07-19,17,hyderabad,civil engineering,cultural fest,2026-03-07,mobile app,pending,cancelled,non-vegetarian,200.0,2.5,3.0
s10360,vijay menon,female,2026-06-22,27,madurai,management,sports meet,2026-04-05,website,paid,registered,no-meal,150.0,1.0,2.0
s12644,ravi patel,female,2026-06-07,19,madurai,arts,workshop,2026-05-24,unknown,pending,cancelled,no-meal,750.0,4.0,5.0
s11216,ravi patel,male,2026-09-01,19,kochi,management,workshop,2026-08-19,website,paid,attended,vegan,300.0,1.5,5.0
s10341,vijay menon,male,2026-01-28,24,pune,electronics,hackathon,2025-06-12,campus desk,paid,absent,non-vegetarian,100.0,2.5,3.0
s11043,deepa sharma,other,2026-01-28,20,bengaluru,civil engineering,workshop,2026-08-01,campus desk,pending,absent,vegetarian,750.0,2.0,5.0
s12470,rahul menon,male,2026-08-05,19,unknown,civil engineering,workshop,2026-08-07,email,paid,absent,no-meal,0.0,3.0,3.0
s10047,priya sharma,other,2026-07-03,21,coimbatore,unknown,hackathon,2026-07-06,email,paid,cancelled,vegan,750.0,2.5,3.0
s11398,swetha menon,female,2026-01-05,21,madurai,management,sports meet,2026-01-01,email,paid,cancelled,no-meal,0.0,3.0,2.0
s11648,deepa sharma,male,2026-04-19,26,salem,computer science,hackathon,1900-01-01,walk-in,paid,absent,no-meal,200.0,2.5,3.0
s12057,vikram das,other,2026-06-24,20,trichy,mechanical,cultural fest,2026-12-05,campus desk,paid,registered,vegetarian,750.0,3.0,2.0
s10291,suresh kumar,unknown,2026-02-21,21,trichy,mechanical,cultural fest,2026-02-14,website,pending,attended,vegetarian,250.0,1.5,3.0
s11922,deepa sharma,male,2026-07-14,22,mysuru,mechanical,seminar,2026-06-26,campus desk,pending,cancelled,vegan,300.0,6.0,1.0
s10711,suresh kumar,male,2026-07-30,26,coimbatore,arts,hackathon,2026-12-06,mobile app,refunded,absent,vegan,750.0,1.5,2.0
s12381,karthik rao,other,2026-06-28,23,pune,computer science,cultural fest,2026-06-14,email,refunded,registered,vegetarian,200.0,2.5,1.0
s12360,ajay nair,female,2026-01-06,19,madurai,electronics,cultural fest,2025-08-12,campus desk,refunded,cancelled,no-meal,200.0,2.5,4.0
s10530,keerthi rao,other,2026-04-07,20,kochi,electronics,career fair,2026-06-25,mobile app,pending,absent,non-vegetarian,750.0,1.5,5.0
s11507,swetha menon,other,2026-04-14,21,hyderabad,management,cultural fest,2026-06-03,email,waived,absent,no-meal,200.0,1.0,1.0
s11040,divya iyer,other,2026-01-12,27,madurai,management,cultural fest,2025-11-21,mobile app,pending,registered,non-vegetarian,100.0,1.5,3.0
s10747,pooja das,other,2026-02-22,17,coimbatore,computer science,career fair,2026-12-01,campus desk,refunded,cancelled,no-meal,200.0,1.5,3.0
s10300,priya sharma,female,2026-01-30,26,coimbatore,civil engineering,seminar,1900-01-01,mobile app,paid,cancelled,non-vegetarian,500.0,4.0,4.0
s10537,keerthi rao,other,2026-06-08,25,trichy,arts,career fair,2026-06-23,mobile app,refunded,attended,vegan,750.0,1.5,4.0
s10993,suresh kumar,female,2026-01-27,25,trichy,commerce,seminar,2025-01-12,campus desk,refunded,cancelled,no-meal,200.0,2.5,3.0
s10814,pooja das,male,2026-06-28,26,chennai,computer science,sports meet,2026-06-16,walk-in,waived,attended,vegan,150.0,1.0,4.0
s11139,ajay nair,male,2026-08-27,24,coimbatore,management,career fair,2026-11-08,email,paid,attended,vegan,200.0,1.0,5.0
s12627,lakshmi rao,female,2026-02-14,22,mysuru,management,cultural fest,2026-12-01,website,paid,cancelled,vegetarian,300.0,1.5,3.0
s10493,arun kumar,male,2026-06-15,22,bengaluru,computer science,hackathon,2026-08-05,mobile app,waived,cancelled,non-vegetarian,0.0,1.0,3.0
s11351,priya sharma,male,2026-06-19,17,trichy,commerce,hackathon,2026-06-16,mobile app,paid,cancelled,vegan,200.0,2.5,1.0
s10591,lakshmi rao,male,2026-04-16,23,unknown,computer science,seminar,2026-02-21,campus desk,pending,registered,vegetarian,750.0,3.0,3.0
s10521,naveen sharma,unknown,2026-02-20,27,unknown,mechanical,seminar,2026-01-22,mobile app,pending,cancelled,vegan,0.0,1.0,4.0
s12687,keerthi rao,male,2026-05-02,23,mysuru,commerce,hackathon,2026-01-25,campus desk,paid,registered,vegetarian,300.0,3.0,3.0
s12684,arun kumar,male,2026-07-24,21,madurai,arts,cultural fest,2026-04-06,campus desk,waived,absent,vegan,200.0,6.0,4.0
s11847,anitha nair,other,2026-07-31,26,pune,management,sports meet,2026-06-22,campus desk,waived,attended,unknown,500.0,2.0,5.0
s10558,lakshmi rao,male,2026-01-28,26,bengaluru,commerce,hackathon,2026-01-17,website,paid,attended,non-vegetarian,0.0,1.0,3.0
s10390,karthik rao,other,2026-08-22,26,mysuru,mechanical,hackathon,2026-03-08,campus desk,waived,absent,no-meal,150.0,6.0,5.0
s10866,vikram das,male,2026-06-20,24,trichy,electronics,hackathon,2026-01-06,walk-in,waived,cancelled,vegetarian,0.0,2.5,3.0
s10533,divya iyer,male,2026-07-17,26,madurai,civil engineering,sports meet,2026-06-25,email,waived,cancelled,no-meal,500.0,2.0,3.0
s10735,vikram das,female,2026-01-15,24,salem,management,sports meet,2026-07-01,email,paid,cancelled,unknown,200.0,2.5,1.0
s12530,ravi patel,female,2026-01-30,18,kochi,commerce,career fair,2025-12-24,email,pending,registered,vegetarian,200.0,2.5,1.0
s10839,swetha menon,other,2026-05-16,25,trichy,computer science,cultural fest,2026-04-28,mobile app,waived,absent,non-vegetarian,0.0,2.5,3.0
s10712,rahul menon,other,2026-08-22,19,trichy,mechanical,seminar,2026-08-18,email,paid,absent,vegetarian,200.0,2.5,3.0
s10252,vikram das,other,2026-02-23,19,kochi,civil engineering,career fair,2026-02-15,mobile app,pending,registered,vegan,0.0,6.0,3.0
s10984,deepa sharma,female,2026-06-30,22,bengaluru,civil engineering,hackathon,2026-05-06,website,pending,attended,non-vegetarian,200.0,2.5,3.0
s10781,ajay nair,unknown,2026-04-22,19,unknown,arts,workshop,2026-10-04,walk-in,waived,cancelled,non-vegetarian,150.0,4.0,2.0
s12414,ajay nair,female,2026-07-20,26,trichy,mechanical,cultural fest,2026-06-13,mobile app,refunded,absent,vegan,750.0,4.0,4.0
s10444,lakshmi rao,male,2026-08-08,25,mysuru,computer science,cultural fest,2026-07-23,walk-in,pending,registered,vegan,500.0,2.0,5.0
s10699,naveen sharma,male,2026-05-13,24,kochi,arts,seminar,2026-04-17,website,paid,attended,vegetarian,0.0,1.5,3.0
s11207,naveen sharma,other,2026-04-04,18,coimbatore,electronics,seminar,2026-02-28,website,refunded,attended,no-meal,150.0,6.0,5.0
s12123,keerthi rao,male,2026-08-24,24,chennai,management,cultural fest,2026-06-26,walk-in,pending,registered,vegan,200.0,1.0,5.0
s10011,anitha nair,male,2026-02-28,19,bengaluru,civil engineering,workshop,2026-01-24,website,pending,absent,no-meal,200.0,2.5,3.0
s11647,arun kumar,other,2026-06-23,21,pune,arts,workshop,2026-04-06,website,paid,cancelled,no-meal,150.0,1.5,3.0
s12496,swetha menon,other,2026-07-28,20,coimbatore,mechanical,cultural fest,2026-06-30,campus desk,waived,attended,no-meal,300.0,1.5,3.0
s11389,naveen sharma,female,2026-01-19,19,kochi,mechanical,hackathon,2025-12-16,walk-in,paid,absent,non-vegetarian,200.0,2.0,3.0
s10079,naveen sharma,female,2026-04-26,23,unknown,commerce,sports meet,2026-03-19,website,refunded,attended,non-vegetarian,100.0,2.5,3.0
s11208,deepa sharma,female,2026-01-03,19,coimbatore,arts,seminar,2026-02-26,unknown,paid,absent,no-meal,300.0,2.0,5.0
s10831,ravi patel,male,2026-03-29,23,mysuru,commerce,career fair,2026-02-14,email,refunded,absent,vegan,150.0,4.0,5.0
s11045,pooja das,other,2026-02-02,23,unknown,civil engineering,cultural fest,2026-08-01,website,paid,attended,vegetarian,100.0,1.5,2.0
s11383,suresh kumar,female,2026-04-12,24,kochi,mechanical,cultural fest,2026-03-17,mobile app,pending,cancelled,vegetarian,500.0,2.0,5.0
s11162,vikram das,other,2026-02-05,23,kochi,civil engineering,sports meet,2026-01-23,email,pending,attended,non-vegetarian,300.0,2.0,3.0
s11317,arun kumar,male,2026-07-21,24,coimbatore,civil engineering,hackathon,2026-06-21,email,waived,absent,no-meal,150.0,1.0,3.0
s11372,naveen sharma,other,2026-04-30,23,hyderabad,management,career fair,2026-04-28,website,waived,absent,unknown,150.0,1.0,5.0
s10194,arun kumar,unknown,2026-07-07,22,salem,computer science,cultural fest,2026-06-25,campus desk,pending,registered,unknown,0.0,1.0,2.0
s11779,arun kumar,other,2026-02-27,23,salem,management,workshop,2026-04-02,email,pending,registered,no-meal,200.0,2.5,3.0
s11980,meena patel,male,2026-01-23,22,kochi,mechanical,career fair,2025-12-26,mobile app,paid,cancelled,vegan,750.0,4.0,1.0
s11722,ravi patel,male,2026-06-22,18,coimbatore,commerce,workshop,2026-02-06,website,waived,cancelled,vegetarian,500.0,6.0,5.0
s10439,deepa sharma,other,2026-06-27,22,chennai,civil engineering,sports meet,2026-06-20,email,paid,registered,no-meal,0.0,2.0,1.0
s10026,lakshmi rao,male,2026-05-15,19,hyderabad,commerce,seminar,2026-04-14,email,refunded,cancelled,non-vegetarian,100.0,2.0,5.0
s12558,keerthi rao,male,2026-01-10,18,chennai,arts,cultural fest,2025-07-12,unknown,paid,cancelled,vegetarian,200.0,1.5,3.0
s10104,keerthi rao,male,2026-09-01,20,chennai,arts,workshop,2026-07-17,walk-in,pending,registered,vegan,300.0,3.0,3.0
s11137,anitha nair,male,2026-01-22,25,salem,mechanical,workshop,2025-12-30,email,pending,attended,non-vegetarian,200.0,2.5,5.0
s12706,arun kumar,male,2026-02-22,18,coimbatore,electronics,seminar,2026-05-02,walk-in,waived,registered,vegetarian,750.0,2.5,2.0
s12408,karthik rao,male,2026-05-01,22,hyderabad,electronics,seminar,2026-04-14,email,refunded,registered,no-meal,750.0,4.0,3.0
s11606,harini iyer,female,2026-04-19,24,chennai,management,seminar,2026-06-03,walk-in,paid,registered,vegan,300.0,2.0,1.0
s10905,rahul menon,female,2026-10-01,23,mysuru,civil engineering,career fair,2025-09-12,email,waived,absent,no-meal,750.0,2.5,1.0
s11739,deepa sharma,male,2026-08-18,24,trichy,mechanical,cultural fest,2026-01-07,mobile app,refunded,cancelled,non-vegetarian,100.0,4.0,3.0
s12904,pooja das,other,2026-07-16,18,pune,civil engineering,seminar,2026-02-07,campus desk,waived,cancelled,no-meal,200.0,4.0,3.0
s11906,karthik rao,female,2026-06-20,18,pune,civil engineering,seminar,2026-05-30,email,pending,attended,no-meal,100.0,3.0,2.0
s10073,karthik rao,female,2026-05-31,23,mysuru,civil engineering,seminar,2026-05-16,walk-in,waived,attended,vegan,0.0,3.0,3.0
s12773,deepa sharma,other,2026-03-05,22,mysuru,management,seminar,2026-02-25,mobile app,waived,registered,vegetarian,200.0,2.5,3.0
s11175,karthik rao,female,2026-04-18,26,hyderabad,mechanical,workshop,2026-04-15,email,refunded,absent,no-meal,750.0,1.5,3.0
s11023,vijay menon,female,2026-07-27,18,mysuru,computer science,seminar,2026-07-24,campus desk,waived,registered,vegan,200.0,2.5,4.0
s11890,keerthi rao,male,2026-05-18,17,kochi,mechanical,cultural fest,2026-03-19,email,waived,absent,vegetarian,150.0,4.0,5.0
s10457,divya iyer,other,2026-04-21,17,coimbatore,electronics,career fair,2026-02-03,mobile app,paid,registered,no-meal,200.0,6.0,4.0
s10004,vijay menon,male,2026-08-29,25,coimbatore,management,sports meet,2026-07-19,mobile app,refunded,cancelled,vegan,200.0,2.5,3.0
s12484,ajay nair,female,2026-05-29,24,trichy,unknown,sports meet,2026-04-19,unknown,pending,attended,vegetarian,200.0,2.5,3.0
s10928,ravi patel,male,2026-07-04,17,madurai,management,hackathon,1900-01-01,mobile app,pending,cancelled,non-vegetarian,100.0,1.0,3.0
s11396,ajay nair,male,2026-08-14,26,chennai,arts,career fair,2026-10-07,website,refunded,registered,non-vegetarian,300.0,1.0,3.0
s10412,priya sharma,other,2026-03-25,23,coimbatore,management,sports meet,2026-07-02,mobile app,refunded,cancelled,non-vegetarian,200.0,2.5,3.0
s11297,ajay nair,other,2026-01-08,23,mysuru,management,workshop,2026-05-01,campus desk,paid,registered,vegan,100.0,6.0,5.0
s11333,meena patel,other,2026-06-13,27,mysuru,arts,seminar,2026-04-26,walk-in,pending,cancelled,vegan,300.0,1.0,3.0
s11844,keerthi rao,female,2026-01-18,26,bengaluru,civil engineering,sports meet,2025-03-12,mobile app,refunded,cancelled,non-vegetarian,0.0,4.0,1.0
s12753,deepa sharma,other,2026-05-22,26,bengaluru,computer science,seminar,2026-06-04,walk-in,waived,attended,non-vegetarian,200.0,2.5,2.0
s12905,arun kumar,female,2026-03-21,27,coimbatore,arts,hackathon,2026-02-23,email,waived,registered,non-vegetarian,100.0,2.0,1.0
s12296,manoj kumar,other,2026-04-19,17,trichy,computer science,hackathon,2026-09-03,email,pending,cancelled,unknown,300.0,3.0,3.0
s12748,lakshmi rao,unknown,2026-05-19,21,bengaluru,management,hackathon,2026-04-20,mobile app,refunded,registered,vegan,300.0,1.0,2.0
s11417,naveen sharma,other,2026-09-08,23,mysuru,arts,workshop,2026-06-24,campus desk,refunded,cancelled,vegan,200.0,2.5,3.0
s10491,vikram das,male,2026-06-11,23,madurai,electronics,workshop,2026-05-22,email,refunded,absent,vegan,300.0,1.5,1.0
s12300,anitha nair,other,2026-05-09,20,chennai,mechanical,workshop,2026-04-14,walk-in,refunded,attended,vegetarian,100.0,6.0,5.0
s12234,vikram das,male,2026-05-09,19,bengaluru,civil engineering,hackathon,2026-06-05,campus desk,pending,attended,non-vegetarian,200.0,1.0,5.0
s11391,anitha nair,female,2026-05-07,27,chennai,arts,cultural fest,2026-04-27,email,paid,cancelled,vegan,250.0,6.0,1.0
s10495,vikram das,female,2026-02-04,19,hyderabad,mechanical,cultural fest,2026-01-25,walk-in,pending,cancelled,vegetarian,200.0,1.5,5.0
s10707,harini iyer,other,2026-05-29,19,chennai,computer science,hackathon,2026-04-17,walk-in,waived,absent,vegan,150.0,2.0,5.0
s12397,ajay nair,other,2026-03-19,26,bengaluru,commerce,cultural fest,2026-10-02,email,paid,registered,vegetarian,300.0,6.0,1.0
s11855,arun kumar,male,2026-09-01,22,pune,electronics,cultural fest,2026-08-15,email,waived,registered,vegetarian,300.0,2.0,3.0
s10614,keerthi rao,other,2026-01-28,17,bengaluru,arts,career fair,2026-01-22,walk-in,pending,absent,non-vegetarian,200.0,2.5,5.0
s12014,vijay menon,female,2026-04-25,24,bengaluru,electronics,sports meet,2026-05-03,campus desk,paid,cancelled,non-vegetarian,150.0,1.5,2.0
s11998,pooja das,female,2026-09-03,22,salem,arts,career fair,2026-02-20,campus desk,paid,absent,vegetarian,300.0,1.5,3.0
s11893,vikram das,male,2026-05-24,19,unknown,arts,cultural fest,2026-04-29,walk-in,pending,cancelled,no-meal,500.0,3.0,3.0
s10830,swetha menon,female,2026-07-05,25,chennai,civil engineering,cultural fest,2026-09-05,mobile app,paid,cancelled,no-meal,200.0,2.5,2.0
s11667,anitha nair,other,2026-03-23,20,pune,arts,workshop,2026-03-16,email,waived,cancelled,no-meal,200.0,2.5,3.0
s12686,keerthi rao,male,2026-07-21,25,hyderabad,mechanical,career fair,2026-06-26,campus desk,refunded,cancelled,vegan,250.0,1.5,1.0
s11652,arun kumar,male,2026-05-19,24,hyderabad,arts,career fair,2026-04-24,mobile app,refunded,cancelled,vegan,0.0,1.5,4.0
s10650,manoj kumar,male,2026-06-13,20,mysuru,mechanical,seminar,2026-04-29,walk-in,waived,attended,no-meal,100.0,1.0,1.0
s11348,swetha menon,male,2026-05-27,19,hyderabad,civil engineering,seminar,2026-05-16,walk-in,paid,cancelled,non-vegetarian,150.0,6.0,3.0
s12316,deepa sharma,male,2026-01-09,27,trichy,commerce,cultural fest,2025-12-27,email,pending,cancelled,non-vegetarian,750.0,1.5,3.0
s11948,lakshmi rao,female,2026-04-16,20,pune,civil engineering,seminar,2026-07-03,website,pending,cancelled,non-vegetarian,0.0,1.5,3.0
s12503,pooja das,female,2026-01-12,22,madurai,mechanical,sports meet,2025-12-27,campus desk,paid,cancelled,non-vegetarian,750.0,3.0,0.0
s11956,pooja das,other,2026-07-06,27,trichy,mechanical,career fair,2026-06-26,walk-in,paid,cancelled,non-vegetarian,750.0,1.5,5.0
s11607,priya sharma,male,2026-08-16,22,bengaluru,civil engineering,seminar,2026-06-28,email,pending,attended,vegetarian,100.0,1.5,2.0
s11725,manoj kumar,male,2026-05-24,26,bengaluru,civil engineering,career fair,2026-05-14,campus desk,paid,registered,no-meal,500.0,2.5,0.0
s10429,lakshmi rao,other,2026-07-26,24,pune,computer science,sports meet,2026-05-07,mobile app,pending,registered,no-meal,750.0,6.0,2.0
s12843,suresh kumar,other,2026-02-08,17,madurai,computer science,hackathon,2026-07-01,campus desk,pending,cancelled,non-vegetarian,200.0,2.5,1.0
s11236,vijay menon,male,2026-10-05,18,kochi,mechanical,hackathon,2026-03-17,mobile app,pending,absent,vegetarian,150.0,2.0,3.0
s11929,pooja das,male,2026-03-17,26,bengaluru,civil engineering,hackathon,2026-02-23,mobile app,waived,absent,vegan,300.0,4.0,4.0
s11612,rahul menon,female,2026-03-12,22,bengaluru,civil engineering,sports meet,2026-11-01,campus desk,waived,absent,vegan,500.0,3.0,4.0
s10395,suresh kumar,other,2026-08-06,21,kochi,arts,seminar,2026-12-07,campus desk,pending,registered,non-vegetarian,750.0,1.0,3.0
s10621,meena patel,other,2026-06-13,26,madurai,commerce,career fair,2026-06-06,email,refunded,absent,vegan,500.0,2.5,3.0
s10434,vijay menon,female,2026-08-25,26,hyderabad,computer science,workshop,2026-02-08,website,waived,registered,no-meal,0.0,1.0,3.0
s11787,arun kumar,other,2026-06-12,20,chennai,computer science,sports meet,2026-04-13,mobile app,waived,registered,vegan,0.0,2.5,3.0
s11791,ajay nair,other,2026-04-21,22,salem,electronics,sports meet,2026-04-15,unknown,paid,cancelled,non-vegetarian,150.0,2.5,4.0
s12531,anitha nair,male,2026-06-29,20,chennai,mechanical,sports meet,2026-06-25,mobile app,paid,registered,vegan,750.0,2.5,5.0
s11611,priya sharma,male,2026-08-16,17,mysuru,commerce,workshop,2026-06-26,email,pending,absent,vegan,300.0,1.0,2.0
s11164,anitha nair,female,2026-06-30,20,trichy,arts,seminar,2026-05-16,website,waived,absent,no-meal,200.0,2.5,2.0
s11000,anitha nair,other,2026-01-19,23,chennai,management,workshop,2026-11-01,campus desk,refunded,cancelled,vegetarian,200.0,1.0,3.0
s12552,pooja das,other,2026-09-01,25,pune,electronics,seminar,2026-07-15,mobile app,refunded,absent,vegan,250.0,2.0,3.0
s11111,pooja das,other,2026-06-28,22,chennai,electronics,career fair,2026-09-06,walk-in,pending,attended,vegan,200.0,2.5,1.0
s12935,suresh kumar,female,2026-01-08,18,mysuru,computer science,sports meet,2025-11-14,campus desk,waived,attended,vegan,250.0,2.5,1.0
s11887,ravi patel,male,2026-01-13,19,pune,electronics,sports meet,2026-04-01,walk-in,pending,attended,no-meal,750.0,4.0,0.0
s12665,ajay nair,female,2026-06-27,21,chennai,computer science,sports meet,2026-06-26,campus desk,waived,registered,vegan,750.0,2.5,5.0
s10480,divya iyer,female,2026-05-03,20,pune,civil engineering,cultural fest,2026-09-04,email,pending,attended,vegetarian,200.0,2.5,2.0
s10726,harini iyer,female,2026-03-22,20,mysuru,electronics,seminar,2026-03-19,campus desk,waived,cancelled,no-meal,100.0,2.5,3.0
s11672,karthik rao,male,2026-02-24,18,mysuru,electronics,seminar,2026-08-02,website,waived,cancelled,vegetarian,300.0,4.0,3.0
s11542,arun kumar,male,2026-07-02,18,trichy,arts,cultural fest,2026-01-01,walk-in,waived,registered,vegetarian,250.0,2.5,3.0
s10702,rahul menon,male,2026-01-09,23,madurai,arts,cultural fest,2025-08-12,email,waived,registered,no-meal,300.0,6.0,3.0
s12169,pooja das,male,2026-03-01,24,coimbatore,electronics,workshop,2026-04-01,walk-in,refunded,cancelled,vegan,200.0,2.5,3.0
s11812,divya iyer,other,2026-03-30,26,salem,commerce,cultural fest,2026-03-28,walk-in,waived,registered,unknown,150.0,2.5,1.0
s10957,ajay nair,other,2026-05-08,19,salem,mechanical,workshop,2026-04-25,walk-in,refunded,absent,unknown,200.0,2.5,3.0
s10217,manoj kumar,male,2026-04-22,22,coimbatore,electronics,career fair,2026-02-03,mobile app,waived,registered,vegan,300.0,2.0,5.0
s11726,naveen sharma,other,2026-04-17,17,madurai,arts,workshop,2026-02-25,email,pending,absent,non-vegetarian,150.0,1.5,1.0
s11301,keerthi rao,male,2026-04-18,21,salem,management,seminar,2026-03-23,campus desk,waived,absent,vegetarian,0.0,2.0,3.0
s10511,keerthi rao,female,2026-01-11,27,pune,commerce,cultural fest,2026-06-01,walk-in,pending,attended,no-meal,750.0,2.5,3.0
s11907,lakshmi rao,other,2026-06-15,26,hyderabad,mechanical,hackathon,2026-05-21,mobile app,paid,registered,no-meal,200.0,2.5,2.0
s10359,arun kumar,male,2026-03-02,21,bengaluru,commerce,workshop,2026-01-14,campus desk,paid,cancelled,vegan,250.0,1.5,1.0
s10737,anitha nair,other,2026-08-21,22,coimbatore,arts,workshop,2026-03-08,mobile app,pending,cancelled,no-meal,200.0,2.5,5.0
s12345,anitha nair,male,2026-06-07,18,hyderabad,management,career fair,2026-05-22,website,pending,attended,vegetarian,500.0,2.5,3.0
s12078,anitha nair,female,2026-08-15,23,chennai,civil engineering,career fair,2026-06-20,walk-in,waived,absent,vegetarian,300.0,2.5,3.0
s10860,naveen sharma,male,2026-03-26,23,chennai,computer science,workshop,2026-01-31,campus desk,refunded,absent,non-vegetarian,0.0,4.0,3.0
s10251,manoj kumar,unknown,2026-01-15,26,hyderabad,mechanical,career fair,2026-01-14,walk-in,paid,registered,vegetarian,200.0,2.5,5.0
s11293,karthik rao,other,2026-07-16,20,chennai,electronics,career fair,2026-06-25,website,refunded,cancelled,no-meal,250.0,2.0,4.0
s11543,lakshmi rao,other,2026-08-12,19,mysuru,arts,cultural fest,2026-06-16,walk-in,waived,absent,no-meal,300.0,1.0,5.0
s12866,swetha menon,female,2026-01-06,23,mysuru,mechanical,seminar,2025-01-12,mobile app,paid,attended,no-meal,200.0,2.5,4.0
s11282,meena patel,other,2026-01-05,20,bengaluru,mechanical,seminar,2025-09-11,mobile app,paid,absent,vegan,200.0,1.0,1.0
s10094,swetha menon,male,2026-05-04,22,bengaluru,mechanical,hackathon,2026-01-03,campus desk,waived,registered,vegetarian,150.0,6.0,4.0
s12785,priya sharma,female,2026-05-25,17,mysuru,computer science,hackathon,2026-04-30,email,waived,registered,vegetarian,200.0,2.5,3.0
s12370,manoj kumar,female,2026-05-25,18,kochi,unknown,cultural fest,2026-01-04,email,waived,cancelled,non-vegetarian,150.0,6.0,5.0
s11516,suresh kumar,female,2026-02-18,27,hyderabad,arts,cultural fest,2026-12-02,email,waived,registered,vegetarian,200.0,1.0,4.0
s10137,divya iyer,male,2026-07-13,17,mysuru,mechanical,hackathon,2026-03-07,walk-in,refunded,attended,non-vegetarian,250.0,3.0,5.0
s10292,arun kumar,female,2026-07-02,17,mysuru,electronics,seminar,2026-12-05,walk-in,refunded,absent,no-meal,300.0,1.0,2.0
s10998,rahul menon,other,2026-01-08,24,salem,arts,cultural fest,2025-03-12,walk-in,refunded,attended,non-vegetarian,200.0,2.5,2.0
s12653,divya iyer,other,2026-07-22,21,kochi,mechanical,hackathon,2026-05-26,mobile app,paid,absent,non-vegetarian,200.0,2.5,5.0
s11750,divya iyer,other,2026-04-03,23,pune,commerce,seminar,2026-07-01,walk-in,waived,registered,vegetarian,0.0,2.5,5.0
s10472,harini iyer,unknown,2026-11-01,25,trichy,commerce,workshop,2025-11-16,walk-in,refunded,registered,no-meal,300.0,2.5,3.0
s12085,deepa sharma,female,2026-08-20,21,bengaluru,arts,cultural fest,2026-07-26,mobile app,paid,absent,non-vegetarian,750.0,1.0,5.0
s12268,suresh kumar,other,2026-03-09,25,coimbatore,commerce,hackathon,2026-01-22,email,pending,cancelled,non-vegetarian,500.0,1.0,3.0
s11378,harini iyer,other,2026-06-13,24,kochi,computer science,seminar,2026-05-06,campus desk,pending,attended,unknown,200.0,2.5,2.0
s12091,naveen sharma,other,2026-04-05,18,trichy,commerce,hackathon,2026-08-02,campus desk,pending,registered,vegetarian,200.0,2.5,4.0
s12527,arun kumar,other,2026-06-20,25,mysuru,computer science,cultural fest,2026-05-18,walk-in,pending,absent,vegan,150.0,6.0,2.0
s12851,vijay menon,unknown,2026-03-10,22,coimbatore,management,cultural fest,2026-08-02,website,waived,attended,vegan,200.0,2.5,4.0
s12338,ravi patel,female,2026-01-28,19,salem,arts,workshop,2025-09-12,website,pending,registered,vegan,200.0,1.5,5.0
s11518,naveen sharma,female,2026-05-24,21,pune,electronics,sports meet,2026-05-04,email,waived,absent,vegetarian,150.0,3.0,1.0
s12405,anitha nair,female,2026-08-07,23,trichy,computer science,workshop,2026-06-25,mobile app,pending,attended,no-meal,750.0,6.0,5.0
s12335,vikram das,other,2026-07-20,24,salem,mechanical,sports meet,2026-06-29,walk-in,waived,registered,vegan,0.0,2.0,1.0
s11551,naveen sharma,female,2026-05-17,22,pune,computer science,sports meet,2026-03-18,website,paid,attended,no-meal,500.0,2.0,4.0
s12501,rahul menon,other,2026-06-06,21,mysuru,electronics,career fair,2026-05-16,campus desk,paid,cancelled,no-meal,300.0,4.0,1.0
s10435,karthik rao,female,2026-08-17,19,salem,arts,workshop,2026-07-18,walk-in,pending,cancelled,vegan,100.0,2.0,3.0
s10058,pooja das,female,2026-04-28,26,hyderabad,electronics,cultural fest,2026-05-04,email,waived,registered,vegetarian,250.0,4.0,4.0
s11703,priya sharma,male,2026-06-11,22,bengaluru,electronics,workshop,2026-05-25,email,refunded,registered,vegan,100.0,6.0,3.0
s11944,pooja das,male,2026-05-08,20,bengaluru,electronics,cultural fest,2026-04-08,campus desk,pending,attended,vegetarian,750.0,1.0,5.0
s12854,deepa sharma,other,2026-05-25,18,bengaluru,civil engineering,career fair,2026-04-29,walk-in,pending,attended,unknown,150.0,6.0,2.0
s10441,naveen sharma,female,2026-03-07,23,unknown,computer science,career fair,2026-01-16,website,refunded,absent,non-vegetarian,100.0,1.0,2.0
s11114,pooja das,other,2026-05-08,17,madurai,mechanical,workshop,2026-03-05,website,refunded,absent,vegetarian,300.0,3.0,3.0
s10628,ravi patel,female,2026-08-19,17,madurai,computer science,seminar,2026-06-29,walk-in,paid,attended,vegan,100.0,1.0,3.0
s10910,priya sharma,other,2026-03-08,19,mysuru,civil engineering,seminar,2026-06-02,mobile app,waived,absent,no-meal,100.0,4.0,2.0
s11189,vikram das,female,2026-01-22,22,pune,electronics,sports meet,2026-05-01,website,refunded,attended,non-vegetarian,200.0,2.5,3.0
s12043,vikram das,male,2026-05-19,18,trichy,management,sports meet,2026-03-26,walk-in,waived,absent,non-vegetarian,300.0,6.0,1.0
s10970,naveen sharma,male,2026-03-28,27,chennai,civil engineering,workshop,2026-03-17,website,paid,attended,vegetarian,100.0,1.0,2.0
s10335,deepa sharma,other,2026-04-20,24,trichy,mechanical,cultural fest,2026-04-14,walk-in,waived,attended,vegan,200.0,2.5,3.0
s12401,deepa sharma,female,2026-08-04,27,salem,electronics,seminar,2026-06-25,website,refunded,cancelled,vegan,100.0,1.5,1.0
s12131,ajay nair,female,2026-08-22,25,madurai,computer science,workshop,2026-08-20,campus desk,pending,registered,vegetarian,500.0,1.5,2.0
s10257,karthik rao,male,2026-10-08,26,mysuru,arts,sports meet,2026-06-19,email,waived,attended,non-vegetarian,200.0,2.5,5.0
s12024,karthik rao,male,2026-06-07,17,hyderabad,civil engineering,workshop,2026-04-26,mobile app,refunded,cancelled,non-vegetarian,250.0,4.0,5.0
s10586,karthik rao,other,2026-04-23,23,bengaluru,unknown,hackathon,2026-03-23,email,waived,absent,no-meal,300.0,1.5,2.0
s11694,suresh kumar,unknown,2026-08-15,24,chennai,mechanical,seminar,2026-07-31,campus desk,paid,attended,vegan,200.0,2.0,3.0
s10818,naveen sharma,female,2026-05-22,27,chennai,computer science,sports meet,2026-05-18,walk-in,refunded,registered,vegan,500.0,4.0,5.0
s12029,suresh kumar,female,2026-08-17,17,bengaluru,arts,hackathon,2026-11-08,website,waived,attended,vegetarian,150.0,4.0,4.0
s12636,rahul menon,female,2026-03-13,24,coimbatore,electronics,cultural fest,2026-01-22,website,paid,absent,vegan,200.0,6.0,4.0
s11085,priya sharma,male,2026-01-07,27,bengaluru,unknown,cultural fest,2025-11-23,campus desk,waived,registered,vegetarian,500.0,1.5,2.0
s11253,arun kumar,female,2026-07-25,18,pune,mechanical,seminar,2026-06-17,website,paid,attended,non-vegetarian,0.0,1.5,5.0
s10784,lakshmi rao,male,2026-11-05,26,mysuru,electronics,cultural fest,2026-03-24,walk-in,waived,attended,no-meal,200.0,1.5,2.0
s11523,naveen sharma,female,2026-03-18,26,madurai,arts,cultural fest,2026-01-22,walk-in,waived,absent,no-meal,0.0,2.5,2.0
s11474,suresh kumar,female,2026-05-31,21,hyderabad,electronics,career fair,2026-05-30,email,pending,registered,non-vegetarian,750.0,6.0,3.0
s12508,ravi patel,male,2026-06-19,21,hyderabad,civil engineering,sports meet,2026-04-27,website,refunded,attended,vegan,200.0,2.5,3.0
s11677,karthik rao,male,2026-04-03,20,chennai,mechanical,sports meet,2026-02-25,email,paid,attended,vegetarian,150.0,4.0,3.0
s10158,pooja das,male,2026-06-01,25,trichy,commerce,cultural fest,2026-05-25,mobile app,pending,absent,vegetarian,150.0,2.0,3.0
s11084,vikram das,other,2026-07-28,23,salem,computer science,sports meet,2026-02-07,mobile app,pending,cancelled,vegan,150.0,6.0,2.0
s10182,vijay menon,male,2026-08-31,17,madurai,electronics,cultural fest,2026-04-08,unknown,pending,registered,vegetarian,200.0,3.0,3.0
s12900,suresh kumar,female,1900-01-01,19,trichy,electronics,workshop,2026-03-15,campus desk,waived,cancelled,vegetarian,150.0,4.0,3.0
s11690,lakshmi rao,female,2026-08-07,27,salem,management,cultural fest,2026-06-20,email,refunded,absent,vegetarian,200.0,2.5,3.0
s11678,priya sharma,male,2026-06-11,19,madurai,mechanical,seminar,2026-10-05,unknown,refunded,absent,vegan,250.0,6.0,2.0
s10758,priya sharma,other,2026-07-28,24,kochi,computer science,career fair,2026-07-24,campus desk,paid,absent,vegetarian,200.0,1.5,3.0
s10858,vikram das,female,2026-03-12,19,salem,electronics,sports meet,2026-02-26,email,refunded,attended,vegan,250.0,1.0,1.0
s10892,meena patel,female,2026-04-21,25,madurai,arts,sports meet,2026-04-16,email,paid,cancelled,vegetarian,100.0,4.0,0.0
s12396,deepa sharma,other,2026-03-08,18,pune,computer science,sports meet,2026-02-21,email,paid,registered,unknown,200.0,2.5,4.0
s10871,arun kumar,female,2026-03-15,26,mysuru,computer science,seminar,2026-03-13,website,pending,cancelled,vegan,750.0,1.0,3.0
s11877,meena patel,male,2026-01-11,26,hyderabad,computer science,career fair,2025-05-12,email,waived,absent,vegan,500.0,1.5,2.0
s11809,rahul menon,male,2026-09-01,23,madurai,arts,hackathon,2026-08-29,website,refunded,cancelled,no-meal,0.0,2.0,3.0
s11291,meena patel,female,2026-01-20,26,pune,arts,hackathon,2025-12-21,walk-in,refunded,attended,vegetarian,150.0,1.5,1.0
s10578,naveen sharma,male,2026-09-04,24,hyderabad,arts,seminar,2026-03-30,mobile app,refunded,registered,no-meal,100.0,2.5,2.0
s11913,lakshmi rao,other,2026-06-27,21,trichy,arts,hackathon,2026-05-31,mobile app,paid,attended,no-meal,300.0,1.5,3.0
s12731,suresh kumar,male,2026-06-05,19,kochi,electronics,sports meet,2026-02-05,campus desk,waived,registered,no-meal,200.0,6.0,2.0
s11071,meena patel,female,2026-08-07,26,hyderabad,computer science,career fair,2026-06-21,walk-in,refunded,cancelled,non-vegetarian,200.0,2.5,3.0
s12372,suresh kumar,other,2026-05-11,24,madurai,commerce,cultural fest,2026-09-05,website,waived,cancelled,no-meal,100.0,2.5,5.0
s10597,meena patel,other,2026-04-07,23,salem,management,sports meet,2026-02-26,email,pending,absent,vegan,0.0,4.0,4.0
s12144,karthik rao,unknown,2026-01-10,26,bengaluru,management,workshop,2025-11-21,unknown,pending,attended,vegan,250.0,2.5,3.0
s12462,vikram das,female,2026-04-07,25,unknown,commerce,seminar,2026-03-17,email,pending,registered,vegan,200.0,2.5,1.0
s10767,vikram das,male,2026-04-24,23,unknown,management,career fair,2026-04-03,walk-in,waived,attended,vegan,300.0,3.0,5.0
s11886,ajay nair,female,2026-04-19,23,trichy,commerce,seminar,2026-03-14,email,paid,attended,vegan,150.0,4.0,3.0
s11510,keerthi rao,female,2026-01-05,23,kochi,electronics,seminar,2025-11-25,campus desk,refunded,attended,vegetarian,200.0,2.5,5.0
s12173,swetha menon,male,2026-03-06,18,coimbatore,arts,seminar,2026-02-20,campus desk,refunded,attended,non-vegetarian,300.0,6.0,3.0
s12678,anitha nair,unknown,2026-07-26,23,trichy,civil engineering,cultural fest,2026-07-06,email,waived,registered,no-meal,250.0,6.0,3.0
s10502,arun kumar,male,2026-06-21,19,hyderabad,civil engineering,hackathon,2026-05-19,email,refunded,attended,no-meal,500.0,1.5,3.0
s10911,rahul menon,female,2026-08-20,24,kochi,computer science,seminar,2026-07-17,email,refunded,cancelled,no-meal,200.0,2.5,5.0
s10112,karthik rao,other,2026-09-02,22,madurai,arts,sports meet,2025-12-25,campus desk,paid,attended,vegetarian,750.0,3.0,4.0
s10776,arun kumar,female,2026-08-15,20,salem,civil engineering,sports meet,2026-07-25,mobile app,waived,attended,vegan,200.0,1.5,3.0
s12214,suresh kumar,male,2026-02-27,19,madurai,electronics,cultural fest,2026-05-01,email,waived,absent,vegan,200.0,2.5,1.0
s10813,rahul menon,male,2026-08-16,19,coimbatore,management,seminar,2026-03-07,mobile app,pending,absent,vegetarian,200.0,2.5,2.0
s10751,suresh kumar,male,2026-07-31,17,salem,management,workshop,2026-05-07,email,refunded,attended,vegan,300.0,2.5,3.0
s11449,deepa sharma,other,2026-05-02,19,hyderabad,arts,cultural fest,2026-03-16,email,pending,registered,non-vegetarian,200.0,4.0,4.0
s10321,meena patel,other,2026-07-22,26,mysuru,commerce,sports meet,2026-07-19,email,pending,cancelled,no-meal,200.0,2.5,3.0
s10161,manoj kumar,other,2026-08-14,17,coimbatore,electronics,cultural fest,2026-07-22,mobile app,waived,absent,vegetarian,750.0,1.5,3.0
s12574,rahul menon,female,2026-06-07,20,bengaluru,electronics,sports meet,2026-04-18,website,pending,absent,no-meal,250.0,6.0,4.0
s10348,anitha nair,female,2026-04-26,20,kochi,arts,career fair,2026-03-22,walk-in,refunded,cancelled,no-meal,150.0,2.5,2.0
s11502,ajay nair,male,2026-03-06,21,bengaluru,computer science,career fair,2026-04-20,website,pending,registered,vegetarian,0.0,1.5,3.0
s12106,harini iyer,female,2026-01-05,19,coimbatore,civil engineering,hackathon,2025-07-11,walk-in,waived,absent,non-vegetarian,200.0,2.5,2.0
s10647,karthik rao,female,2026-04-24,23,salem,management,cultural fest,2026-03-25,campus desk,waived,cancelled,vegan,500.0,2.5,1.0
s11813,divya iyer,other,2026-08-09,24,chennai,civil engineering,workshop,2026-02-07,email,paid,cancelled,vegetarian,200.0,3.0,3.0
s10357,ajay nair,other,2026-06-27,25,hyderabad,arts,seminar,2026-06-06,website,waived,absent,no-meal,200.0,2.5,5.0
s11532,vijay menon,female,2026-04-22,23,hyderabad,mechanical,hackathon,2026-07-03,website,refunded,absent,no-meal,300.0,1.0,3.0
s12728,priya sharma,male,2026-06-20,20,coimbatore,mechanical,workshop,2026-04-06,email,paid,absent,vegetarian,250.0,1.0,4.0
s11863,lakshmi rao,female,2026-05-10,17,hyderabad,management,cultural fest,2026-04-13,walk-in,waived,registered,vegan,500.0,6.0,3.0
s10518,suresh kumar,other,2026-10-08,24,bengaluru,electronics,sports meet,2026-06-28,unknown,waived,registered,vegan,100.0,2.0,1.0
s10969,karthik rao,other,2026-04-23,27,madurai,management,career fair,2026-07-03,campus desk,pending,cancelled,vegetarian,100.0,4.0,3.0
s10216,deepa sharma,other,2026-08-09,27,trichy,electronics,seminar,2026-07-29,campus desk,refunded,absent,vegan,200.0,2.5,1.0
s12187,suresh kumar,male,2026-05-28,18,trichy,management,workshop,2026-04-29,walk-in,waived,registered,no-meal,500.0,1.5,5.0
s11202,priya sharma,female,2026-06-07,18,madurai,mechanical,sports meet,2026-05-17,website,waived,absent,non-vegetarian,200.0,2.5,2.0
s12447,ajay nair,female,2026-03-09,26,salem,civil engineering,career fair,2026-05-03,email,pending,cancelled,no-meal,750.0,2.5,2.0
s10185,naveen sharma,female,2026-01-02,24,mysuru,mechanical,hackathon,2026-01-21,mobile app,pending,attended,non-vegetarian,750.0,2.0,4.0
s12390,rahul menon,other,2026-02-06,27,pune,management,seminar,2025-12-13,walk-in,pending,registered,non-vegetarian,250.0,6.0,4.0
s12681,vijay menon,male,2026-01-07,24,coimbatore,commerce,workshop,2026-06-19,campus desk,refunded,attended,vegan,200.0,2.5,3.0
s12285,vikram das,male,2026-06-21,22,unknown,management,seminar,2026-05-18,mobile app,waived,attended,vegan,300.0,4.0,1.0
s10852,ravi patel,male,2026-07-04,26,kochi,commerce,seminar,2026-03-06,walk-in,paid,attended,vegan,200.0,2.5,2.0
s12777,vikram das,male,2026-05-20,19,bengaluru,arts,workshop,2026-03-22,website,waived,cancelled,no-meal,0.0,4.0,5.0
s12885,suresh kumar,other,2026-05-25,18,coimbatore,mechanical,cultural fest,2026-05-20,campus desk,refunded,cancelled,vegan,0.0,2.0,1.0
s12436,suresh kumar,male,2026-04-11,23,hyderabad,commerce,cultural fest,2026-03-29,campus desk,pending,cancelled,no-meal,250.0,2.5,3.0
s12342,harini iyer,other,2026-02-27,26,hyderabad,mechanical,career fair,2026-02-25,email,refunded,attended,non-vegetarian,150.0,6.0,3.0
s12862,naveen sharma,female,2026-08-17,27,trichy,commerce,workshop,2026-01-07,email,paid,absent,vegetarian,100.0,2.0,3.0
s11977,keerthi rao,female,2026-06-10,26,kochi,commerce,career fair,2026-05-31,email,paid,attended,vegan,200.0,2.5,2.0
s10550,priya sharma,male,2026-05-02,21,coimbatore,mechanical,sports meet,2026-03-01,website,waived,attended,vegetarian,300.0,3.0,3.0
s12026,meena patel,male,2026-07-02,21,trichy,mechanical,workshop,2026-04-05,campus desk,refunded,absent,vegetarian,0.0,2.5,3.0
s12247,harini iyer,male,2026-01-15,22,unknown,computer science,workshop,2025-12-20,walk-in,paid,registered,vegan,100.0,1.0,4.0
s10800,priya sharma,other,2026-07-16,19,pune,management,cultural fest,2026-06-23,mobile app,pending,absent,no-meal,750.0,6.0,1.0
s11866,vijay menon,other,2026-02-04,17,coimbatore,civil engineering,sports meet,2026-06-01,email,paid,cancelled,vegan,0.0,2.0,2.0
s11581,priya sharma,other,2026-01-31,19,madurai,computer science,career fair,2025-12-15,campus desk,pending,attended,vegetarian,200.0,2.5,1.0
s12494,anitha nair,other,2026-01-31,18,unknown,commerce,workshop,2026-01-30,walk-in,paid,registered,non-vegetarian,750.0,1.0,4.0
s12402,karthik rao,other,2026-01-26,19,mysuru,management,cultural fest,2025-05-12,mobile app,pending,cancelled,non-vegetarian,200.0,2.5,2.0
s11836,lakshmi rao,male,2026-09-02,27,madurai,electronics,hackathon,2026-11-08,walk-in,refunded,absent,non-vegetarian,200.0,3.0,3.0
s10990,ravi patel,other,2026-04-23,25,salem,mechanical,sports meet,2026-05-03,campus desk,paid,cancelled,no-meal,150.0,3.0,2.0
s11789,harini iyer,male,2026-08-22,17,chennai,mechanical,workshop,2026-03-08,mobile app,paid,registered,non-vegetarian,200.0,2.5,4.0
s11457,ajay nair,male,2026-03-30,27,mysuru,management,seminar,2026-08-03,mobile app,pending,attended,vegan,0.0,4.0,3.0
s11420,vikram das,female,2026-08-15,19,coimbatore,arts,seminar,2026-10-07,walk-in,waived,attended,non-vegetarian,200.0,2.5,2.0
s11811,deepa sharma,male,2026-04-07,17,salem,arts,career fair,2026-06-03,website,paid,absent,vegan,200.0,3.0,2.0
s10303,pooja das,female,2026-05-21,24,kochi,mechanical,workshop,2026-12-04,campus desk,refunded,absent,non-vegetarian,200.0,2.5,5.0
s11569,ajay nair,male,2026-08-23,27,bengaluru,management,cultural fest,2026-07-27,website,pending,registered,vegan,200.0,2.5,5.0
s10978,vikram das,male,2026-03-20,23,bengaluru,civil engineering,hackathon,2026-07-02,website,refunded,attended,no-meal,200.0,2.5,3.0
s11205,keerthi rao,other,2026-01-07,22,trichy,electronics,sports meet,2025-12-11,walk-in,refunded,attended,non-vegetarian,500.0,6.0,5.0
s10071,harini iyer,male,2026-02-13,24,kochi,unknown,career fair,2025-12-31,email,waived,cancelled,vegan,100.0,1.0,1.0
s12708,pooja das,other,2026-07-18,25,madurai,mechanical,sports meet,2026-05-20,campus desk,refunded,attended,vegetarian,150.0,6.0,5.0
s12460,rahul menon,other,2026-01-15,21,unknown,electronics,career fair,2026-12-01,walk-in,refunded,absent,vegetarian,200.0,2.5,3.0
s10872,arun kumar,female,2026-06-22,21,chennai,commerce,cultural fest,2026-06-17,email,pending,attended,vegetarian,250.0,4.0,4.0
s11698,vikram das,other,2026-01-05,25,trichy,commerce,hackathon,2025-07-12,campus desk,waived,absent,no-meal,0.0,6.0,4.0
s10261,meena patel,other,2026-04-07,18,madurai,arts,workshop,2026-02-27,mobile app,pending,registered,non-vegetarian,200.0,2.5,3.0
s11622,vijay menon,other,2026-02-02,25,trichy,electronics,workshop,2026-01-15,mobile app,paid,cancelled,vegetarian,500.0,6.0,3.0
s11897,arun kumar,male,2026-04-01,23,hyderabad,mechanical,career fair,2026-03-13,website,pending,absent,vegan,200.0,3.0,4.0
s10157,keerthi rao,other,2026-07-28,27,coimbatore,mechanical,sports meet,2026-02-07,campus desk,refunded,cancelled,unknown,150.0,1.5,4.0
s12538,manoj kumar,female,2026-04-25,21,chennai,management,cultural fest,2026-02-04,website,paid,absent,vegan,250.0,1.0,1.0
s11332,meena patel,female,2026-07-21,23,trichy,civil engineering,workshop,2026-06-14,unknown,waived,attended,vegan,0.0,1.5,4.0
s12218,anitha nair,male,2026-08-02,22,hyderabad,civil engineering,hackathon,2026-08-07,mobile app,pending,registered,vegan,500.0,6.0,5.0
s11330,suresh kumar,male,2026-07-24,23,hyderabad,arts,cultural fest,2026-06-25,website,refunded,registered,vegan,200.0,3.0,1.0
s12832,lakshmi rao,male,2026-04-02,21,salem,computer science,cultural fest,2026-10-03,website,paid,attended,non-vegetarian,500.0,4.0,3.0
s10260,swetha menon,male,2026-05-17,22,trichy,civil engineering,career fair,2026-04-21,unknown,waived,cancelled,non-vegetarian,300.0,2.5,4.0
s10546,priya sharma,female,2026-02-12,23,bengaluru,commerce,hackathon,2026-02-01,website,paid,absent,no-meal,200.0,1.0,1.0
s12915,lakshmi rao,female,2026-07-14,24,salem,computer science,hackathon,2026-12-06,campus desk,pending,absent,vegan,200.0,1.0,4.0
s12434,naveen sharma,female,2026-08-29,22,chennai,management,cultural fest,2026-08-21,campus desk,pending,attended,vegetarian,300.0,4.0,3.0
s11673,naveen sharma,other,2026-04-27,18,madurai,mechanical,workshop,2026-03-23,walk-in,waived,attended,no-meal,100.0,1.0,5.0
s11544,pooja das,other,2026-07-22,20,chennai,mechanical,seminar,2026-06-07,website,waived,cancelled,non-vegetarian,200.0,2.5,3.0
s10391,ajay nair,other,2026-04-29,18,chennai,management,seminar,2026-06-04,walk-in,paid,cancelled,non-vegetarian,200.0,2.5,5.0
s11780,manoj kumar,female,2026-06-18,22,madurai,civil engineering,workshop,2026-01-06,campus desk,refunded,absent,vegetarian,250.0,3.0,5.0
s11702,karthik rao,male,2026-08-14,22,chennai,electronics,sports meet,2026-06-08,email,refunded,registered,vegan,200.0,2.0,5.0
s11106,lakshmi rao,other,2026-05-20,25,salem,commerce,seminar,2026-05-05,mobile app,refunded,cancelled,vegetarian,500.0,3.0,5.0
s12267,karthik rao,male,2026-05-14,21,pune,civil engineering,workshop,2026-03-18,campus desk,refunded,absent,no-meal,150.0,1.0,1.0
s12582,suresh kumar,female,2026-04-25,18,bengaluru,civil engineering,cultural fest,2026-04-24,walk-in,paid,attended,no-meal,750.0,2.0,1.0
s12616,suresh kumar,other,2026-09-02,26,chennai,electronics,workshop,2026-01-02,email,waived,cancelled,no-meal,750.0,3.0,3.0
s12256,arun kumar,female,2026-08-03,17,kochi,mechanical,career fair,2026-02-18,website,refunded,cancelled,non-vegetarian,100.0,2.0,3.0
s10196,anitha nair,other,2026-03-07,23,trichy,commerce,seminar,2026-05-27,walk-in,pending,registered,vegetarian,0.0,1.5,3.0
s12720,divya iyer,female,2026-07-13,24,kochi,arts,career fair,2026-06-24,email,paid,attended,vegetarian,200.0,2.5,1.0
s11066,pooja das,other,2026-08-21,21,chennai,civil engineering,career fair,2026-04-08,campus desk,paid,attended,no-meal,150.0,1.5,1.0
s10015,priya sharma,other,2026-06-06,27,trichy,arts,cultural fest,2026-01-06,unknown,paid,registered,vegetarian,200.0,2.5,1.0
s12206,naveen sharma,female,2026-02-10,21,pune,civil engineering,sports meet,2025-12-15,website,waived,registered,vegetarian,250.0,1.5,3.0
s11460,pooja das,female,2026-04-06,25,trichy,arts,cultural fest,2026-09-03,mobile app,pending,cancelled,vegan,250.0,2.0,4.0
s11331,naveen sharma,other,2026-07-12,20,hyderabad,mechanical,workshop,2026-03-06,campus desk,waived,attended,non-vegetarian,150.0,2.5,2.0
s10645,deepa sharma,other,2026-04-23,18,bengaluru,mechanical,hackathon,2026-03-28,email,waived,registered,no-meal,250.0,2.0,3.0
s12343,harini iyer,male,2026-03-08,25,mysuru,mechanical,career fair,2026-06-03,mobile app,paid,cancelled,non-vegetarian,200.0,2.5,1.0
s12541,rahul menon,female,2026-06-28,22,bengaluru,computer science,sports meet,2026-05-16,website,refunded,absent,non-vegetarian,0.0,3.0,1.0
s10683,rahul menon,other,2026-08-17,17,kochi,arts,cultural fest,2026-07-18,campus desk,refunded,registered,non-vegetarian,150.0,1.0,4.0
s10445,keerthi rao,male,2026-03-11,18,bengaluru,commerce,sports meet,2026-01-02,website,refunded,absent,vegan,0.0,1.0,4.0
s12177,naveen sharma,male,2026-06-20,21,bengaluru,computer science,sports meet,2026-05-15,mobile app,paid,absent,non-vegetarian,300.0,1.0,3.0
s11486,ajay nair,female,2026-04-18,18,madurai,management,hackathon,2026-02-23,mobile app,refunded,registered,vegan,300.0,4.0,3.0
s11823,karthik rao,other,2026-03-04,26,madurai,arts,hackathon,2026-02-19,website,paid,registered,vegan,750.0,2.5,2.0
s10127,karthik rao,female,2026-04-16,17,salem,commerce,cultural fest,2026-03-30,campus desk,refunded,absent,vegetarian,200.0,3.0,1.0
s11930,arun kumar,other,1900-01-01,23,bengaluru,arts,workshop,2026-01-27,mobile app,pending,cancelled,non-vegetarian,750.0,2.0,3.0
s11359,keerthi rao,unknown,2026-08-16,25,kochi,electronics,sports meet,2026-07-28,campus desk,paid,registered,vegan,300.0,4.0,3.0
s12850,vikram das,male,2026-08-16,22,trichy,civil engineering,sports meet,2026-07-24,walk-in,refunded,attended,vegetarian,750.0,4.0,2.0
s11741,priya sharma,male,2026-07-25,17,coimbatore,arts,seminar,2026-06-29,walk-in,waived,cancelled,vegetarian,200.0,2.5,3.0
s10055,divya iyer,other,2026-01-24,21,mysuru,arts,workshop,2025-12-24,website,pending,cancelled,non-vegetarian,200.0,2.5,4.0
s11289,karthik rao,female,2026-06-30,19,kochi,computer science,seminar,2026-09-06,campus desk,paid,cancelled,vegan,750.0,1.5,3.0
s11110,divya iyer,other,2026-04-26,19,salem,civil engineering,career fair,2026-08-04,walk-in,paid,cancelled,non-vegetarian,150.0,1.5,5.0
s12459,pooja das,female,1900-01-01,27,hyderabad,unknown,sports meet,2026-05-03,email,refunded,attended,vegetarian,100.0,1.0,3.0
s10804,anitha nair,other,2026-10-01,26,madurai,commerce,seminar,2025-11-16,mobile app,paid,absent,non-vegetarian,750.0,6.0,4.0
s12186,pooja das,male,2026-03-15,18,chennai,commerce,career fair,2026-02-18,email,paid,attended,no-meal,250.0,6.0,2.0
s11415,arun kumar,male,2026-04-23,22,bengaluru,mechanical,cultural fest,2026-04-19,email,refunded,attended,vegan,200.0,2.5,3.0
s11554,naveen sharma,male,2026-04-23,24,salem,electronics,seminar,2026-02-04,walk-in,waived,attended,vegan,150.0,3.0,3.0
s10226,swetha menon,other,2026-03-30,17,kochi,mechanical,hackathon,2026-03-14,campus desk,refunded,registered,no-meal,0.0,4.0,3.0
s11938,manoj kumar,female,2026-06-22,26,madurai,mechanical,career fair,2026-05-21,unknown,refunded,absent,no-meal,100.0,4.0,2.0
s11528,manoj kumar,other,2026-02-01,20,pune,mechanical,workshop,2025-12-26,website,refunded,attended,vegetarian,200.0,1.5,3.0
s10353,ravi patel,other,2026-06-15,26,pune,electronics,hackathon,2026-05-15,website,waived,cancelled,vegetarian,150.0,3.0,3.0
s12328,rahul menon,male,2026-08-08,24,mysuru,commerce,sports meet,2026-10-07,walk-in,refunded,cancelled,no-meal,100.0,3.0,3.0
s11704,swetha menon,female,2026-03-15,27,mysuru,electronics,sports meet,2026-01-02,walk-in,paid,registered,vegan,200.0,2.5,1.0
s10169,divya iyer,female,2026-02-25,19,mysuru,computer science,workshop,2026-11-01,email,refunded,attended,unknown,250.0,1.5,3.0
s11917,harini iyer,female,2026-05-07,27,pune,civil engineering,workshop,2026-10-05,email,waived,registered,vegan,750.0,1.5,2.0
s12664,lakshmi rao,male,2026-07-18,27,hyderabad,commerce,workshop,2026-06-18,email,paid,attended,no-meal,150.0,6.0,3.0
s10587,manoj kumar,other,2026-07-03,20,salem,arts,cultural fest,2026-06-27,email,paid,cancelled,non-vegetarian,300.0,1.0,2.0
s10531,meena patel,male,2026-06-14,26,madurai,management,workshop,2026-04-16,mobile app,waived,cancelled,no-meal,100.0,6.0,2.0
s11871,pooja das,male,2026-01-28,26,coimbatore,electronics,career fair,2026-01-25,unknown,paid,absent,vegetarian,200.0,2.5,4.0
s12473,manoj kumar,male,2026-03-15,19,hyderabad,civil engineering,workshop,2026-01-14,walk-in,paid,attended,vegan,300.0,6.0,2.0
s12760,ajay nair,male,2026-07-12,25,mysuru,arts,workshop,2026-05-24,mobile app,refunded,cancelled,no-meal,200.0,2.5,3.0
s12112,naveen sharma,other,2026-08-01,18,coimbatore,civil engineering,career fair,2026-06-24,campus desk,pending,registered,vegetarian,100.0,4.0,3.0
s10091,ajay nair,male,2026-03-11,19,coimbatore,commerce,career fair,1900-01-01,campus desk,paid,attended,vegetarian,500.0,1.0,3.0
s12468,anitha nair,female,2026-02-18,18,bengaluru,civil engineering,hackathon,2026-01-24,website,refunded,attended,vegan,250.0,6.0,3.0
s10479,arun kumar,male,2026-05-27,24,coimbatore,computer science,career fair,2026-03-30,website,paid,registered,no-meal,500.0,3.0,1.0
s12923,lakshmi rao,female,2026-02-25,21,kochi,arts,sports meet,2025-12-30,campus desk,paid,cancelled,no-meal,150.0,2.5,2.0
s12086,harini iyer,male,2026-08-31,22,pune,management,career fair,2026-08-07,walk-in,pending,absent,unknown,750.0,1.0,3.0
s12647,deepa sharma,other,2026-07-20,24,kochi,management,seminar,2026-06-18,mobile app,waived,attended,non-vegetarian,100.0,6.0,3.0
s12603,ravi patel,unknown,2026-02-13,20,madurai,unknown,seminar,2025-12-23,unknown,pending,attended,vegan,200.0,6.0,3.0
s10659,pooja das,female,2026-06-15,18,hyderabad,mechanical,seminar,2026-03-05,email,pending,attended,unknown,200.0,2.5,3.0
s10566,karthik rao,other,2026-04-26,21,pune,computer science,sports meet,2026-03-26,website,waived,cancelled,vegetarian,250.0,2.5,3.0
s11717,harini iyer,male,2026-04-10,22,pune,electronics,cultural fest,2026-02-25,email,waived,registered,non-vegetarian,200.0,2.5,1.0
s11265,ajay nair,male,2026-06-13,18,mysuru,civil engineering,workshop,2026-04-15,website,pending,attended,vegetarian,200.0,2.5,5.0
s11707,pooja das,other,1900-01-01,18,chennai,computer science,hackathon,2026-01-05,website,waived,cancelled,no-meal,250.0,4.0,4.0
s11762,pooja das,other,2026-04-22,17,coimbatore,commerce,seminar,2026-03-16,website,waived,absent,vegan,0.0,4.0,1.0
s12403,vijay menon,other,2026-08-24,19,trichy,civil engineering,career fair,2026-04-07,walk-in,refunded,attended,non-vegetarian,0.0,1.0,4.0
s11015,anitha nair,other,2026-09-01,24,salem,commerce,cultural fest,2026-07-23,email,pending,registered,vegetarian,250.0,2.5,1.0
s11686,ajay nair,other,2026-06-30,19,chennai,electronics,sports meet,2026-05-18,campus desk,refunded,absent,no-meal,150.0,2.0,5.0
s10924,deepa sharma,male,2026-11-05,18,kochi,computer science,workshop,2026-03-14,website,paid,registered,no-meal,150.0,1.0,1.0
s12443,pooja das,male,2026-04-10,26,pune,civil engineering,cultural fest,2026-09-03,campus desk,paid,cancelled,vegan,200.0,1.5,2.0
s10315,meena patel,female,2026-10-05,19,madurai,unknown,sports meet,2026-04-14,website,pending,absent,vegan,0.0,2.0,3.0
s12015,divya iyer,male,2026-03-31,25,pune,computer science,workshop,2026-11-03,website,paid,registered,vegetarian,0.0,2.0,3.0
s10569,ajay nair,male,2026-03-17,23,chennai,commerce,sports meet,2026-02-22,walk-in,paid,cancelled,vegan,200.0,2.5,1.0
s10466,ajay nair,male,2026-07-15,25,unknown,management,seminar,2026-04-07,mobile app,refunded,cancelled,vegetarian,300.0,1.0,3.0
s12937,deepa sharma,other,2026-08-31,20,trichy,mechanical,career fair,2026-08-29,unknown,paid,attended,non-vegetarian,150.0,4.0,5.0
s11285,lakshmi rao,male,2026-01-15,17,salem,civil engineering,workshop,2026-11-01,email,waived,cancelled,non-vegetarian,250.0,4.0,2.0
s11463,naveen sharma,other,2026-03-22,23,salem,management,hackathon,2026-03-16,mobile app,pending,registered,non-vegetarian,200.0,2.5,0.0
s10213,vijay menon,male,2026-05-02,20,chennai,electronics,seminar,2026-04-15,walk-in,refunded,absent,vegan,200.0,2.5,5.0
s11412,manoj kumar,male,2026-07-19,23,trichy,electronics,cultural fest,2026-06-27,campus desk,pending,absent,vegan,500.0,1.5,2.0
s10426,priya sharma,male,2026-08-12,23,madurai,arts,hackathon,2026-07-14,walk-in,waived,attended,non-vegetarian,0.0,2.5,3.0
s10499,rahul menon,female,2026-04-24,24,hyderabad,unknown,cultural fest,2026-03-26,mobile app,paid,cancelled,vegan,500.0,2.5,3.0
s11719,keerthi rao,male,2026-06-25,19,hyderabad,arts,workshop,2026-06-16,email,paid,absent,no-meal,200.0,2.5,3.0
s12312,suresh kumar,male,2026-02-22,21,trichy,civil engineering,career fair,2026-10-01,mobile app,waived,absent,vegan,300.0,2.5,4.0
s10607,suresh kumar,female,2026-01-03,20,salem,computer science,career fair,2026-12-01,mobile app,refunded,attended,vegetarian,500.0,4.0,5.0
s10750,keerthi rao,male,2026-01-06,17,bengaluru,civil engineering,sports meet,2025-11-19,mobile app,pending,cancelled,vegetarian,500.0,6.0,5.0
s11533,rahul menon,male,2026-05-25,23,coimbatore,civil engineering,workshop,2026-05-21,campus desk,paid,absent,no-meal,100.0,6.0,5.0
s10133,manoj kumar,male,2026-02-12,23,mysuru,electronics,workshop,2026-01-23,campus desk,waived,cancelled,no-meal,150.0,6.0,5.0
s11729,rahul menon,female,2026-05-31,22,hyderabad,civil engineering,workshop,2026-09-05,mobile app,pending,registered,vegetarian,200.0,2.5,5.0
s11784,harini iyer,male,2026-04-10,25,mysuru,arts,career fair,2026-03-22,website,pending,cancelled,vegetarian,750.0,4.0,2.0
s12709,ravi patel,male,2026-07-08,24,bengaluru,civil engineering,seminar,2026-11-06,email,waived,cancelled,vegan,500.0,2.0,4.0
s10125,karthik rao,other,2026-06-28,26,mysuru,arts,career fair,2026-10-05,email,refunded,registered,non-vegetarian,100.0,3.0,4.0
s11801,anitha nair,unknown,2026-03-21,18,bengaluru,civil engineering,career fair,2026-02-22,website,paid,absent,vegan,200.0,2.5,2.0
s12424,rahul menon,other,2026-02-01,26,coimbatore,commerce,career fair,2025-12-13,walk-in,pending,cancelled,non-vegetarian,500.0,1.5,4.0
s12467,harini iyer,female,2026-08-04,25,coimbatore,civil engineering,seminar,2026-05-04,email,waived,cancelled,vegan,0.0,4.0,3.0
s10642,swetha menon,male,2026-06-02,22,pune,arts,cultural fest,2026-04-29,walk-in,waived,registered,vegetarian,200.0,2.5,4.0
s12604,arun kumar,female,2026-01-11,21,coimbatore,computer science,hackathon,2025-11-22,email,paid,cancelled,vegetarian,200.0,6.0,3.0
s11386,vijay menon,female,2026-11-03,19,coimbatore,unknown,hackathon,2026-05-02,website,waived,attended,non-vegetarian,0.0,3.0,3.0
s11651,naveen sharma,other,2026-04-27,26,salem,mechanical,hackathon,2026-03-22,website,paid,attended,non-vegetarian,500.0,3.0,3.0
s10909,pooja das,male,2026-03-29,19,salem,management,hackathon,2026-02-02,mobile app,pending,registered,vegetarian,250.0,3.0,1.0
s11387,vijay menon,male,2026-01-12,18,salem,mechanical,career fair,2026-11-01,mobile app,pending,absent,vegetarian,250.0,2.0,1.0
s11099,deepa sharma,male,2026-02-18,25,bengaluru,computer science,seminar,2026-01-15,website,refunded,registered,non-vegetarian,0.0,4.0,5.0
s11856,vikram das,other,2026-03-05,19,pune,computer science,cultural fest,2026-01-22,email,refunded,cancelled,non-vegetarian,750.0,2.5,2.0
s12104,divya iyer,other,2026-02-13,27,chennai,civil engineering,workshop,2025-12-26,campus desk,refunded,attended,non-vegetarian,200.0,2.0,4.0
s11349,swetha menon,male,2026-04-06,21,kochi,civil engineering,seminar,2026-04-16,email,pending,cancelled,non-vegetarian,150.0,4.0,0.0
s10254,pooja das,female,2026-04-24,17,pune,management,sports meet,2026-04-13,campus desk,pending,absent,vegan,200.0,2.5,2.0
s11945,lakshmi rao,female,2026-08-29,27,unknown,electronics,cultural fest,2026-09-08,mobile app,paid,cancelled,non-vegetarian,0.0,2.5,5.0
s10878,divya iyer,male,2026-05-11,18,madurai,management,career fair,2026-01-05,mobile app,pending,attended,vegetarian,250.0,1.5,4.0
s10389,pooja das,female,2026-02-11,24,hyderabad,mechanical,hackathon,2026-01-18,campus desk,paid,absent,vegan,200.0,2.5,3.0
s10497,ajay nair,other,2026-02-19,22,trichy,mechanical,workshop,2026-01-29,campus desk,waived,cancelled,no-meal,750.0,4.0,4.0
s10118,lakshmi rao,other,2026-02-28,25,chennai,management,hackathon,2026-02-15,walk-in,refunded,absent,unknown,250.0,3.0,3.0
s12666,lakshmi rao,other,2026-07-15,25,chennai,mechanical,workshop,2026-05-25,mobile app,paid,cancelled,vegetarian,500.0,1.0,4.0
s11030,naveen sharma,female,2026-03-23,25,pune,computer science,cultural fest,2026-04-03,email,pending,attended,vegan,500.0,2.5,5.0
s11065,manoj kumar,male,2026-01-29,25,coimbatore,computer science,workshop,2025-05-12,website,pending,attended,vegan,100.0,1.5,3.0
s11805,lakshmi rao,female,2026-03-05,27,bengaluru,electronics,hackathon,2026-01-21,email,waived,registered,non-vegetarian,200.0,2.5,5.0
s12718,harini iyer,female,2026-05-05,17,salem,management,workshop,2026-03-15,website,waived,attended,vegetarian,200.0,2.5,3.0
s10686,meena patel,female,2026-03-28,19,trichy,computer science,sports meet,2026-02-27,website,waived,absent,no-meal,250.0,6.0,1.0
s12933,divya iyer,female,2026-02-21,18,mysuru,electronics,workshop,2026-02-18,campus desk,pending,absent,non-vegetarian,200.0,2.5,2.0
s10640,swetha menon,male,2026-03-15,25,mysuru,civil engineering,workshop,2026-01-30,walk-in,waived,cancelled,vegetarian,200.0,2.5,3.0
s12219,lakshmi rao,other,2026-02-26,18,kochi,mechanical,career fair,2026-05-02,website,refunded,absent,no-meal,300.0,1.0,3.0
s11657,harini iyer,other,2026-01-10,24,mysuru,arts,cultural fest,2025-11-15,walk-in,paid,absent,non-vegetarian,500.0,2.5,3.0
s11926,keerthi rao,female,2026-04-09,19,hyderabad,arts,workshop,2026-11-03,website,waived,absent,vegetarian,100.0,4.0,3.0
s12450,lakshmi rao,other,2026-04-23,18,kochi,computer science,seminar,2026-03-22,campus desk,waived,attended,vegan,100.0,2.5,4.0
s10460,deepa sharma,female,2026-08-25,17,chennai,management,career fair,2026-02-08,email,refunded,absent,vegan,250.0,3.0,5.0
s12572,arun kumar,female,2026-08-09,26,chennai,computer science,cultural fest,2026-06-25,campus desk,refunded,absent,vegan,500.0,2.5,1.0
s11082,karthik rao,female,2026-04-11,21,hyderabad,arts,sports meet,2026-02-26,mobile app,paid,cancelled,no-meal,200.0,2.5,3.0
s11246,suresh kumar,male,2026-05-07,26,pune,arts,workshop,2026-04-22,website,paid,attended,vegan,0.0,3.0,3.0
s12109,naveen sharma,other,2026-03-20,18,coimbatore,electronics,workshop,2026-07-02,mobile app,paid,registered,non-vegetarian,750.0,2.0,4.0
s12786,karthik rao,female,2026-03-02,23,madurai,civil engineering,seminar,2026-01-31,email,waived,absent,no-meal,0.0,6.0,4.0
s10023,keerthi rao,female,2026-06-02,17,unknown,civil engineering,career fair,2026-05-16,website,paid,absent,non-vegetarian,100.0,3.0,4.0
s12490,vikram das,male,2026-06-19,21,kochi,arts,cultural fest,2026-06-17,unknown,waived,absent,vegan,300.0,3.0,2.0
s10696,keerthi rao,other,2026-07-31,23,madurai,computer science,cultural fest,2026-02-07,walk-in,waived,absent,no-meal,500.0,2.0,1.0
s12892,swetha menon,male,2026-03-25,18,chennai,management,career fair,2026-01-02,walk-in,waived,cancelled,vegan,200.0,2.5,3.0
s12145,harini iyer,female,2026-08-20,21,bengaluru,commerce,career fair,2026-08-18,email,paid,absent,vegetarian,500.0,2.5,4.0
s11715,naveen sharma,male,2026-08-19,25,coimbatore,commerce,career fair,2026-07-17,email,waived,attended,non-vegetarian,500.0,2.5,5.0
s12023,harini iyer,other,2026-08-08,20,trichy,civil engineering,hackathon,2026-06-28,email,paid,absent,vegan,250.0,6.0,3.0
s12189,lakshmi rao,female,2026-10-03,26,bengaluru,mechanical,hackathon,2026-03-03,campus desk,waived,registered,vegetarian,200.0,2.5,4.0
s12224,lakshmi rao,female,2026-07-07,27,madurai,mechanical,sports meet,2026-05-24,campus desk,waived,attended,vegetarian,250.0,3.0,3.0
s11969,keerthi rao,male,2026-05-15,26,chennai,mechanical,cultural fest,2026-03-20,website,pending,registered,vegetarian,200.0,2.5,4.0
s11515,arun kumar,male,2026-08-25,22,coimbatore,computer science,sports meet,2026-06-30,website,waived,attended,vegan,200.0,2.0,3.0
s10239,manoj kumar,other,2026-07-05,22,madurai,mechanical,seminar,2026-06-27,walk-in,pending,registered,vegan,750.0,3.0,3.0
s10648,karthik rao,other,2026-01-18,23,trichy,civil engineering,hackathon,2025-11-30,campus desk,waived,registered,vegan,200.0,2.5,1.0
s12070,vikram das,female,2026-01-16,22,madurai,computer science,sports meet,2026-01-13,email,paid,attended,no-meal,150.0,1.5,5.0
s10798,deepa sharma,other,2026-04-03,24,bengaluru,civil engineering,workshop,2026-02-20,walk-in,refunded,cancelled,vegetarian,750.0,3.0,3.0
s11153,naveen sharma,female,2026-04-13,26,madurai,mechanical,hackathon,2026-12-02,walk-in,refunded,absent,no-meal,500.0,6.0,1.0
s11851,naveen sharma,male,2026-06-13,19,madurai,commerce,seminar,2026-05-15,walk-in,waived,attended,vegan,250.0,3.0,1.0
s11278,deepa sharma,other,1900-01-01,25,bengaluru,arts,hackathon,2026-02-06,mobile app,refunded,cancelled,vegan,500.0,2.0,4.0
s10778,harini iyer,male,2026-02-04,26,trichy,computer science,workshop,2026-03-01,campus desk,paid,registered,non-vegetarian,200.0,2.5,3.0
s11128,rahul menon,male,2026-04-03,20,unknown,electronics,sports meet,2026-02-13,mobile app,waived,registered,vegan,300.0,4.0,5.0
s12812,lakshmi rao,other,2026-02-08,24,unknown,computer science,career fair,2025-12-13,mobile app,refunded,cancelled,vegetarian,750.0,4.0,1.0
s11505,divya iyer,male,2026-08-17,18,trichy,mechanical,hackathon,2026-08-13,mobile app,paid,cancelled,vegan,200.0,1.0,3.0
s12754,harini iyer,male,2026-07-20,25,trichy,computer science,hackathon,2026-06-15,email,refunded,absent,vegan,500.0,6.0,5.0
s12110,vijay menon,male,2026-02-23,27,pune,electronics,cultural fest,2026-09-02,campus desk,waived,absent,unknown,200.0,2.5,4.0
s12151,arun kumar,female,2026-08-20,27,madurai,mechanical,hackathon,2026-07-26,walk-in,pending,registered,vegan,750.0,2.0,1.0
s12591,lakshmi rao,male,2026-05-16,20,bengaluru,computer science,workshop,2026-04-27,email,refunded,absent,vegan,200.0,1.0,1.0
s11283,anitha nair,male,2026-01-05,22,hyderabad,management,career fair,2025-02-12,email,pending,attended,vegetarian,100.0,1.0,3.0
s12457,naveen sharma,female,2026-02-19,25,mysuru,management,cultural fest,2026-01-28,walk-in,paid,absent,vegetarian,100.0,1.0,3.0
s12430,anitha nair,other,2026-01-26,19,kochi,civil engineering,sports meet,2025-12-12,website,waived,cancelled,unknown,100.0,3.0,3.0
s11476,deepa sharma,other,2026-03-19,24,pune,computer science,seminar,2026-03-03,website,waived,attended,vegan,200.0,2.5,3.0
s10638,ajay nair,male,2026-06-06,24,kochi,computer science,hackathon,2026-05-14,walk-in,paid,registered,vegetarian,0.0,2.5,2.0
s10835,rahul menon,female,2026-02-25,19,chennai,civil engineering,workshop,2026-08-01,walk-in,paid,cancelled,vegan,200.0,2.0,1.0
s12544,suresh kumar,male,2026-01-26,25,kochi,commerce,sports meet,2025-12-14,walk-in,pending,absent,vegan,200.0,1.5,5.0
s10177,lakshmi rao,other,2026-03-02,26,kochi,civil engineering,career fair,2026-04-01,website,pending,attended,no-meal,0.0,2.0,2.0
s10436,naveen sharma,female,2026-10-06,21,chennai,commerce,seminar,2026-04-17,walk-in,refunded,absent,vegan,300.0,2.5,2.0
s11484,swetha menon,male,2026-03-31,23,coimbatore,commerce,sports meet,2026-05-02,mobile app,pending,registered,vegan,250.0,2.0,2.0
s10947,karthik rao,female,2026-07-31,23,unknown,arts,workshop,2026-07-07,website,refunded,attended,no-meal,100.0,2.0,2.0
s10632,karthik rao,female,2026-01-22,23,madurai,commerce,hackathon,2026-04-01,campus desk,pending,absent,non-vegetarian,200.0,2.5,3.0
s10786,ravi patel,female,2026-01-08,27,pune,mechanical,career fair,2025-12-29,email,paid,registered,non-vegetarian,0.0,6.0,3.0
s12957,arun kumar,other,2026-04-16,22,trichy,electronics,career fair,2026-06-04,campus desk,paid,cancelled,non-vegetarian,200.0,2.5,2.0
s10236,divya iyer,other,2026-08-04,20,hyderabad,mechanical,sports meet,2026-06-14,website,refunded,registered,no-meal,300.0,1.0,4.0
s12796,divya iyer,other,2026-04-22,21,bengaluru,commerce,workshop,2026-05-03,email,refunded,absent,vegan,200.0,2.5,3.0
s12210,harini iyer,male,2026-02-19,17,kochi,computer science,cultural fest,1900-01-01,unknown,pending,registered,vegan,150.0,1.0,3.0
s10088,anitha nair,male,2026-07-20,23,salem,unknown,seminar,2026-01-07,mobile app,waived,absent,unknown,500.0,1.5,2.0
s10227,karthik rao,female,2026-03-13,17,bengaluru,computer science,sports meet,2026-11-02,walk-in,pending,cancelled,vegan,100.0,6.0,2.0
s11190,rahul menon,unknown,2026-02-22,23,bengaluru,arts,seminar,2025-12-30,website,pending,absent,non-vegetarian,150.0,4.0,3.0
s10687,priya sharma,female,2026-07-17,19,trichy,arts,sports meet,2026-05-07,walk-in,waived,cancelled,vegan,0.0,6.0,2.0
s10296,meena patel,unknown,2026-07-03,18,unknown,management,workshop,2026-05-29,website,paid,absent,non-vegetarian,150.0,2.5,2.0
s10741,vijay menon,female,2026-06-10,26,pune,mechanical,workshop,2026-05-22,website,waived,registered,vegetarian,200.0,2.5,3.0
s10719,suresh kumar,female,2026-06-16,17,bengaluru,commerce,seminar,2026-04-29,walk-in,pending,cancelled,non-vegetarian,250.0,2.0,3.0
s12690,manoj kumar,male,2026-08-23,18,trichy,computer science,workshop,2026-01-07,mobile app,paid,attended,vegetarian,750.0,3.0,2.0
s10464,harini iyer,male,2026-01-30,23,salem,mechanical,career fair,2026-01-20,walk-in,pending,absent,no-meal,200.0,2.5,1.0
s10278,priya sharma,male,2026-05-02,25,salem,commerce,cultural fest,2026-04-24,campus desk,waived,absent,non-vegetarian,750.0,2.0,1.0
s12297,divya iyer,other,2026-03-12,22,bengaluru,mechanical,seminar,2026-12-01,email,pending,registered,non-vegetarian,200.0,2.5,2.0
s11358,priya sharma,female,2026-01-24,24,coimbatore,arts,hackathon,2025-05-12,unknown,waived,absent,vegan,150.0,1.5,3.0
s10960,karthik rao,male,2026-01-07,26,madurai,mechanical,career fair,2025-09-11,walk-in,paid,attended,vegan,200.0,2.5,3.0
s12202,karthik rao,female,2026-04-26,26,kochi,civil engineering,sports meet,2026-03-26,website,refunded,cancelled,non-vegetarian,0.0,1.0,1.0
s12967,lakshmi rao,male,2026-02-27,25,coimbatore,management,seminar,2026-09-01,campus desk,pending,registered,non-vegetarian,100.0,6.0,3.0
s12836,rahul menon,other,2026-09-02,20,salem,civil engineering,workshop,2026-11-07,email,refunded,cancelled,vegan,200.0,2.5,3.0
s11136,swetha menon,female,2026-01-07,19,pune,mechanical,sports meet,2026-05-23,walk-in,refunded,cancelled,vegetarian,200.0,2.5,1.0
s12315,priya sharma,male,2026-01-12,20,salem,arts,cultural fest,2025-11-15,email,pending,attended,non-vegetarian,200.0,3.0,5.0
s11430,vijay menon,other,2026-10-02,23,salem,computer science,cultural fest,2025-12-19,walk-in,paid,absent,non-vegetarian,500.0,2.0,3.0
s11405,lakshmi rao,male,2026-04-28,18,mysuru,management,career fair,2026-10-03,campus desk,pending,registered,vegetarian,250.0,2.5,1.0
s12100,rahul menon,male,2026-09-03,18,coimbatore,electronics,career fair,2026-04-02,walk-in,waived,registered,vegan,200.0,2.5,3.0
s11834,ajay nair,other,2026-01-29,22,kochi,mechanical,hackathon,2026-01-21,mobile app,paid,registered,vegan,0.0,2.0,1.0
s12406,suresh kumar,female,2026-03-21,25,mysuru,management,cultural fest,2026-03-20,website,paid,attended,vegetarian,200.0,3.0,3.0
s10743,deepa sharma,other,2026-03-20,22,bengaluru,commerce,career fair,2026-01-30,unknown,pending,absent,vegan,200.0,2.5,4.0
s11444,swetha menon,other,2026-02-22,21,salem,civil engineering,sports meet,2025-12-29,walk-in,waived,attended,no-meal,150.0,1.0,2.0
s11778,swetha menon,female,2026-07-05,25,chennai,arts,career fair,2026-04-25,walk-in,refunded,registered,no-meal,0.0,1.0,4.0
s10178,arun kumar,male,2026-07-11,18,coimbatore,electronics,cultural fest,2026-05-15,mobile app,waived,registered,vegan,0.0,2.0,4.0
s12946,swetha menon,other,1900-01-01,27,madurai,computer science,sports meet,2026-04-13,mobile app,paid,absent,no-meal,0.0,3.0,3.0
s12816,manoj kumar,female,2026-01-05,22,chennai,arts,hackathon,2026-04-01,website,paid,attended,non-vegetarian,200.0,2.5,5.0
s11601,suresh kumar,male,2026-03-03,18,madurai,arts,workshop,2026-03-01,walk-in,pending,cancelled,vegan,200.0,2.5,2.0
s10135,priya sharma,male,2026-02-27,22,hyderabad,management,cultural fest,2026-02-01,unknown,pending,registered,no-meal,250.0,1.0,2.0
s11644,pooja das,other,2026-02-08,25,bengaluru,arts,sports meet,2026-03-01,website,paid,absent,vegan,750.0,1.5,3.0
s10966,pooja das,other,2026-08-30,17,unknown,arts,seminar,2026-07-14,walk-in,waived,absent,non-vegetarian,200.0,2.5,3.0
s12277,karthik rao,female,2026-01-20,21,chennai,management,seminar,2025-12-15,walk-in,paid,cancelled,vegetarian,100.0,2.0,5.0
s12095,suresh kumar,female,2026-01-06,26,kochi,arts,career fair,2026-05-26,mobile app,refunded,cancelled,vegetarian,500.0,3.0,5.0
s12185,vikram das,other,2026-02-06,25,chennai,electronics,seminar,1900-01-01,mobile app,refunded,absent,non-vegetarian,300.0,2.5,5.0
s12532,ajay nair,female,2026-08-18,17,trichy,management,career fair,2026-08-14,website,refunded,attended,non-vegetarian,250.0,2.0,3.0
s12271,naveen sharma,other,2026-07-30,17,chennai,civil engineering,hackathon,2026-02-07,campus desk,paid,registered,vegan,150.0,3.0,3.0
s12046,keerthi rao,female,2026-03-19,21,salem,arts,hackathon,2026-02-20,walk-in,paid,registered,vegan,0.0,1.5,3.0
s11691,anitha nair,other,2026-03-25,18,hyderabad,commerce,sports meet,2026-01-27,walk-in,paid,absent,no-meal,500.0,2.5,5.0
s11313,arun kumar,female,2026-08-12,17,chennai,computer science,hackathon,2026-07-28,campus desk,paid,attended,vegan,150.0,1.0,3.0
s11437,meena patel,other,2026-05-19,22,hyderabad,commerce,cultural fest,2026-04-20,website,paid,attended,no-meal,500.0,6.0,5.0
s10402,divya iyer,male,2026-01-13,27,bengaluru,civil engineering,workshop,2025-11-23,email,paid,registered,vegetarian,0.0,2.5,3.0
s12000,priya sharma,female,2026-01-31,19,mysuru,mechanical,hackathon,2026-07-01,mobile app,refunded,absent,non-vegetarian,500.0,1.5,1.0
s12391,arun kumar,other,2026-01-16,25,bengaluru,arts,hackathon,2025-11-27,mobile app,refunded,attended,vegan,250.0,1.5,3.0
s10580,harini iyer,male,2026-01-10,17,bengaluru,arts,career fair,2026-02-01,website,paid,absent,no-meal,200.0,2.5,2.0
s12562,vikram das,other,2026-04-13,24,salem,mechanical,career fair,2026-03-28,walk-in,waived,registered,vegan,750.0,1.5,3.0
s11909,lakshmi rao,other,2026-07-07,27,chennai,electronics,sports meet,2026-05-14,mobile app,paid,attended,vegan,200.0,2.5,4.0
s12645,harini iyer,female,2026-07-15,22,coimbatore,commerce,seminar,2026-05-19,walk-in,pending,attended,vegetarian,150.0,4.0,3.0
s11453,ravi patel,other,2026-02-12,26,madurai,computer science,sports meet,2026-01-27,website,refunded,cancelled,vegetarian,500.0,4.0,1.0
s12741,naveen sharma,male,2026-08-10,25,unknown,computer science,workshop,2026-06-24,website,refunded,attended,no-meal,200.0,3.0,2.0
s11451,deepa sharma,other,2026-03-26,26,pune,electronics,career fair,2026-03-13,email,refunded,cancelled,vegan,200.0,2.5,5.0
s10336,meena patel,other,2026-07-28,25,bengaluru,civil engineering,hackathon,2026-06-27,mobile app,paid,cancelled,vegetarian,150.0,1.5,3.0
s12464,ajay nair,male,2026-01-18,26,coimbatore,computer science,hackathon,2025-12-12,website,refunded,attended,no-meal,750.0,1.5,1.0
s10573,ravi patel,other,2026-01-16,17,bengaluru,commerce,cultural fest,2025-10-12,mobile app,waived,registered,vegan,200.0,4.0,4.0
s11142,rahul menon,male,2026-01-14,20,kochi,arts,hackathon,2025-04-12,website,pending,attended,non-vegetarian,200.0,2.5,2.0
s12571,vijay menon,other,2026-05-29,23,mysuru,management,career fair,2026-05-18,website,paid,attended,vegan,150.0,1.0,5.0
s11294,karthik rao,male,2026-03-31,17,mysuru,mechanical,cultural fest,2026-03-15,email,paid,attended,vegetarian,200.0,2.5,2.0
s12667,meena patel,female,2026-06-10,26,coimbatore,electronics,career fair,2026-05-23,email,refunded,absent,vegetarian,300.0,6.0,5.0
s10575,lakshmi rao,female,2026-01-16,20,madurai,management,hackathon,2025-12-12,campus desk,paid,registered,non-vegetarian,250.0,1.0,3.0
s10242,manoj kumar,male,2026-07-17,25,chennai,management,workshop,2026-09-06,mobile app,refunded,registered,vegan,200.0,6.0,2.0
s12699,karthik rao,female,2026-04-18,17,madurai,computer science,seminar,2026-01-03,email,waived,attended,vegetarian,100.0,6.0,4.0
s11247,manoj kumar,female,2026-03-16,25,trichy,management,cultural fest,2026-01-27,walk-in,pending,absent,no-meal,250.0,3.0,5.0
s10354,lakshmi rao,other,2026-03-16,21,mysuru,mechanical,workshop,2026-01-20,walk-in,waived,registered,vegan,0.0,4.0,1.0
s12550,deepa sharma,male,2026-01-16,21,bengaluru,management,workshop,2025-04-12,email,pending,cancelled,no-meal,250.0,6.0,4.0
s10746,keerthi rao,unknown,2026-08-04,24,salem,commerce,sports meet,2026-05-06,email,refunded,cancelled,vegan,150.0,6.0,2.0
s11079,deepa sharma,other,2026-03-29,26,kochi,arts,career fair,2026-07-03,walk-in,refunded,absent,vegetarian,250.0,2.0,3.0
s10136,anitha nair,female,2026-05-04,27,trichy,mechanical,career fair,2026-03-30,mobile app,waived,absent,no-meal,200.0,2.5,3.0
s12444,naveen sharma,other,1900-01-01,25,trichy,electronics,workshop,2026-03-22,unknown,paid,cancelled,non-vegetarian,300.0,2.0,1.0
s11700,ravi patel,male,2026-03-15,24,hyderabad,arts,sports meet,2026-02-14,campus desk,pending,absent,no-meal,500.0,2.0,4.0
s10854,rahul menon,female,2026-08-25,22,chennai,electronics,cultural fest,2026-06-30,mobile app,pending,absent,non-vegetarian,750.0,6.0,3.0
s11174,meena patel,male,2026-04-26,27,chennai,civil engineering,cultural fest,2026-04-15,mobile app,paid,absent,non-vegetarian,200.0,2.5,5.0
s10078,rahul menon,female,2026-06-01,26,kochi,computer science,career fair,2026-04-05,website,refunded,attended,vegan,500.0,4.0,3.0
s10794,arun kumar,male,2026-03-22,18,bengaluru,electronics,sports meet,2026-01-28,campus desk,refunded,registered,no-meal,750.0,1.5,3.0
s10501,swetha menon,other,2026-07-14,27,chennai,mechanical,sports meet,2026-05-22,mobile app,waived,absent,vegan,200.0,2.5,5.0
s10916,priya sharma,male,2026-07-28,24,chennai,mechanical,sports meet,2026-06-18,website,refunded,cancelled,unknown,300.0,3.0,3.0
s12595,harini iyer,female,2026-03-26,19,coimbatore,mechanical,sports meet,2026-11-03,website,refunded,registered,vegan,0.0,2.0,3.0
s11478,ajay nair,female,2026-01-29,26,salem,mechanical,cultural fest,2026-01-26,website,refunded,attended,no-meal,500.0,4.0,5.0
s11434,vikram das,female,2026-04-15,27,hyderabad,management,sports meet,2026-04-13,email,waived,cancelled,vegan,300.0,3.0,4.0
s11160,arun kumar,male,2026-11-01,22,bengaluru,computer science,hackathon,2025-12-11,walk-in,pending,absent,vegetarian,200.0,2.5,5.0
s11184,lakshmi rao,male,2026-07-16,20,hyderabad,civil engineering,workshop,2026-07-06,campus desk,paid,cancelled,non-vegetarian,250.0,2.0,5.0
s10846,suresh kumar,female,2026-08-10,20,coimbatore,unknown,sports meet,2026-07-20,website,paid,registered,non-vegetarian,150.0,2.5,5.0
s12722,keerthi rao,other,2026-06-17,17,salem,arts,hackathon,2026-01-05,email,refunded,registered,no-meal,0.0,3.0,5.0
s10245,ravi patel,other,2026-03-30,21,salem,commerce,sports meet,2026-06-03,walk-in,pending,registered,vegan,200.0,6.0,5.0
s10644,priya sharma,unknown,2026-02-09,21,unknown,computer science,hackathon,2026-01-17,walk-in,paid,attended,vegan,200.0,2.5,3.0
s11454,naveen sharma,other,2026-08-01,17,bengaluru,civil engineering,sports meet,2026-10-06,mobile app,refunded,attended,non-vegetarian,200.0,2.5,4.0
s12072,vikram das,male,2026-07-05,22,pune,civil engineering,sports meet,2026-03-21,website,waived,attended,no-meal,100.0,1.5,1.0
s10040,anitha nair,other,2026-05-04,24,hyderabad,arts,career fair,2026-02-19,email,waived,cancelled,vegan,250.0,2.0,3.0
s12469,priya sharma,female,2026-03-18,27,hyderabad,civil engineering,hackathon,2026-02-23,walk-in,pending,cancelled,vegan,150.0,3.0,4.0
s12303,lakshmi rao,female,2026-03-01,19,chennai,computer science,career fair,2026-11-01,mobile app,refunded,registered,vegetarian,250.0,6.0,5.0
s11364,rahul menon,male,2026-08-29,19,salem,civil engineering,hackathon,2026-07-15,website,pending,absent,no-meal,200.0,2.5,5.0
s12696,deepa sharma,male,2026-02-25,26,chennai,civil engineering,seminar,2026-10-02,mobile app,waived,cancelled,vegan,100.0,3.0,3.0
s11241,swetha menon,unknown,2026-01-14,20,trichy,management,hackathon,2025-12-23,mobile app,waived,absent,non-vegetarian,750.0,3.0,3.0
s10681,anitha nair,other,2026-07-01,24,unknown,civil engineering,seminar,2026-06-15,mobile app,refunded,absent,vegetarian,500.0,2.0,1.0
s11556,ravi patel,female,2026-07-25,22,kochi,commerce,sports meet,2026-06-22,website,pending,attended,non-vegetarian,200.0,1.5,4.0
s11117,lakshmi rao,unknown,2026-02-07,21,madurai,mechanical,career fair,2025-12-30,email,pending,cancelled,vegan,250.0,2.5,1.0
s12339,swetha menon,female,2026-04-09,18,madurai,arts,career fair,2026-03-22,website,waived,absent,vegan,200.0,2.5,5.0
s12809,divya iyer,male,2026-01-16,25,madurai,management,sports meet,2025-12-15,website,pending,cancelled,no-meal,200.0,2.5,3.0
s11985,arun kumar,other,2026-07-01,21,kochi,arts,workshop,2026-01-06,campus desk,paid,cancelled,non-vegetarian,300.0,2.5,4.0
s10165,vikram das,female,2026-07-04,21,madurai,arts,workshop,2026-06-15,campus desk,waived,registered,vegan,250.0,6.0,5.0
s10679,meena patel,other,2026-07-30,25,pune,electronics,workshop,2026-09-07,campus desk,paid,attended,non-vegetarian,300.0,1.5,4.0
s12959,deepa sharma,other,2026-06-14,19,pune,civil engineering,career fair,2026-05-24,mobile app,refunded,absent,non-vegetarian,150.0,1.0,3.0
s12943,vikram das,female,2026-01-20,26,trichy,electronics,hackathon,2026-01-19,walk-in,refunded,registered,non-vegetarian,500.0,1.0,1.0
s10968,anitha nair,female,2026-12-03,22,chennai,civil engineering,sports meet,2026-02-23,mobile app,paid,absent,vegetarian,150.0,6.0,2.0
s12981,deepa sharma,other,2026-04-10,17,madurai,computer science,seminar,2026-02-22,email,pending,registered,vegetarian,200.0,2.5,3.0
s12730,ajay nair,other,2026-07-17,25,salem,mechanical,workshop,2026-07-13,email,pending,cancelled,non-vegetarian,150.0,6.0,2.0
s10873,suresh kumar,female,2026-07-26,17,madurai,management,seminar,2026-11-07,website,paid,cancelled,no-meal,250.0,2.0,1.0
s11499,lakshmi rao,male,2026-08-21,17,trichy,management,career fair,2026-06-23,website,paid,absent,non-vegetarian,150.0,3.0,5.0
s10967,rahul menon,male,2026-04-16,27,trichy,unknown,workshop,2026-02-16,website,pending,attended,no-meal,150.0,1.0,5.0
s10063,divya iyer,unknown,2026-08-25,21,madurai,computer science,cultural fest,2026-11-07,campus desk,pending,attended,no-meal,500.0,1.0,3.0
s12598,suresh kumar,female,2026-03-01,19,chennai,management,hackathon,2026-08-01,website,waived,cancelled,non-vegetarian,750.0,2.5,5.0
s11092,manoj kumar,male,2026-08-23,23,trichy,management,career fair,2026-04-07,unknown,paid,cancelled,no-meal,200.0,1.5,3.0
s12063,divya iyer,female,2026-03-14,25,salem,civil engineering,seminar,2026-02-17,campus desk,pending,registered,non-vegetarian,750.0,1.5,2.0
s12093,suresh kumar,female,2026-08-06,20,madurai,electronics,workshop,2026-07-15,email,waived,attended,non-vegetarian,100.0,2.0,5.0
s10825,pooja das,male,2026-02-13,21,trichy,management,workshop,2026-01-22,mobile app,waived,attended,vegetarian,150.0,2.0,4.0
s10981,vikram das,female,2026-07-10,19,madurai,mechanical,hackathon,2026-06-25,campus desk,waived,attended,no-meal,100.0,1.0,3.0
s12510,divya iyer,female,2026-06-17,24,unknown,mechanical,sports meet,2026-05-29,walk-in,paid,absent,vegan,250.0,6.0,4.0
s10616,priya sharma,male,2026-08-30,18,hyderabad,mechanical,workshop,2026-07-22,campus desk,paid,attended,no-meal,200.0,2.5,3.0
s12094,manoj kumar,other,2026-02-19,19,unknown,arts,seminar,2026-01-27,walk-in,refunded,cancelled,vegetarian,0.0,6.0,1.0
s12537,arun kumar,male,2026-01-14,17,trichy,computer science,seminar,2025-11-15,email,refunded,absent,non-vegetarian,100.0,1.5,3.0
s10584,priya sharma,female,2026-02-12,27,trichy,mechanical,seminar,2025-12-16,campus desk,waived,registered,no-meal,250.0,3.0,3.0
s12597,vikram das,male,2026-04-06,18,trichy,management,career fair,2026-02-17,campus desk,waived,attended,vegetarian,250.0,1.0,3.0
s10923,naveen sharma,male,2026-04-18,20,pune,electronics,workshop,2026-03-21,email,refunded,cancelled,non-vegetarian,250.0,1.5,5.0
s10805,ravi patel,other,2026-07-29,21,coimbatore,arts,sports meet,2026-07-06,campus desk,refunded,cancelled,vegan,500.0,2.0,3.0
s12547,ravi patel,female,2026-03-16,19,hyderabad,commerce,sports meet,2026-01-20,email,paid,cancelled,non-vegetarian,300.0,1.0,5.0
s12697,manoj kumar,female,2026-01-28,21,hyderabad,commerce,workshop,2025-12-13,email,refunded,absent,vegetarian,200.0,2.5,2.0
s11187,swetha menon,male,2026-01-15,21,pune,civil engineering,cultural fest,2025-12-26,mobile app,paid,registered,vegetarian,500.0,6.0,3.0
s10060,lakshmi rao,female,2026-06-14,27,madurai,civil engineering,sports meet,2026-07-06,mobile app,pending,absent,non-vegetarian,0.0,2.0,3.0
s12355,meena patel,other,2026-07-25,25,pune,management,workshop,2026-09-07,email,waived,cancelled,non-vegetarian,200.0,3.0,3.0
s12116,pooja das,male,2026-02-22,19,pune,computer science,sports meet,2026-02-01,walk-in,waived,attended,vegan,200.0,2.5,1.0
s11501,priya sharma,male,2026-05-09,26,madurai,mechanical,hackathon,2026-03-16,email,paid,absent,vegetarian,100.0,1.5,5.0
s11509,karthik rao,male,2026-01-10,17,pune,electronics,cultural fest,2025-11-28,walk-in,refunded,attended,unknown,200.0,2.5,3.0
s12427,vikram das,other,2026-05-08,27,mysuru,management,career fair,2026-09-03,campus desk,refunded,absent,non-vegetarian,150.0,6.0,3.0
s12919,swetha menon,female,2026-03-05,21,kochi,commerce,seminar,2026-01-14,walk-in,waived,absent,vegetarian,200.0,3.0,4.0
s12164,pooja das,male,2026-06-28,27,salem,mechanical,workshop,2026-12-05,mobile app,paid,cancelled,vegan,200.0,2.5,1.0
s10564,meena patel,male,2026-02-22,17,coimbatore,management,hackathon,2026-03-02,website,waived,registered,vegetarian,150.0,2.5,4.0
s12142,anitha nair,other,2026-07-13,27,salem,civil engineering,hackathon,2026-06-13,email,paid,registered,vegetarian,100.0,6.0,3.0
s11326,pooja das,female,2026-04-23,17,pune,commerce,career fair,2026-12-04,campus desk,paid,cancelled,vegetarian,250.0,1.5,5.0
s10976,harini iyer,female,2026-12-05,20,hyderabad,computer science,sports meet,2026-03-16,walk-in,waived,registered,no-meal,200.0,2.5,2.0
s10770,deepa sharma,female,2026-06-30,19,madurai,computer science,sports meet,2026-06-28,mobile app,waived,absent,vegan,100.0,6.0,3.0
s11130,suresh kumar,male,2026-06-23,26,chennai,mechanical,career fair,2026-10-06,campus desk,waived,registered,non-vegetarian,250.0,2.0,5.0
s11860,anitha nair,male,2026-02-02,22,madurai,management,sports meet,2026-01-02,campus desk,pending,absent,non-vegetarian,200.0,2.5,4.0
s11268,vijay menon,female,2026-04-06,25,hyderabad,management,workshop,2026-04-18,mobile app,waived,cancelled,vegetarian,750.0,1.5,4.0
s11933,priya sharma,other,2026-03-24,19,chennai,commerce,career fair,2026-01-31,email,waived,absent,vegetarian,200.0,2.5,3.0
s11456,priya sharma,female,2026-05-15,23,madurai,electronics,career fair,2026-05-04,email,refunded,cancelled,no-meal,200.0,2.5,3.0
s10151,lakshmi rao,female,2026-03-27,27,pune,management,sports meet,2026-08-03,email,waived,registered,no-meal,750.0,3.0,3.0
s12716,ravi patel,other,2026-05-10,17,madurai,management,seminar,2026-03-22,mobile app,pending,absent,non-vegetarian,200.0,4.0,5.0
s10265,karthik rao,male,2026-05-08,19,trichy,mechanical,workshop,2026-03-26,campus desk,paid,attended,vegetarian,200.0,2.5,3.0
s10500,arun kumar,male,2026-08-08,25,coimbatore,mechanical,cultural fest,2026-06-07,website,waived,attended,vegan,200.0,2.5,3.0
s12898,vikram das,female,2026-07-29,17,mysuru,computer science,sports meet,2026-03-06,website,paid,registered,non-vegetarian,150.0,6.0,2.0
s11069,manoj kumar,male,2026-01-16,22,salem,commerce,seminar,2025-09-12,campus desk,refunded,attended,vegan,200.0,4.0,1.0
s12499,swetha menon,male,2026-08-01,25,coimbatore,computer science,cultural fest,2026-06-15,campus desk,refunded,attended,no-meal,200.0,2.5,4.0
s12087,harini iyer,other,2026-02-02,27,coimbatore,commerce,workshop,2025-12-26,email,pending,registered,no-meal,200.0,2.5,1.0
s12216,divya iyer,male,2026-01-08,26,chennai,mechanical,sports meet,2026-05-01,campus desk,waived,registered,vegetarian,0.0,1.0,4.0
s12453,pooja das,other,2026-05-25,25,coimbatore,civil engineering,workshop,2026-09-05,campus desk,paid,absent,no-meal,750.0,6.0,3.0
s12813,vikram das,other,2026-05-30,21,trichy,civil engineering,workshop,2026-01-04,email,waived,absent,no-meal,0.0,3.0,1.0
s11770,rahul menon,other,2026-05-09,18,kochi,mechanical,workshop,2026-03-24,mobile app,waived,attended,vegetarian,300.0,2.0,3.0
s10218,priya sharma,female,2026-05-20,23,trichy,arts,sports meet,2026-04-30,email,pending,attended,no-meal,0.0,6.0,2.0
s12031,rahul menon,male,2026-05-20,20,hyderabad,mechanical,hackathon,2026-12-04,email,waived,absent,no-meal,300.0,1.0,3.0
s10069,pooja das,female,2026-01-23,18,chennai,commerce,workshop,2025-11-26,email,paid,cancelled,no-meal,300.0,3.0,3.0
s12735,pooja das,male,2026-04-19,26,kochi,management,workshop,2026-03-14,mobile app,waived,attended,non-vegetarian,200.0,2.5,3.0
s12393,manoj kumar,other,2026-01-13,18,unknown,computer science,hackathon,2025-08-12,mobile app,waived,attended,vegan,0.0,2.0,4.0
s10701,vikram das,female,2026-05-02,18,trichy,civil engineering,hackathon,2026-04-19,email,paid,absent,vegan,200.0,2.5,5.0
s11627,vijay menon,other,2026-05-17,22,chennai,commerce,seminar,2026-03-28,campus desk,waived,absent,vegan,200.0,2.5,4.0
s10899,rahul menon,other,2026-01-15,27,hyderabad,arts,workshop,2025-11-18,mobile app,paid,cancelled,non-vegetarian,200.0,1.0,1.0
s12466,suresh kumar,female,2026-02-02,22,pune,commerce,hackathon,2026-01-23,mobile app,waived,cancelled,non-vegetarian,200.0,2.5,3.0
s12719,pooja das,female,2026-03-01,25,hyderabad,management,career fair,2026-02-24,email,pending,attended,vegetarian,250.0,1.5,3.0
s11154,rahul menon,female,2026-05-15,22,coimbatore,electronics,hackathon,2026-09-05,website,paid,absent,vegan,150.0,6.0,4.0
s10996,vikram das,female,2026-06-20,25,hyderabad,management,sports meet,2026-04-06,campus desk,pending,cancelled,vegan,150.0,4.0,5.0
s10070,harini iyer,female,2026-08-11,27,trichy,electronics,sports meet,2026-06-30,campus desk,refunded,attended,vegetarian,200.0,2.5,3.0
s10042,lakshmi rao,female,2026-07-02,27,chennai,unknown,career fair,2026-06-23,walk-in,paid,attended,vegan,750.0,1.0,1.0
s12633,lakshmi rao,female,2026-04-07,25,salem,computer science,sports meet,2026-02-16,walk-in,waived,cancelled,vegetarian,250.0,1.5,3.0
s11799,anitha nair,male,2026-03-09,18,madurai,electronics,cultural fest,2026-01-29,campus desk,refunded,attended,non-vegetarian,200.0,2.5,5.0
s10089,swetha menon,female,2026-04-30,25,salem,management,workshop,2026-03-03,walk-in,paid,registered,vegan,150.0,6.0,4.0
s10678,deepa sharma,other,2026-03-29,22,pune,commerce,career fair,2026-02-18,email,waived,registered,vegetarian,300.0,2.5,3.0
s11665,vikram das,unknown,2026-04-30,20,bengaluru,commerce,sports meet,2026-05-03,website,waived,cancelled,vegan,200.0,2.5,5.0
s11424,pooja das,female,2026-05-01,23,pune,arts,cultural fest,2025-11-20,mobile app,pending,attended,vegetarian,250.0,1.5,2.0
s11614,anitha nair,male,2026-05-24,17,trichy,commerce,hackathon,2026-09-05,mobile app,refunded,cancelled,no-meal,300.0,2.0,4.0
s10193,swetha menon,other,2026-05-23,19,trichy,management,workshop,2026-03-05,campus desk,pending,registered,no-meal,200.0,2.5,1.0
s11785,priya sharma,female,2026-04-02,26,coimbatore,civil engineering,hackathon,2026-03-14,walk-in,waived,attended,vegetarian,0.0,3.0,3.0
s11925,ajay nair,female,2026-04-03,19,bengaluru,computer science,seminar,2026-05-02,mobile app,paid,cancelled,vegan,750.0,2.5,3.0
s12154,pooja das,female,2026-07-22,18,madurai,civil engineering,career fair,2026-06-24,mobile app,waived,registered,vegan,100.0,6.0,4.0
s10709,arun kumar,other,2026-01-20,24,hyderabad,mechanical,career fair,2025-11-12,website,refunded,absent,vegetarian,200.0,2.5,3.0
s10959,ajay nair,other,2026-04-20,17,madurai,arts,cultural fest,2026-02-23,website,paid,registered,non-vegetarian,200.0,2.5,4.0
s10988,arun kumar,male,2026-03-02,19,pune,commerce,seminar,2025-12-17,email,refunded,attended,vegetarian,500.0,6.0,3.0
s10419,suresh kumar,other,2026-06-23,24,trichy,commerce,sports meet,2026-01-05,website,pending,cancelled,non-vegetarian,250.0,4.0,3.0
s10811,naveen sharma,other,2026-01-28,21,unknown,electronics,workshop,2026-01-16,mobile app,refunded,absent,no-meal,500.0,1.5,2.0
s11976,vikram das,female,2026-06-01,27,kochi,civil engineering,career fair,2026-05-25,website,waived,absent,vegetarian,200.0,6.0,5.0
s10903,vijay menon,male,2026-03-28,24,kochi,arts,workshop,2026-03-26,mobile app,refunded,cancelled,vegan,500.0,6.0,4.0
s12827,vijay menon,other,2026-05-31,17,hyderabad,management,cultural fest,2026-04-16,website,pending,absent,vegetarian,500.0,4.0,3.0
s12864,meena patel,other,2026-08-29,22,trichy,mechanical,career fair,2026-08-16,email,waived,attended,vegan,200.0,1.5,5.0
s11955,divya iyer,female,2026-09-04,22,mysuru,arts,cultural fest,2026-02-13,campus desk,paid,absent,vegan,250.0,2.0,3.0
s12726,arun kumar,other,2026-03-19,23,salem,mechanical,career fair,2026-02-15,campus desk,paid,attended,no-meal,250.0,3.0,2.0
s11199,suresh kumar,male,2026-06-15,22,chennai,electronics,cultural fest,2026-05-06,campus desk,refunded,registered,no-meal,100.0,1.5,2.0
s12940,vikram das,other,2026-06-12,27,coimbatore,management,workshop,2026-02-05,website,waived,absent,vegan,150.0,3.0,3.0
s11771,priya sharma,female,2026-01-25,26,hyderabad,mechanical,seminar,2025-12-18,walk-in,refunded,absent,vegetarian,200.0,2.5,3.0
s10601,karthik rao,other,2026-04-14,24,bengaluru,commerce,hackathon,2026-02-17,campus desk,refunded,attended,non-vegetarian,100.0,2.0,4.0
s10155,pooja das,female,2026-03-21,18,pune,commerce,cultural fest,2026-02-22,walk-in,paid,cancelled,vegetarian,200.0,2.5,2.0
s10603,divya iyer,male,2026-05-30,26,hyderabad,computer science,cultural fest,2026-05-27,email,pending,registered,unknown,500.0,1.0,3.0
s10913,vikram das,female,2026-03-08,17,chennai,commerce,seminar,2026-02-26,email,pending,absent,no-meal,200.0,2.5,3.0
s11121,naveen sharma,male,2026-04-29,22,pune,commerce,workshop,2026-03-20,walk-in,paid,cancelled,vegan,300.0,1.0,3.0
s11714,keerthi rao,male,2026-07-22,23,chennai,management,seminar,2026-11-06,website,refunded,registered,vegan,300.0,3.0,3.0
s11133,arun kumar,male,2026-06-17,25,chennai,computer science,sports meet,2026-04-29,website,waived,registered,vegetarian,500.0,3.0,3.0
s12411,deepa sharma,other,2026-03-25,18,coimbatore,electronics,sports meet,2026-02-26,mobile app,paid,registered,vegan,500.0,4.0,4.0
s11051,suresh kumar,other,2026-08-13,17,chennai,arts,seminar,2026-06-07,email,paid,cancelled,no-meal,500.0,1.5,3.0
s12058,keerthi rao,other,2026-03-09,21,hyderabad,commerce,hackathon,2026-01-20,email,refunded,cancelled,no-meal,150.0,4.0,3.0
s11060,deepa sharma,other,2026-02-05,21,chennai,civil engineering,workshop,2025-08-12,website,refunded,absent,no-meal,0.0,1.0,3.0
s12217,keerthi rao,other,2026-05-26,18,kochi,commerce,career fair,2026-04-29,walk-in,waived,cancelled,vegan,750.0,1.5,5.0
s12774,suresh kumar,other,2026-07-23,20,coimbatore,computer science,sports meet,2026-05-25,walk-in,paid,attended,non-vegetarian,100.0,3.0,3.0
s11500,manoj kumar,female,2026-09-08,20,chennai,computer science,career fair,2026-06-20,mobile app,waived,registered,vegetarian,250.0,3.0,3.0
s12021,rahul menon,female,2026-08-13,26,chennai,electronics,sports meet,2026-06-20,mobile app,waived,cancelled,no-meal,250.0,6.0,3.0
s11302,meena patel,male,2026-02-04,23,pune,mechanical,hackathon,2025-12-20,website,pending,registered,vegetarian,0.0,2.0,5.0
s12244,ravi patel,female,2026-06-10,17,mysuru,computer science,cultural fest,2026-09-05,email,waived,absent,no-meal,0.0,3.0,2.0
s10582,manoj kumar,female,2026-01-31,23,hyderabad,arts,career fair,2025-12-29,website,paid,attended,vegan,150.0,1.0,2.0
s11371,rahul menon,other,2026-04-06,19,mysuru,computer science,career fair,2026-05-16,walk-in,waived,registered,no-meal,0.0,1.5,5.0
s10471,deepa sharma,other,2026-01-09,20,salem,civil engineering,seminar,2025-12-22,campus desk,paid,attended,non-vegetarian,200.0,6.0,3.0
s11818,suresh kumar,male,2026-04-02,25,chennai,mechanical,seminar,2026-03-24,campus desk,paid,registered,non-vegetarian,150.0,4.0,4.0
s12515,meena patel,female,2026-01-27,18,mysuru,management,sports meet,2025-09-12,campus desk,paid,cancelled,non-vegetarian,150.0,4.0,3.0
s10130,anitha nair,male,2026-06-11,17,mysuru,mechanical,hackathon,2026-04-22,mobile app,paid,attended,no-meal,200.0,1.5,1.0
s12135,ajay nair,female,2026-01-16,22,hyderabad,management,seminar,2025-12-20,walk-in,waived,registered,vegetarian,100.0,6.0,1.0
s12203,vijay menon,male,2026-02-14,19,chennai,civil engineering,career fair,2026-07-02,mobile app,paid,registered,no-meal,100.0,6.0,3.0
s12341,swetha menon,female,2026-07-23,22,mysuru,commerce,workshop,2026-05-06,mobile app,paid,registered,non-vegetarian,0.0,3.0,3.0
s12050,vikram das,female,2026-04-08,20,trichy,civil engineering,hackathon,2026-01-03,email,paid,registered,vegan,200.0,2.5,3.0
s10791,karthik rao,other,2026-04-14,25,salem,commerce,sports meet,2026-02-15,walk-in,paid,cancelled,vegan,500.0,2.5,4.0
s11141,manoj kumar,other,2026-01-27,21,coimbatore,civil engineering,career fair,2026-09-01,mobile app,pending,attended,vegan,750.0,2.0,2.0
s12994,harini iyer,female,2026-05-24,18,trichy,mechanical,hackathon,2026-07-05,mobile app,pending,absent,non-vegetarian,750.0,2.0,4.0
s12521,ravi patel,male,2026-01-31,27,bengaluru,arts,seminar,2025-12-19,website,pending,absent,vegetarian,100.0,1.5,3.0
s10856,rahul menon,male,2026-07-26,21,salem,commerce,cultural fest,2026-06-06,unknown,refunded,cancelled,non-vegetarian,150.0,2.0,1.0
s10541,harini iyer,other,2026-01-07,24,kochi,civil engineering,hackathon,2025-03-12,mobile app,pending,attended,no-meal,300.0,1.5,3.0
s10400,vikram das,other,2026-08-27,18,coimbatore,mechanical,sports meet,2026-08-22,campus desk,paid,cancelled,no-meal,150.0,1.0,3.0
s12775,anitha nair,male,2026-07-18,27,chennai,management,hackathon,2026-06-30,campus desk,paid,attended,non-vegetarian,200.0,1.5,5.0
s12454,anitha nair,other,2026-01-26,24,mysuru,civil engineering,sports meet,2026-11-01,website,waived,registered,vegan,100.0,2.5,2.0
s11259,keerthi rao,other,2026-01-13,18,bengaluru,civil engineering,cultural fest,2025-11-16,walk-in,paid,cancelled,unknown,750.0,2.0,3.0
s11138,deepa sharma,other,2026-03-31,25,bengaluru,computer science,cultural fest,2026-02-23,campus desk,refunded,registered,vegan,100.0,4.0,5.0
s10410,rahul menon,female,2026-06-13,18,mysuru,unknown,career fair,2026-04-05,email,waived,registered,vegan,100.0,4.0,3.0
s11692,priya sharma,female,2026-07-08,18,trichy,electronics,seminar,2026-04-08,website,paid,cancelled,non-vegetarian,300.0,3.0,4.0
s10874,swetha menon,other,2026-06-02,22,pune,arts,career fair,2026-07-05,walk-in,waived,cancelled,non-vegetarian,750.0,2.0,3.0
s12852,harini iyer,male,2026-08-14,19,pune,arts,hackathon,2026-06-24,email,waived,cancelled,no-meal,150.0,1.5,2.0
s10802,meena patel,male,2026-04-16,18,coimbatore,computer science,hackathon,2026-07-03,mobile app,waived,absent,non-vegetarian,200.0,1.0,1.0
s10453,ravi patel,female,2026-06-24,19,pune,civil engineering,cultural fest,2026-05-24,campus desk,pending,absent,vegetarian,150.0,1.5,3.0
s11338,divya iyer,male,2026-07-23,26,coimbatore,civil engineering,hackathon,2026-01-07,website,pending,attended,no-meal,500.0,2.0,5.0
s10186,pooja das,other,2026-03-01,22,hyderabad,electronics,cultural fest,2026-06-01,website,pending,cancelled,vegetarian,150.0,1.0,2.0
s12895,suresh kumar,unknown,2026-06-19,19,madurai,electronics,cultural fest,2026-07-05,website,waived,cancelled,vegan,150.0,3.0,3.0
s11230,manoj kumar,female,2026-08-27,17,pune,civil engineering,cultural fest,2026-08-26,website,pending,absent,vegan,0.0,1.5,1.0
s12707,lakshmi rao,male,2026-04-29,17,bengaluru,electronics,cultural fest,2026-03-20,website,paid,cancelled,non-vegetarian,300.0,6.0,5.0
s11688,ravi patel,male,2026-03-14,21,mysuru,computer science,sports meet,2026-01-26,walk-in,waived,registered,no-meal,300.0,6.0,5.0
s12884,keerthi rao,female,2026-07-28,21,salem,civil engineering,cultural fest,2026-05-07,website,waived,absent,non-vegetarian,200.0,2.0,3.0
s10540,suresh kumar,male,2026-05-31,19,bengaluru,computer science,hackathon,2026-07-05,website,waived,registered,vegetarian,200.0,2.5,5.0
s12327,arun kumar,male,2026-02-05,21,coimbatore,civil engineering,cultural fest,2026-01-13,mobile app,pending,attended,no-meal,200.0,2.5,3.0
s11937,pooja das,female,2026-01-28,21,kochi,management,workshop,2025-12-14,website,waived,absent,vegan,150.0,4.0,2.0
s12291,naveen sharma,other,2026-07-19,18,hyderabad,computer science,cultural fest,2026-07-16,campus desk,refunded,cancelled,vegan,250.0,2.5,4.0
s11742,vijay menon,female,2026-07-23,26,pune,mechanical,career fair,2026-07-14,walk-in,refunded,cancelled,vegan,250.0,1.0,2.0
s12818,harini iyer,male,2026-02-06,17,kochi,computer science,seminar,2026-04-27,walk-in,paid,absent,vegetarian,750.0,1.0,2.0
s11527,harini iyer,male,2026-07-16,20,trichy,commerce,seminar,2026-07-13,email,pending,registered,vegan,100.0,6.0,2.0
s11862,ajay nair,other,2026-02-23,19,salem,commerce,sports meet,2026-02-13,campus desk,pending,attended,no-meal,0.0,1.0,2.0
s11639,vijay menon,other,2026-05-30,18,coimbatore,arts,seminar,2026-05-13,mobile app,pending,cancelled,vegetarian,100.0,4.0,5.0
s11610,pooja das,other,2026-01-16,17,salem,management,sports meet,2026-01-13,email,refunded,cancelled,non-vegetarian,300.0,1.5,1.0
s10465,vikram das,other,2026-06-16,24,unknown,electronics,workshop,2026-05-19,campus desk,refunded,absent,no-meal,750.0,4.0,3.0
s11324,ravi patel,other,2026-04-03,19,unknown,management,workshop,2026-03-17,campus desk,refunded,cancelled,vegan,200.0,2.5,1.0
s10551,lakshmi rao,male,2026-07-01,25,chennai,civil engineering,sports meet,2026-10-06,campus desk,refunded,registered,no-meal,300.0,3.0,5.0
s11953,priya sharma,male,2026-02-26,24,chennai,management,sports meet,2026-09-01,mobile app,pending,cancelled,vegetarian,0.0,2.0,2.0
s12310,vijay menon,male,2026-03-16,24,salem,arts,seminar,2026-06-02,website,paid,absent,vegetarian,200.0,2.5,3.0
s11392,suresh kumar,female,2026-06-23,22,bengaluru,mechanical,career fair,2026-05-14,mobile app,paid,registered,no-meal,500.0,1.0,1.0
s11044,arun kumar,male,2026-02-11,17,trichy,commerce,cultural fest,2026-01-16,mobile app,refunded,attended,vegetarian,200.0,2.5,2.0
s12872,vikram das,female,2026-12-06,22,bengaluru,arts,workshop,2026-04-14,unknown,refunded,registered,vegetarian,200.0,4.0,1.0
s10225,vijay menon,other,2026-07-24,24,trichy,mechanical,career fair,2026-07-17,website,paid,absent,vegetarian,200.0,3.0,3.0
s12756,pooja das,other,2026-03-15,19,hyderabad,commerce,seminar,2026-02-21,email,pending,absent,vegan,750.0,3.0,4.0
s10275,swetha menon,female,2026-06-26,22,salem,computer science,sports meet,1900-01-01,mobile app,waived,attended,no-meal,200.0,2.5,2.0
s12612,ravi patel,female,2026-09-07,17,hyderabad,electronics,workshop,2026-03-06,walk-in,pending,attended,no-meal,200.0,2.5,5.0
s11046,pooja das,male,2026-03-21,20,coimbatore,electronics,career fair,2026-12-02,mobile app,pending,registered,unknown,500.0,2.5,3.0
s11352,anitha nair,male,2026-01-28,26,pune,arts,seminar,2026-01-22,mobile app,pending,absent,no-meal,200.0,2.5,1.0
s10312,karthik rao,male,2026-02-04,18,bengaluru,management,workshop,2026-02-16,mobile app,pending,absent,vegetarian,200.0,2.5,4.0
s11076,meena patel,female,2026-06-11,23,pune,civil engineering,hackathon,2026-04-06,email,pending,cancelled,vegetarian,300.0,4.0,1.0
s11772,keerthi rao,male,2026-08-24,22,chennai,civil engineering,cultural fest,2026-08-22,campus desk,paid,registered,vegan,200.0,2.5,3.0
s11433,rahul menon,other,2026-01-19,27,salem,arts,sports meet,2025-12-28,mobile app,pending,absent,no-meal,250.0,1.0,4.0
s12295,rahul menon,female,2026-07-14,18,pune,computer science,career fair,2026-06-14,email,paid,absent,vegan,300.0,2.0,4.0
s12366,pooja das,male,2026-06-08,22,chennai,civil engineering,hackathon,2026-05-19,campus desk,refunded,cancelled,vegetarian,500.0,6.0,3.0
s10619,manoj kumar,female,2026-12-01,19,chennai,arts,sports meet,2025-12-22,mobile app,waived,attended,non-vegetarian,200.0,1.0,2.0
s12011,harini iyer,female,2026-07-26,21,madurai,arts,cultural fest,2026-01-07,email,paid,absent,non-vegetarian,100.0,1.0,4.0
s11623,manoj kumar,male,2026-02-28,27,unknown,management,sports meet,2026-01-18,website,refunded,attended,no-meal,300.0,2.5,2.0
s10290,harini iyer,female,2026-04-20,18,madurai,computer science,hackathon,2026-07-04,mobile app,waived,absent,vegan,150.0,1.5,3.0
s10287,naveen sharma,female,2026-05-06,24,mysuru,civil engineering,cultural fest,2026-04-27,campus desk,refunded,registered,non-vegetarian,500.0,3.0,3.0
s12322,deepa sharma,other,2026-01-02,25,madurai,management,sports meet,2025-12-26,campus desk,waived,attended,non-vegetarian,300.0,3.0,4.0
s12068,karthik rao,female,2026-07-29,23,chennai,electronics,seminar,2026-07-07,campus desk,paid,cancelled,vegetarian,300.0,4.0,1.0
s10020,rahul menon,male,2026-01-15,22,coimbatore,computer science,sports meet,2025-12-26,campus desk,pending,cancelled,non-vegetarian,0.0,2.0,2.0
s11756,divya iyer,male,2026-07-02,26,hyderabad,electronics,seminar,2026-01-15,mobile app,refunded,registered,no-meal,200.0,2.5,5.0
s11709,divya iyer,male,2026-04-27,17,chennai,commerce,workshop,2026-10-03,campus desk,paid,attended,vegetarian,500.0,2.5,5.0
s11381,anitha nair,other,2026-04-11,19,trichy,management,cultural fest,2026-03-21,website,pending,cancelled,non-vegetarian,250.0,1.0,3.0
s10842,manoj kumar,unknown,2026-08-13,18,madurai,electronics,cultural fest,2026-11-07,website,refunded,attended,vegan,200.0,2.5,3.0
s10788,naveen sharma,male,2026-04-24,17,mysuru,commerce,sports meet,2026-03-13,walk-in,waived,attended,vegan,150.0,1.0,2.0
s11078,divya iyer,other,2026-06-13,23,hyderabad,commerce,workshop,2026-01-06,email,paid,registered,vegan,500.0,2.0,5.0
s12610,manoj kumar,female,2026-11-03,25,chennai,mechanical,sports meet,2026-11-01,campus desk,paid,absent,vegan,200.0,3.0,5.0
s10945,karthik rao,male,2026-07-20,22,salem,arts,sports meet,2026-06-28,walk-in,paid,attended,vegan,100.0,1.5,5.0
s11482,ravi patel,other,2026-01-14,22,madurai,civil engineering,seminar,2026-11-01,mobile app,pending,registered,vegan,200.0,6.0,5.0
s12097,naveen sharma,other,2026-10-03,25,coimbatore,management,cultural fest,2026-07-02,website,pending,absent,no-meal,100.0,1.0,2.0
s12955,ravi patel,female,2026-08-24,19,mysuru,civil engineering,sports meet,2026-08-08,walk-in,waived,cancelled,no-meal,200.0,3.0,2.0
s10801,naveen sharma,female,2026-07-17,20,hyderabad,management,workshop,2026-06-22,email,waived,cancelled,non-vegetarian,250.0,6.0,4.0
s11053,swetha menon,female,2026-03-18,19,kochi,arts,hackathon,2026-02-18,walk-in,refunded,absent,vegan,200.0,2.5,4.0
s11852,suresh kumar,male,2026-07-05,22,mysuru,computer science,cultural fest,2026-12-06,email,waived,attended,non-vegetarian,300.0,2.0,4.0
s12429,ajay nair,male,2026-02-28,23,chennai,management,workshop,2026-02-19,campus desk,pending,registered,vegetarian,200.0,2.5,3.0
s12942,manoj kumar,female,2026-07-17,22,madurai,computer science,cultural fest,2026-11-07,website,refunded,attended,unknown,200.0,4.0,4.0
s11366,vikram das,female,2026-07-03,18,chennai,commerce,cultural fest,2026-05-13,mobile app,paid,absent,no-meal,150.0,1.5,2.0
s12257,suresh kumar,female,2026-02-20,20,pune,civil engineering,seminar,2025-12-25,mobile app,refunded,registered,no-meal,200.0,2.0,4.0
s12655,vijay menon,male,2026-02-04,24,chennai,commerce,seminar,2026-01-27,website,waived,attended,vegan,750.0,2.5,3.0
s11645,harini iyer,male,2026-04-19,18,salem,commerce,cultural fest,2026-05-03,campus desk,waived,cancelled,vegetarian,750.0,4.0,1.0
s10764,vikram das,female,2026-08-30,20,hyderabad,electronics,sports meet,2026-07-21,campus desk,refunded,attended,vegan,150.0,2.0,2.0
s11384,deepa sharma,male,2026-02-21,23,mysuru,mechanical,career fair,2026-10-02,website,waived,registered,no-meal,150.0,1.0,3.0
s10713,anitha nair,other,2026-05-20,26,salem,commerce,cultural fest,2026-05-14,email,waived,absent,vegan,200.0,1.5,3.0
s10431,priya sharma,male,2026-05-30,17,kochi,commerce,sports meet,2026-05-22,mobile app,paid,absent,non-vegetarian,200.0,2.5,4.0
s11323,keerthi rao,other,2026-06-06,24,trichy,commerce,seminar,2026-12-04,campus desk,refunded,attended,vegan,200.0,2.5,1.0
s10101,divya iyer,female,2026-05-07,25,coimbatore,commerce,workshop,2026-06-30,email,paid,absent,vegan,250.0,2.0,2.0
s12428,pooja das,female,2026-06-05,19,mysuru,management,cultural fest,2026-04-30,walk-in,waived,absent,vegetarian,500.0,3.0,5.0
s12449,vijay menon,male,2026-07-05,19,kochi,arts,seminar,2026-06-23,website,paid,cancelled,non-vegetarian,500.0,2.0,2.0
s11251,rahul menon,other,2026-06-01,17,trichy,arts,seminar,2026-05-31,campus desk,paid,absent,vegan,150.0,6.0,1.0
s10832,deepa sharma,other,2026-02-28,19,madurai,management,career fair,2026-02-02,email,refunded,absent,vegan,750.0,1.0,3.0
s12004,swetha menon,other,2026-01-18,19,salem,electronics,career fair,2025-03-12,website,paid,cancelled,no-meal,100.0,2.0,5.0
s12212,karthik rao,other,2026-02-11,22,trichy,civil engineering,sports meet,2026-01-13,mobile app,refunded,attended,vegetarian,200.0,3.0,3.0
s11557,deepa sharma,male,2026-02-16,19,salem,mechanical,career fair,2026-01-26,walk-in,paid,absent,vegetarian,300.0,2.0,4.0
s11808,karthik rao,male,2026-08-06,19,madurai,civil engineering,career fair,2026-06-27,campus desk,refunded,absent,non-vegetarian,750.0,4.0,4.0
s11234,lakshmi rao,male,2026-08-16,19,chennai,mechanical,cultural fest,2026-07-16,website,waived,absent,no-meal,300.0,2.5,2.0
s10407,ravi patel,female,2026-06-26,23,madurai,civil engineering,workshop,2026-06-19,walk-in,pending,attended,no-meal,750.0,3.0,1.0
s11013,vijay menon,other,2026-02-14,17,chennai,arts,sports meet,2026-05-02,mobile app,refunded,cancelled,vegetarian,300.0,6.0,1.0
s10552,anitha nair,female,2026-03-17,26,chennai,mechanical,seminar,2026-08-03,mobile app,pending,registered,vegan,500.0,1.0,5.0
s12628,naveen sharma,male,2026-02-15,25,trichy,mechanical,career fair,2025-12-26,walk-in,paid,absent,vegan,150.0,6.0,2.0
s10184,rahul menon,other,2026-06-23,20,trichy,arts,workshop,2026-06-14,email,paid,attended,no-meal,250.0,2.0,3.0
s10263,meena patel,female,2026-01-03,26,hyderabad,arts,seminar,2026-01-31,campus desk,paid,cancelled,vegetarian,750.0,6.0,3.0
s12446,swetha menon,female,2026-05-13,18,madurai,electronics,career fair,2026-01-05,walk-in,paid,cancelled,non-vegetarian,500.0,1.0,5.0
s12778,vijay menon,female,2026-04-18,27,mysuru,mechanical,sports meet,2026-02-28,website,refunded,absent,vegan,0.0,6.0,3.0
s11537,harini iyer,male,2026-06-22,20,trichy,mechanical,seminar,2026-05-17,campus desk,waived,attended,no-meal,750.0,2.5,3.0
s11950,karthik rao,other,2026-04-02,25,coimbatore,commerce,hackathon,2026-02-15,email,waived,attended,non-vegetarian,200.0,2.5,5.0
s10523,vikram das,female,2026-04-27,25,hyderabad,computer science,cultural fest,2026-03-30,email,refunded,registered,no-meal,500.0,6.0,2.0
s10787,deepa sharma,male,2026-05-01,21,mysuru,civil engineering,cultural fest,2026-03-22,mobile app,refunded,cancelled,non-vegetarian,750.0,1.0,3.0
s12485,manoj kumar,female,2026-01-15,20,madurai,arts,cultural fest,2025-12-17,email,pending,attended,vegan,750.0,1.5,1.0
s11720,suresh kumar,female,2026-01-07,17,chennai,computer science,workshop,2025-12-25,email,pending,registered,no-meal,200.0,2.5,4.0
s11169,priya sharma,male,2026-03-08,27,kochi,civil engineering,seminar,2026-01-13,mobile app,waived,attended,no-meal,750.0,6.0,2.0
s11821,naveen sharma,male,2026-07-21,23,salem,commerce,cultural fest,2026-10-06,walk-in,waived,absent,vegetarian,200.0,2.5,3.0
s11959,keerthi rao,male,2026-05-11,24,kochi,management,career fair,2026-04-14,email,refunded,registered,vegan,100.0,6.0,3.0
s10420,keerthi rao,female,2026-04-20,18,madurai,commerce,hackathon,2026-03-30,mobile app,pending,absent,no-meal,200.0,6.0,4.0
s12668,vijay menon,female,2026-03-13,26,trichy,computer science,workshop,2026-12-01,mobile app,refunded,registered,non-vegetarian,150.0,1.5,3.0
s11564,ajay nair,female,2026-04-16,19,trichy,computer science,workshop,2026-01-03,website,paid,attended,vegetarian,500.0,1.0,3.0
s11781,suresh kumar,female,2026-04-10,25,kochi,electronics,cultural fest,2026-05-04,email,refunded,cancelled,no-meal,300.0,6.0,4.0
s12369,deepa sharma,female,2026-04-20,21,trichy,commerce,workshop,2026-04-04,campus desk,refunded,registered,non-vegetarian,100.0,1.0,1.0
s12013,ajay nair,female,2026-04-07,25,kochi,commerce,cultural fest,2026-02-15,email,refunded,absent,non-vegetarian,200.0,2.5,2.0
s11215,rahul menon,male,2026-05-16,20,unknown,commerce,sports meet,2026-01-04,email,waived,attended,non-vegetarian,100.0,4.0,5.0
s11800,lakshmi rao,female,2026-07-18,24,bengaluru,civil engineering,workshop,2026-05-27,website,pending,registered,no-meal,300.0,1.5,1.0
s12903,meena patel,male,1900-01-01,20,madurai,electronics,sports meet,2026-02-24,email,paid,absent,vegan,200.0,2.5,4.0
s11682,keerthi rao,male,1900-01-01,27,salem,commerce,sports meet,2026-01-02,walk-in,refunded,registered,vegetarian,200.0,2.5,3.0
s12060,meena patel,other,2026-05-17,27,mysuru,civil engineering,sports meet,2026-11-05,email,pending,cancelled,vegan,750.0,2.5,3.0
s10328,priya sharma,other,2026-01-17,23,pune,mechanical,workshop,2026-10-01,campus desk,waived,absent,vegetarian,200.0,2.5,3.0
s10056,naveen sharma,male,2026-04-26,27,mysuru,computer science,sports meet,2026-04-19,mobile app,waived,registered,vegetarian,200.0,2.5,3.0
s11113,meena patel,other,2026-01-06,18,madurai,electronics,seminar,2026-02-01,mobile app,pending,cancelled,vegan,750.0,3.0,3.0
s11983,swetha menon,other,2026-07-26,17,chennai,mechanical,hackathon,2026-06-28,website,pending,attended,non-vegetarian,100.0,2.5,3.0
s12823,suresh kumar,female,2026-05-16,22,pune,arts,hackathon,2026-04-28,website,paid,cancelled,non-vegetarian,250.0,3.0,4.0
s11575,ajay nair,other,2026-08-30,23,bengaluru,commerce,sports meet,2026-08-14,email,pending,registered,no-meal,200.0,2.5,3.0
s12768,ajay nair,other,2026-06-16,22,madurai,mechanical,career fair,2026-05-19,walk-in,pending,registered,vegan,300.0,2.0,4.0
s11526,ajay nair,male,2026-04-19,25,hyderabad,arts,seminar,2026-03-20,mobile app,paid,absent,vegetarian,150.0,1.0,3.0
s11654,karthik rao,female,2026-04-29,20,madurai,electronics,seminar,2026-03-03,email,paid,cancelled,vegetarian,100.0,2.5,3.0
s11832,ravi patel,male,2026-01-07,20,kochi,computer science,seminar,2025-12-22,email,refunded,cancelled,vegan,0.0,2.0,3.0
s10630,suresh kumar,male,2026-05-04,20,pune,commerce,career fair,2026-02-28,website,waived,absent,vegetarian,200.0,4.0,1.0
s11793,rahul menon,other,2026-04-12,23,hyderabad,computer science,hackathon,2026-02-27,website,paid,attended,non-vegetarian,100.0,2.0,1.0
s10755,suresh kumar,other,2026-12-03,25,madurai,civil engineering,workshop,2026-02-16,campus desk,waived,registered,vegetarian,500.0,2.5,5.0
s10889,keerthi rao,male,2026-08-13,20,unknown,arts,sports meet,2026-07-13,walk-in,pending,absent,non-vegetarian,200.0,4.0,4.0
s11636,rahul menon,male,2026-01-07,26,bengaluru,management,career fair,2025-11-28,website,waived,cancelled,vegan,250.0,1.0,3.0
s11108,karthik rao,male,2026-03-23,25,kochi,civil engineering,career fair,2026-03-17,email,pending,cancelled,unknown,0.0,6.0,3.0
s10520,karthik rao,male,2026-03-17,27,kochi,management,seminar,2026-02-24,mobile app,refunded,cancelled,non-vegetarian,0.0,3.0,4.0
s10068,meena patel,male,2026-04-29,22,hyderabad,mechanical,workshop,2026-10-03,campus desk,paid,attended,no-meal,100.0,2.5,3.0
s10880,naveen sharma,female,2026-01-13,22,kochi,mechanical,hackathon,2025-12-12,email,refunded,attended,no-meal,300.0,1.0,3.0
s11462,divya iyer,other,1900-01-01,25,pune,commerce,sports meet,2026-02-26,email,pending,registered,no-meal,200.0,2.5,3.0
s10670,priya sharma,other,2026-03-15,26,madurai,commerce,career fair,2026-02-25,website,paid,cancelled,vegetarian,500.0,2.0,3.0
s11908,lakshmi rao,female,2026-12-07,21,chennai,civil engineering,seminar,2026-06-23,mobile app,pending,attended,non-vegetarian,0.0,4.0,2.0
s10064,divya iyer,female,2026-06-04,19,bengaluru,arts,seminar,2026-04-17,email,refunded,cancelled,no-meal,500.0,4.0,3.0
s10202,rahul menon,female,2026-06-18,23,mysuru,electronics,workshop,2026-05-14,email,refunded,absent,vegetarian,150.0,2.0,4.0
s11064,deepa sharma,other,2026-08-19,27,trichy,arts,workshop,2026-07-22,website,paid,absent,non-vegetarian,150.0,1.0,2.0
s11143,ajay nair,female,2026-08-23,19,pune,management,seminar,2026-04-07,mobile app,waived,registered,vegetarian,200.0,2.5,3.0
s12392,karthik rao,other,2026-05-18,17,kochi,computer science,sports meet,2026-03-24,campus desk,pending,attended,vegetarian,300.0,3.0,5.0
s10115,priya sharma,other,2026-02-12,20,trichy,computer science,career fair,2026-01-16,website,refunded,absent,no-meal,500.0,3.0,3.0
s12150,karthik rao,female,2026-05-15,18,madurai,civil engineering,workshop,2026-03-25,walk-in,refunded,cancelled,vegetarian,150.0,2.5,3.0
s10682,swetha menon,female,2026-07-22,23,mysuru,mechanical,sports meet,2026-05-24,email,pending,registered,non-vegetarian,150.0,3.0,3.0
s10333,harini iyer,female,2026-08-27,17,trichy,computer science,sports meet,2026-07-27,mobile app,waived,cancelled,no-meal,150.0,2.5,2.0
s10771,meena patel,female,2026-03-11,17,pune,mechanical,cultural fest,2026-01-31,walk-in,waived,registered,vegan,150.0,1.0,4.0
s12710,priya sharma,male,2026-04-06,17,unknown,electronics,hackathon,2026-07-03,website,waived,registered,non-vegetarian,200.0,2.5,4.0
s11104,arun kumar,male,2026-08-01,27,chennai,commerce,cultural fest,2025-11-11,email,waived,attended,vegetarian,500.0,2.0,3.0
s10808,suresh kumar,male,2026-04-16,27,unknown,management,hackathon,2026-02-04,campus desk,refunded,absent,non-vegetarian,750.0,2.0,5.0
s10475,naveen sharma,other,2026-08-26,17,mysuru,commerce,sports meet,1900-01-01,email,paid,cancelled,non-vegetarian,250.0,3.0,5.0
s11752,vijay menon,other,2026-05-13,18,coimbatore,mechanical,seminar,2026-03-28,email,paid,absent,vegan,750.0,1.0,1.0
s10181,meena patel,other,2026-03-29,25,madurai,computer science,sports meet,2026-03-23,website,refunded,absent,vegan,200.0,2.5,3.0
s10563,ravi patel,female,2026-04-10,22,bengaluru,computer science,cultural fest,2026-03-21,walk-in,pending,cancelled,no-meal,500.0,1.5,0.0
s11109,swetha menon,male,2026-07-04,27,pune,electronics,sports meet,2026-06-28,email,refunded,cancelled,vegan,150.0,2.5,3.0
s11235,naveen sharma,other,2026-03-24,23,madurai,management,seminar,2026-02-21,email,paid,absent,no-meal,200.0,2.5,3.0
s10425,manoj kumar,other,2026-03-17,19,pune,computer science,career fair,2026-01-19,campus desk,refunded,cancelled,non-vegetarian,300.0,2.5,3.0
s11951,vikram das,female,2026-05-11,20,kochi,civil engineering,career fair,2026-04-13,campus desk,pending,registered,non-vegetarian,200.0,2.0,2.0
s11120,priya sharma,other,2026-02-19,20,kochi,mechanical,cultural fest,2026-01-29,walk-in,waived,registered,vegan,500.0,6.0,3.0
s12146,suresh kumar,other,2026-05-29,23,coimbatore,mechanical,cultural fest,2026-04-23,walk-in,refunded,attended,vegan,750.0,1.0,3.0
s11975,divya iyer,other,2026-08-26,25,chennai,mechanical,workshop,2026-02-08,walk-in,refunded,attended,vegetarian,0.0,2.5,1.0
s11727,manoj kumar,other,2026-02-24,22,salem,electronics,cultural fest,2026-05-01,campus desk,paid,registered,non-vegetarian,200.0,6.0,5.0
s12732,keerthi rao,other,2026-01-18,23,kochi,civil engineering,workshop,2025-11-26,walk-in,refunded,registered,non-vegetarian,750.0,3.0,1.0
s10698,rahul menon,male,2026-02-14,25,pune,civil engineering,hackathon,2025-12-22,unknown,pending,cancelled,non-vegetarian,500.0,6.0,3.0
s12934,vikram das,other,2026-06-15,21,kochi,arts,cultural fest,2026-04-21,email,refunded,registered,no-meal,250.0,4.0,3.0
s10548,keerthi rao,male,2026-08-05,23,madurai,arts,workshop,2026-03-27,walk-in,paid,registered,no-meal,250.0,3.0,2.0
s11339,anitha nair,male,2026-03-17,18,mysuru,mechanical,cultural fest,2026-06-03,email,refunded,absent,vegan,0.0,2.5,2.0
s12797,ravi patel,female,2026-02-18,24,salem,electronics,sports meet,2026-01-28,email,waived,registered,vegan,750.0,2.5,5.0
s11410,vijay menon,female,2026-01-17,25,pune,civil engineering,seminar,2025-08-12,campus desk,pending,cancelled,vegetarian,500.0,1.0,2.0
s10879,vikram das,other,2026-01-22,24,chennai,computer science,workshop,2026-05-01,website,pending,registered,vegetarian,100.0,2.5,3.0
s11063,divya iyer,other,2026-03-09,19,coimbatore,commerce,seminar,2026-02-22,website,refunded,cancelled,vegan,200.0,2.5,3.0
s12163,manoj kumar,other,2026-05-30,21,trichy,mechanical,hackathon,2026-03-05,email,paid,cancelled,vegan,200.0,2.5,3.0
s12772,suresh kumar,other,2026-02-07,23,chennai,management,hackathon,2026-03-02,walk-in,refunded,absent,vegetarian,0.0,4.0,4.0
s10423,ravi patel,male,2026-05-31,25,pune,management,career fair,2026-04-13,email,pending,registered,vegetarian,100.0,3.0,3.0
s11273,meena patel,female,2026-06-21,24,bengaluru,mechanical,workshop,2026-05-27,campus desk,paid,cancelled,vegetarian,150.0,1.5,1.0
s10927,ajay nair,other,2026-07-01,24,trichy,management,seminar,2026-05-31,website,refunded,absent,non-vegetarian,300.0,3.0,3.0
s11022,vijay menon,male,2026-03-24,26,unknown,civil engineering,cultural fest,2026-11-02,walk-in,pending,attended,non-vegetarian,100.0,4.0,5.0
s10657,divya iyer,other,2026-08-23,19,bengaluru,management,cultural fest,2026-06-27,unknown,pending,registered,vegetarian,500.0,6.0,4.0
s12969,swetha menon,female,2026-02-04,27,mysuru,commerce,sports meet,2026-01-14,mobile app,paid,registered,no-meal,300.0,3.0,4.0
s10833,priya sharma,other,2026-11-01,20,madurai,electronics,seminar,2025-11-27,email,refunded,registered,no-meal,500.0,3.0,2.0
s11353,pooja das,female,2026-08-29,23,mysuru,computer science,career fair,2026-07-16,email,waived,cancelled,vegetarian,0.0,2.5,3.0
s10757,anitha nair,male,2026-05-30,27,coimbatore,arts,hackathon,2026-01-04,mobile app,waived,cancelled,no-meal,200.0,2.5,3.0
s12776,naveen sharma,unknown,2026-04-10,22,unknown,electronics,career fair,2026-03-16,email,pending,absent,no-meal,750.0,3.0,2.0
s11287,rahul menon,female,2026-04-29,23,unknown,electronics,seminar,2026-08-04,walk-in,refunded,cancelled,vegetarian,250.0,2.0,5.0
s12896,manoj kumar,female,2026-05-27,24,kochi,mechanical,workshop,2026-04-29,mobile app,refunded,cancelled,vegan,200.0,2.5,4.0
s10865,arun kumar,female,2026-12-02,17,pune,computer science,career fair,2026-08-01,campus desk,pending,cancelled,non-vegetarian,200.0,2.5,5.0
s12433,keerthi rao,female,2026-05-09,23,trichy,computer science,cultural fest,2026-04-28,mobile app,waived,cancelled,vegan,250.0,6.0,4.0
s10041,naveen sharma,female,2026-09-07,25,bengaluru,arts,career fair,2026-01-06,mobile app,pending,cancelled,vegan,250.0,1.0,2.0
s12493,vikram das,female,2026-06-29,20,pune,computer science,seminar,2026-05-23,mobile app,pending,cancelled,vegetarian,100.0,2.5,3.0
s10585,swetha menon,female,2026-02-11,24,hyderabad,civil engineering,career fair,2026-01-17,website,pending,registered,vegan,750.0,6.0,1.0
s12589,manoj kumar,male,2026-08-13,25,kochi,mechanical,career fair,2026-07-19,website,pending,absent,non-vegetarian,750.0,1.5,2.0
s11059,karthik rao,female,2026-01-09,17,bengaluru,arts,hackathon,2026-06-01,campus desk,pending,registered,no-meal,250.0,2.5,4.0
s12250,harini iyer,male,2026-05-29,17,mysuru,unknown,cultural fest,2026-03-05,campus desk,waived,registered,vegan,100.0,2.5,1.0
s10887,swetha menon,female,2026-01-27,19,mysuru,arts,cultural fest,2025-12-21,mobile app,paid,attended,unknown,200.0,2.5,5.0
s12505,vikram das,unknown,2026-03-27,21,hyderabad,mechanical,career fair,2026-01-29,website,paid,absent,no-meal,500.0,2.5,2.0
s11340,pooja das,female,2026-04-29,20,pune,civil engineering,sports meet,2026-04-24,campus desk,pending,registered,no-meal,200.0,2.5,3.0
s12834,vikram das,other,2026-05-18,26,madurai,computer science,cultural fest,2026-11-05,campus desk,waived,attended,vegetarian,200.0,2.5,1.0
s12840,lakshmi rao,male,2026-05-31,22,chennai,management,seminar,2026-10-05,walk-in,waived,absent,no-meal,100.0,4.0,2.0
s10490,lakshmi rao,female,2026-03-20,17,trichy,civil engineering,sports meet,2026-02-24,mobile app,refunded,absent,vegan,150.0,1.0,2.0
s11061,deepa sharma,other,2026-01-15,26,hyderabad,computer science,sports meet,2025-12-29,mobile app,paid,absent,unknown,200.0,2.5,5.0
s12815,naveen sharma,male,1900-01-01,20,coimbatore,management,cultural fest,2026-08-19,campus desk,refunded,registered,vegetarian,500.0,2.0,4.0
s11228,harini iyer,male,2026-08-08,19,coimbatore,computer science,cultural fest,2026-04-07,email,waived,attended,vegetarian,250.0,3.0,3.0
s10933,vikram das,female,2026-07-21,17,coimbatore,management,hackathon,2026-04-06,campus desk,refunded,registered,no-meal,200.0,4.0,3.0
s10529,rahul menon,male,2026-07-02,17,bengaluru,arts,career fair,2026-12-06,mobile app,waived,registered,no-meal,150.0,6.0,4.0
s12419,naveen sharma,male,2026-02-28,19,madurai,commerce,cultural fest,2026-11-02,email,refunded,cancelled,no-meal,500.0,6.0,3.0
s12594,naveen sharma,female,2026-02-27,25,chennai,arts,workshop,2025-12-31,email,waived,absent,no-meal,0.0,3.0,3.0
s10964,vijay menon,male,2026-06-30,19,coimbatore,computer science,workshop,2026-06-25,walk-in,waived,cancelled,non-vegetarian,200.0,2.5,3.0
s12997,naveen sharma,male,2026-08-01,20,madurai,computer science,workshop,2025-11-29,mobile app,pending,cancelled,vegan,200.0,2.5,3.0
s11511,ajay nair,male,2026-05-13,18,coimbatore,mechanical,sports meet,2026-03-27,email,refunded,registered,non-vegetarian,100.0,2.0,2.0
s11009,suresh kumar,other,2026-08-14,20,salem,mechanical,cultural fest,2026-06-22,email,refunded,registered,no-meal,200.0,1.0,5.0
s11881,manoj kumar,female,2026-08-11,21,coimbatore,arts,sports meet,2026-06-23,campus desk,paid,registered,vegetarian,750.0,4.0,3.0
s12820,vijay menon,female,2026-07-04,25,pune,arts,hackathon,2026-03-14,website,pending,registered,non-vegetarian,200.0,2.5,3.0
s11119,rahul menon,other,2026-08-16,19,mysuru,mechanical,hackathon,2026-06-18,email,waived,registered,vegan,200.0,2.5,3.0
s11671,vikram das,male,2026-06-01,20,hyderabad,management,seminar,2026-02-05,walk-in,pending,attended,vegan,0.0,6.0,5.0
s10139,meena patel,other,2026-02-09,27,salem,computer science,career fair,2025-12-17,website,paid,attended,no-meal,200.0,2.5,2.0
s11638,arun kumar,other,2026-01-14,19,madurai,commerce,hackathon,2025-04-12,campus desk,waived,registered,non-vegetarian,200.0,2.5,4.0
s12352,rahul menon,male,2026-05-29,25,hyderabad,arts,cultural fest,2026-03-31,walk-in,waived,attended,non-vegetarian,150.0,2.0,5.0
s11262,suresh kumar,female,2026-09-02,25,trichy,management,career fair,2026-07-24,campus desk,pending,registered,vegan,750.0,6.0,3.0
s12929,suresh kumar,male,2026-08-17,25,pune,mechanical,hackathon,2026-07-27,email,paid,attended,vegan,150.0,6.0,2.0
s11034,pooja das,male,2026-05-28,21,coimbatore,electronics,seminar,2026-04-17,email,waived,absent,vegan,750.0,1.5,4.0
s10885,meena patel,other,2026-07-06,18,kochi,electronics,workshop,2026-07-06,mobile app,waived,cancelled,non-vegetarian,100.0,1.5,2.0
s10542,karthik rao,other,2026-03-16,26,trichy,mechanical,hackathon,2026-01-20,campus desk,waived,absent,vegetarian,200.0,2.5,2.0
s12487,lakshmi rao,male,2026-02-17,20,mysuru,arts,hackathon,2026-01-18,email,pending,attended,non-vegetarian,200.0,2.5,2.0
s10938,ravi patel,male,2026-05-23,25,coimbatore,mechanical,cultural fest,2026-08-04,walk-in,paid,absent,vegan,100.0,1.0,2.0
s12175,divya iyer,other,2026-05-17,24,madurai,computer science,workshop,2026-02-04,campus desk,refunded,absent,vegan,300.0,2.0,3.0
s12800,rahul menon,other,2026-04-15,27,bengaluru,management,hackathon,2026-06-04,mobile app,pending,absent,vegetarian,200.0,2.5,2.0
s12660,suresh kumar,female,2026-06-18,24,chennai,mechanical,sports meet,2026-02-06,unknown,refunded,absent,vegetarian,100.0,2.5,3.0
s10337,naveen sharma,other,2026-07-06,25,coimbatore,civil engineering,workshop,2026-11-05,mobile app,paid,cancelled,no-meal,100.0,1.0,3.0
s10024,vijay menon,female,2026-05-18,25,salem,commerce,workshop,2026-03-19,walk-in,paid,cancelled,vegetarian,200.0,2.0,4.0
s11382,suresh kumar,male,2026-08-16,21,salem,management,workshop,2026-07-21,walk-in,waived,attended,non-vegetarian,200.0,2.5,3.0
s12902,rahul menon,male,2026-08-10,27,salem,electronics,sports meet,2026-07-28,campus desk,refunded,cancelled,non-vegetarian,750.0,2.0,3.0
s11495,deepa sharma,other,2026-07-07,26,hyderabad,civil engineering,sports meet,2026-06-18,website,pending,cancelled,no-meal,750.0,1.0,3.0
s12199,suresh kumar,male,1900-01-01,24,madurai,arts,cultural fest,2026-03-22,walk-in,waived,cancelled,non-vegetarian,200.0,2.5,5.0
s11163,vijay menon,other,2026-06-11,27,coimbatore,management,sports meet,2026-05-19,unknown,waived,registered,vegan,200.0,1.5,2.0
s12399,manoj kumar,female,2026-06-25,26,unknown,electronics,cultural fest,2026-04-30,mobile app,refunded,attended,non-vegetarian,200.0,2.5,3.0
s10646,naveen sharma,female,2026-03-23,18,trichy,management,seminar,2026-03-03,walk-in,pending,cancelled,non-vegetarian,250.0,3.0,4.0
s11124,vijay menon,male,2026-06-24,19,pune,electronics,seminar,2026-06-15,website,pending,attended,vegetarian,750.0,2.0,5.0
s10271,meena patel,male,2026-07-24,25,mysuru,computer science,cultural fest,2026-06-15,campus desk,waived,registered,vegetarian,200.0,3.0,3.0
s12629,suresh kumar,other,2026-03-21,21,madurai,management,workshop,2026-07-02,mobile app,refunded,cancelled,vegan,200.0,1.5,2.0
s12876,rahul menon,male,2026-03-20,21,hyderabad,mechanical,sports meet,2026-03-16,walk-in,pending,attended,no-meal,100.0,1.5,1.0
s12632,deepa sharma,male,2026-05-13,23,trichy,computer science,seminar,2026-04-05,walk-in,pending,attended,non-vegetarian,300.0,3.0,3.0
s12283,anitha nair,female,2026-03-22,26,kochi,civil engineering,hackathon,2026-02-28,email,waived,absent,vegan,0.0,1.5,3.0
s12385,pooja das,other,2026-02-08,18,salem,arts,career fair,2026-12-01,walk-in,waived,absent,vegan,300.0,1.0,1.0
s12844,karthik rao,female,2026-03-05,21,salem,computer science,career fair,2026-10-01,email,paid,cancelled,no-meal,250.0,1.5,3.0
s11579,pooja das,other,2026-06-05,22,bengaluru,electronics,cultural fest,2026-10-04,campus desk,pending,attended,non-vegetarian,500.0,2.0,3.0
s12939,arun kumar,female,2026-02-04,21,chennai,management,hackathon,2025-12-13,email,paid,attended,non-vegetarian,200.0,2.5,4.0
s10950,ravi patel,male,2026-07-15,19,hyderabad,arts,career fair,2026-06-28,website,paid,cancelled,non-vegetarian,200.0,2.5,5.0
s12518,anitha nair,other,2026-02-21,24,mysuru,mechanical,hackathon,2026-02-18,walk-in,pending,attended,vegan,200.0,2.5,3.0
s10606,arun kumar,other,2026-01-08,24,salem,unknown,sports meet,2025-12-29,campus desk,pending,absent,vegan,150.0,2.5,3.0
s12746,vijay menon,female,2026-04-13,20,unknown,commerce,hackathon,2026-08-03,walk-in,waived,cancelled,vegetarian,250.0,6.0,2.0
s12262,keerthi rao,male,2026-08-01,25,madurai,commerce,hackathon,2026-05-06,mobile app,paid,absent,no-meal,150.0,2.0,3.0
s11286,anitha nair,female,2026-03-30,19,mysuru,computer science,workshop,2026-02-25,walk-in,paid,absent,vegan,200.0,2.5,1.0
s12863,meena patel,female,2026-05-18,27,coimbatore,mechanical,sports meet,2026-05-04,walk-in,refunded,cancelled,vegetarian,200.0,3.0,2.0
s11701,arun kumar,other,2026-05-22,27,pune,electronics,hackathon,2026-04-21,mobile app,waived,registered,no-meal,750.0,1.0,3.0
s11927,rahul menon,other,2026-08-13,23,kochi,commerce,sports meet,2026-07-31,website,waived,cancelled,vegetarian,100.0,1.0,3.0
s12568,swetha menon,male,2026-03-27,18,mysuru,computer science,sports meet,2026-03-25,campus desk,refunded,registered,vegan,200.0,2.5,3.0
s11144,vikram das,male,2026-05-02,23,chennai,civil engineering,career fair,2026-09-04,walk-in,pending,cancelled,no-meal,100.0,3.0,3.0
s12318,ajay nair,other,2026-04-15,26,chennai,electronics,hackathon,1900-01-01,unknown,pending,registered,vegetarian,200.0,2.5,3.0
s12373,suresh kumar,female,2026-04-20,19,hyderabad,computer science,workshop,2026-04-17,walk-in,paid,cancelled,vegan,200.0,6.0,1.0
s12290,lakshmi rao,other,2026-03-12,22,kochi,civil engineering,hackathon,2026-07-03,mobile app,pending,attended,vegetarian,150.0,2.0,2.0
s11918,divya iyer,male,2026-03-26,24,unknown,civil engineering,workshop,2026-04-02,email,paid,attended,vegetarian,0.0,1.5,5.0
s11295,anitha nair,female,2026-09-02,18,unknown,commerce,sports meet,2026-12-08,email,refunded,registered,non-vegetarian,150.0,6.0,3.0
s10212,priya sharma,other,2026-06-20,25,coimbatore,civil engineering,sports meet,2026-05-24,mobile app,pending,registered,vegan,0.0,6.0,3.0
s10723,priya sharma,male,2026-04-02,25,unknown,mechanical,cultural fest,2026-02-16,email,waived,absent,non-vegetarian,200.0,2.5,5.0
s12962,karthik rao,female,2026-01-21,23,hyderabad,mechanical,workshop,2026-02-01,website,paid,attended,non-vegetarian,250.0,6.0,3.0
s12197,anitha nair,male,2026-08-22,18,chennai,computer science,seminar,2026-08-16,campus desk,pending,registered,vegetarian,100.0,6.0,3.0
s11713,vijay menon,male,2026-08-10,20,mysuru,mechanical,hackathon,2026-06-27,walk-in,pending,absent,no-meal,300.0,2.5,5.0
s10760,deepa sharma,other,2026-02-24,18,trichy,commerce,cultural fest,2026-01-24,campus desk,paid,absent,vegetarian,750.0,1.0,4.0
s11833,harini iyer,female,2026-06-29,21,bengaluru,commerce,cultural fest,2026-05-25,campus desk,refunded,attended,vegetarian,250.0,6.0,3.0
s12350,karthik rao,other,2026-05-02,18,madurai,arts,sports meet,2026-04-27,walk-in,waived,absent,vegetarian,200.0,2.5,4.0
s12047,swetha menon,female,2026-05-14,19,pune,management,sports meet,2026-03-26,walk-in,waived,attended,vegetarian,200.0,2.5,4.0
s12624,karthik rao,other,2026-02-14,23,pune,management,career fair,2026-07-02,mobile app,paid,cancelled,non-vegetarian,500.0,2.0,3.0
s12228,pooja das,other,2026-07-10,21,coimbatore,mechanical,cultural fest,2026-05-27,email,pending,absent,vegetarian,750.0,1.5,2.0
s10907,suresh kumar,male,2026-03-17,19,bengaluru,electronics,sports meet,2026-01-20,mobile app,waived,registered,no-meal,200.0,2.5,3.0
s12265,ravi patel,male,2026-08-23,22,bengaluru,commerce,hackathon,2026-12-08,walk-in,paid,attended,vegetarian,200.0,2.5,2.0
s12811,suresh kumar,female,2026-08-14,26,bengaluru,management,workshop,2026-07-30,website,paid,absent,no-meal,100.0,4.0,2.0
s11790,rahul menon,male,2026-01-04,23,pune,arts,sports meet,2026-03-27,walk-in,paid,registered,vegetarian,500.0,2.5,3.0
s12897,naveen sharma,other,2026-01-05,18,madurai,management,hackathon,2025-02-12,walk-in,pending,registered,no-meal,150.0,1.0,4.0
s12488,karthik rao,female,2026-03-21,27,trichy,management,cultural fest,2026-11-02,walk-in,waived,attended,vegetarian,200.0,3.0,3.0
s12917,naveen sharma,female,2026-05-07,22,trichy,commerce,career fair,2026-12-04,email,pending,cancelled,no-meal,250.0,1.0,2.0
s10752,karthik rao,other,2026-02-10,20,hyderabad,civil engineering,sports meet,2025-12-13,mobile app,waived,cancelled,vegan,200.0,2.5,3.0
s11179,arun kumar,female,2026-12-05,21,coimbatore,arts,cultural fest,2026-04-16,email,waived,absent,no-meal,750.0,3.0,4.0
s12705,keerthi rao,male,2026-08-07,23,bengaluru,management,hackathon,2026-07-25,walk-in,refunded,attended,non-vegetarian,200.0,2.5,3.0
s12894,vijay menon,other,2026-02-04,24,chennai,mechanical,seminar,2025-12-16,email,refunded,absent,vegetarian,500.0,2.5,3.0
s10891,priya sharma,other,2026-04-15,26,kochi,civil engineering,workshop,2026-03-17,email,paid,registered,vegan,200.0,2.5,2.0
s12240,pooja das,other,2026-05-11,17,trichy,management,hackathon,2026-03-28,mobile app,pending,registered,no-meal,100.0,4.0,1.0
s10826,harini iyer,other,2026-06-22,24,coimbatore,arts,hackathon,2026-06-05,mobile app,pending,registered,vegan,0.0,6.0,4.0
s12118,harini iyer,male,2026-03-26,21,coimbatore,commerce,cultural fest,2026-10-03,mobile app,pending,attended,non-vegetarian,200.0,2.5,5.0
s12640,keerthi rao,other,2026-07-14,17,pune,management,cultural fest,2026-05-06,campus desk,pending,cancelled,non-vegetarian,200.0,2.5,3.0
s12480,manoj kumar,female,2026-05-13,26,chennai,mechanical,seminar,2026-09-04,mobile app,paid,attended,non-vegetarian,300.0,1.5,1.0
s11337,vikram das,other,2026-04-15,19,trichy,civil engineering,seminar,2026-02-15,mobile app,pending,absent,non-vegetarian,500.0,1.5,1.0
s12329,priya sharma,male,2026-05-13,19,coimbatore,commerce,sports meet,2026-03-04,email,waived,attended,vegan,200.0,4.0,1.0
s10144,vikram das,other,2026-05-30,23,trichy,civil engineering,seminar,2026-06-04,website,waived,registered,non-vegetarian,300.0,2.5,2.0
s10126,priya sharma,male,2026-06-28,26,salem,mechanical,sports meet,2026-06-14,mobile app,waived,cancelled,vegetarian,750.0,1.0,5.0
s12052,vikram das,female,2026-04-01,20,hyderabad,commerce,workshop,2026-02-24,website,waived,absent,vegan,200.0,2.5,3.0
s11370,ajay nair,male,2026-02-04,19,madurai,arts,sports meet,2025-12-30,campus desk,paid,registered,no-meal,500.0,4.0,3.0
s10031,priya sharma,male,2026-04-05,23,madurai,commerce,cultural fest,2026-03-16,campus desk,refunded,cancelled,vegetarian,500.0,3.0,5.0
s12451,meena patel,male,2026-01-06,22,hyderabad,electronics,career fair,2025-05-12,campus desk,refunded,attended,vegan,200.0,2.5,3.0
s12134,manoj kumar,male,2026-08-13,17,mysuru,civil engineering,career fair,2026-06-15,mobile app,paid,absent,no-meal,200.0,4.0,2.0
s11685,pooja das,other,2026-06-17,26,coimbatore,mechanical,sports meet,2026-06-13,website,refunded,cancelled,non-vegetarian,300.0,4.0,3.0
s11661,ravi patel,female,2026-06-28,22,bengaluru,arts,workshop,2026-02-05,unknown,paid,attended,vegetarian,200.0,4.0,3.0
s12926,ravi patel,other,2026-02-18,18,coimbatore,management,hackathon,2025-12-20,campus desk,refunded,cancelled,no-meal,150.0,1.5,3.0
s12673,swetha menon,female,2026-07-24,19,chennai,commerce,workshop,2026-06-20,walk-in,waived,attended,vegan,200.0,2.5,4.0
s12577,manoj kumar,female,2026-06-25,22,salem,commerce,workshop,2026-05-05,walk-in,paid,attended,no-meal,300.0,2.5,1.0
s12054,arun kumar,other,2026-01-27,22,salem,civil engineering,cultural fest,2026-03-01,walk-in,pending,attended,no-meal,750.0,3.0,3.0
s12507,divya iyer,male,2026-02-11,24,pune,mechanical,sports meet,2026-06-02,walk-in,refunded,cancelled,unknown,250.0,2.5,3.0
s12126,manoj kumar,male,2026-03-17,19,chennai,arts,hackathon,2026-01-28,website,waived,absent,vegan,150.0,2.0,5.0
s11002,deepa sharma,male,2026-03-15,24,mysuru,commerce,career fair,2026-03-13,website,waived,registered,vegan,200.0,2.5,5.0
s11912,rahul menon,male,2026-01-11,19,coimbatore,mechanical,cultural fest,2025-11-22,mobile app,paid,attended,non-vegetarian,200.0,2.5,2.0
s12692,harini iyer,other,2026-02-10,24,trichy,computer science,cultural fest,2025-12-14,email,paid,absent,no-meal,150.0,1.0,3.0
s11617,swetha menon,female,2026-08-20,23,coimbatore,arts,hackathon,2026-06-21,website,refunded,cancelled,non-vegetarian,250.0,2.5,1.0
s10693,arun kumar,other,2026-11-06,27,kochi,commerce,workshop,2026-05-17,mobile app,paid,cancelled,vegan,200.0,4.0,3.0
s12061,lakshmi rao,female,2026-07-27,26,kochi,commerce,sports meet,2026-06-20,walk-in,waived,absent,non-vegetarian,200.0,2.5,3.0
s11766,naveen sharma,female,2026-04-17,24,pune,management,hackathon,2026-08-03,walk-in,pending,registered,vegetarian,200.0,2.5,1.0
s10513,meena patel,male,2026-01-24,17,chennai,computer science,sports meet,2025-12-12,walk-in,paid,cancelled,non-vegetarian,250.0,1.5,3.0
s11841,keerthi rao,male,2026-07-22,20,trichy,computer science,cultural fest,2026-08-07,walk-in,pending,registered,vegetarian,500.0,4.0,3.0
s11666,meena patel,other,2026-06-09,21,hyderabad,electronics,cultural fest,2026-05-23,mobile app,paid,registered,vegan,200.0,2.5,2.0
s10901,manoj kumar,male,2026-01-29,23,trichy,mechanical,workshop,2026-01-13,campus desk,waived,cancelled,vegetarian,200.0,1.5,4.0
s11012,arun kumar,female,2026-05-18,19,pune,commerce,sports meet,2026-06-04,walk-in,refunded,registered,vegetarian,100.0,3.0,2.0
s11843,pooja das,other,2026-07-15,25,bengaluru,electronics,career fair,2026-10-06,website,pending,registered,no-meal,300.0,6.0,2.0
s10105,karthik rao,male,2026-06-22,26,hyderabad,arts,sports meet,2026-05-13,campus desk,pending,registered,non-vegetarian,300.0,6.0,5.0
s12111,keerthi rao,unknown,2026-04-27,26,pune,civil engineering,sports meet,2026-03-16,walk-in,refunded,absent,vegetarian,100.0,4.0,3.0
s12008,divya iyer,male,2026-07-19,19,trichy,civil engineering,seminar,2026-06-20,campus desk,pending,cancelled,vegan,200.0,2.5,3.0
s10862,swetha menon,male,2026-05-24,25,pune,computer science,hackathon,2026-05-20,walk-in,paid,cancelled,no-meal,200.0,2.5,4.0
s12306,vikram das,other,2026-02-18,18,kochi,commerce,cultural fest,2026-01-16,mobile app,refunded,absent,no-meal,200.0,1.5,4.0
s10411,lakshmi rao,female,2026-04-25,18,mysuru,arts,cultural fest,2026-02-27,campus desk,waived,attended,vegetarian,500.0,2.5,3.0
s11029,priya sharma,male,2026-03-06,27,chennai,civil engineering,seminar,2026-02-25,unknown,pending,registered,vegetarian,200.0,2.5,3.0
s12377,arun kumar,female,2026-04-04,17,bengaluru,electronics,cultural fest,2026-10-03,website,waived,attended,non-vegetarian,0.0,2.0,3.0
s10790,arun kumar,male,1900-01-01,25,madurai,management,career fair,2026-08-05,campus desk,pending,attended,vegan,150.0,2.0,2.0
s10799,arun kumar,female,2026-07-29,24,madurai,mechanical,sports meet,2026-07-27,walk-in,paid,absent,no-meal,250.0,2.0,3.0
s10555,anitha nair,other,2026-02-18,21,hyderabad,computer science,workshop,2026-01-15,unknown,refunded,attended,unknown,200.0,2.5,5.0
s11968,manoj kumar,female,2026-04-28,20,madurai,arts,cultural fest,2026-10-04,email,refunded,attended,non-vegetarian,250.0,2.0,1.0
s10906,suresh kumar,other,2026-04-12,17,pune,commerce,hackathon,2026-03-19,mobile app,pending,registered,vegetarian,200.0,1.0,2.0
s11105,lakshmi rao,female,2026-01-15,26,chennai,arts,cultural fest,2025-12-12,website,refunded,absent,no-meal,0.0,2.0,5.0
s12859,priya sharma,male,2026-05-09,18,trichy,commerce,workshop,2026-04-26,mobile app,refunded,attended,non-vegetarian,300.0,2.5,4.0
s12867,pooja das,other,2026-07-13,27,hyderabad,management,cultural fest,2026-06-19,mobile app,paid,absent,non-vegetarian,500.0,6.0,3.0
s11857,priya sharma,other,2026-08-20,26,chennai,mechanical,sports meet,2026-06-21,email,refunded,registered,no-meal,0.0,1.5,2.0
s12336,keerthi rao,male,2026-05-03,23,coimbatore,mechanical,cultural fest,2026-04-27,mobile app,pending,absent,unknown,100.0,4.0,3.0
s12663,vijay menon,unknown,2026-01-10,25,hyderabad,commerce,seminar,2025-01-12,website,pending,absent,vegetarian,500.0,4.0,1.0
s12771,anitha nair,female,2026-07-22,24,salem,management,hackathon,2026-07-19,walk-in,paid,registered,vegan,250.0,3.0,1.0
s11327,manoj kumar,male,2026-06-08,26,kochi,arts,sports meet,2026-09-07,website,waived,registered,vegetarian,0.0,1.5,5.0
s10401,karthik rao,male,2026-03-02,19,unknown,arts,sports meet,2026-02-21,mobile app,waived,attended,vegetarian,200.0,2.0,2.0
s11263,anitha nair,male,2026-03-14,20,pune,management,sports meet,2026-01-16,mobile app,refunded,attended,no-meal,0.0,4.0,4.0
s10122,naveen sharma,female,2026-05-30,20,coimbatore,commerce,career fair,2026-04-16,mobile app,paid,absent,vegan,150.0,3.0,4.0
s12925,rahul menon,female,2026-07-02,20,unknown,arts,career fair,2026-05-22,mobile app,paid,absent,vegetarian,100.0,3.0,1.0
s10600,ravi patel,male,2026-06-28,25,trichy,mechanical,career fair,2026-01-06,walk-in,waived,absent,unknown,750.0,2.0,1.0
s10099,priya sharma,female,2026-06-27,22,coimbatore,mechanical,workshop,2026-05-29,walk-in,refunded,attended,non-vegetarian,300.0,2.5,1.0
s10424,vijay menon,male,2026-02-01,20,bengaluru,unknown,hackathon,2026-01-20,mobile app,refunded,registered,non-vegetarian,250.0,2.5,4.0
s11637,vikram das,other,2026-06-29,26,mysuru,electronics,workshop,2026-05-19,mobile app,waived,absent,vegetarian,0.0,3.0,2.0
s11321,vikram das,female,2026-04-21,19,unknown,computer science,cultural fest,2026-07-03,walk-in,pending,cancelled,no-meal,300.0,3.0,3.0
s10560,keerthi rao,other,2026-05-11,19,madurai,computer science,seminar,2026-04-16,mobile app,waived,attended,no-meal,300.0,1.0,3.0
s11239,naveen sharma,other,2026-01-22,22,bengaluru,computer science,cultural fest,2026-01-18,email,waived,attended,no-meal,200.0,2.5,3.0
s10633,divya iyer,female,2026-04-05,18,madurai,commerce,workshop,2026-03-19,walk-in,paid,absent,no-meal,100.0,2.0,4.0
s10841,lakshmi rao,other,2026-03-31,25,kochi,commerce,seminar,2026-07-03,email,paid,absent,no-meal,500.0,2.5,3.0
s11803,harini iyer,male,2026-09-05,20,bengaluru,computer science,workshop,2026-03-21,email,paid,attended,no-meal,750.0,2.0,5.0
s11858,swetha menon,male,2026-06-18,24,pune,computer science,career fair,2026-04-20,website,refunded,attended,no-meal,0.0,4.0,1.0
s12506,karthik rao,other,2026-04-23,25,madurai,management,workshop,2026-02-23,walk-in,pending,attended,vegetarian,250.0,2.5,1.0
s10311,ravi patel,other,2026-04-04,24,pune,mechanical,hackathon,2026-02-23,walk-in,paid,absent,non-vegetarian,150.0,2.5,1.0
s10821,ravi patel,other,2026-04-21,23,trichy,civil engineering,career fair,2026-02-27,mobile app,waived,cancelled,vegetarian,500.0,2.0,2.0
s12413,naveen sharma,male,2026-03-04,22,trichy,unknown,seminar,2026-01-22,website,waived,cancelled,non-vegetarian,0.0,1.0,5.0
s12906,harini iyer,other,2026-08-21,22,chennai,arts,sports meet,2026-07-24,website,paid,attended,no-meal,200.0,2.5,3.0
s12191,lakshmi rao,male,2026-04-08,27,hyderabad,electronics,sports meet,2026-02-13,email,refunded,cancelled,vegetarian,250.0,1.0,4.0
s11765,karthik rao,female,2026-04-19,27,trichy,computer science,sports meet,2026-04-14,website,refunded,absent,no-meal,250.0,2.0,3.0
s11736,swetha menon,other,2026-05-16,24,hyderabad,management,career fair,2026-09-04,email,waived,cancelled,non-vegetarian,200.0,2.5,3.0
s11613,naveen sharma,male,2026-03-06,24,kochi,arts,workshop,2026-05-02,email,refunded,cancelled,vegetarian,100.0,4.0,5.0
s10489,deepa sharma,female,2026-02-21,19,madurai,mechanical,sports meet,2026-05-02,walk-in,refunded,cancelled,no-meal,0.0,1.0,3.0
s11898,divya iyer,other,2026-08-15,24,bengaluru,commerce,cultural fest,2026-04-07,walk-in,refunded,absent,no-meal,200.0,3.0,3.0
s11149,karthik rao,other,2026-06-24,22,kochi,computer science,workshop,2026-06-15,mobile app,waived,registered,no-meal,300.0,2.0,3.0
s11931,vikram das,other,2026-07-26,20,kochi,mechanical,sports meet,2026-06-18,website,waived,cancelled,vegetarian,250.0,1.0,5.0
s11744,keerthi rao,female,2026-03-31,17,chennai,mechanical,hackathon,2026-07-02,email,waived,registered,vegan,750.0,3.0,4.0
s10689,karthik rao,female,2026-10-05,17,bengaluru,arts,seminar,2026-03-17,website,paid,registered,vegetarian,200.0,2.5,3.0
s10197,deepa sharma,male,2026-02-16,18,bengaluru,mechanical,cultural fest,2026-06-01,website,pending,absent,vegan,200.0,2.5,1.0
s10283,lakshmi rao,other,2026-05-03,19,pune,management,hackathon,2026-03-23,email,paid,cancelled,vegan,150.0,4.0,3.0
s11992,swetha menon,female,2026-02-24,18,chennai,civil engineering,hackathon,2026-05-01,website,waived,registered,vegan,200.0,4.0,1.0
s12122,ravi patel,female,2026-07-27,25,madurai,arts,sports meet,2026-05-28,mobile app,pending,attended,non-vegetarian,200.0,2.5,2.0
s11864,karthik rao,female,2026-07-01,24,hyderabad,mechanical,hackathon,2026-06-14,email,pending,cancelled,no-meal,750.0,3.0,5.0
s10654,arun kumar,other,2026-08-18,24,trichy,computer science,hackathon,2026-02-07,website,waived,registered,no-meal,250.0,1.0,2.0
s12646,arun kumar,female,2026-06-21,21,mysuru,commerce,hackathon,2026-05-13,website,waived,absent,vegan,100.0,3.0,5.0
s11319,lakshmi rao,male,2026-05-13,22,madurai,computer science,sports meet,2026-03-19,email,waived,attended,vegan,200.0,2.5,2.0
s11695,divya iyer,other,2026-06-03,23,unknown,electronics,hackathon,2026-05-24,email,paid,absent,non-vegetarian,200.0,2.5,4.0
s11633,arun kumar,female,2026-07-04,19,mysuru,mechanical,career fair,2026-06-05,email,pending,absent,vegetarian,250.0,1.5,2.0
s11816,vijay menon,female,2026-07-16,25,coimbatore,computer science,seminar,2026-10-07,mobile app,paid,cancelled,non-vegetarian,500.0,6.0,3.0
s10930,meena patel,male,2026-02-21,24,kochi,electronics,seminar,2025-12-30,website,paid,absent,no-meal,750.0,4.0,3.0
s10736,lakshmi rao,male,2026-04-29,21,chennai,electronics,sports meet,2026-08-04,walk-in,waived,cancelled,vegetarian,0.0,3.0,1.0
s12992,harini iyer,male,2026-01-26,26,hyderabad,civil engineering,hackathon,2025-12-19,website,waived,absent,vegetarian,0.0,2.5,3.0
s10248,ravi patel,female,2026-07-07,17,bengaluru,arts,seminar,2026-06-15,website,pending,attended,no-meal,100.0,1.0,1.0
s10727,meena patel,unknown,2026-07-25,18,salem,electronics,seminar,2026-07-21,campus desk,pending,registered,vegan,250.0,6.0,2.0
s10038,pooja das,other,2026-02-20,20,trichy,management,sports meet,2026-01-19,walk-in,paid,cancelled,vegan,300.0,6.0,3.0
s10072,karthik rao,other,2026-08-15,17,salem,arts,workshop,2026-06-17,website,refunded,absent,no-meal,250.0,3.0,3.0
s11461,anitha nair,other,2026-01-03,26,kochi,civil engineering,career fair,1900-01-01,walk-in,paid,attended,no-meal,300.0,2.5,2.0
s11838,manoj kumar,other,2026-04-02,25,trichy,mechanical,workshop,2025-12-12,walk-in,waived,attended,no-meal,200.0,2.5,3.0
s11425,karthik rao,female,2026-08-19,25,mysuru,commerce,cultural fest,2026-03-07,mobile app,pending,attended,no-meal,0.0,2.5,4.0
s12225,pooja das,female,2026-06-22,21,kochi,management,career fair,2026-10-05,mobile app,paid,cancelled,non-vegetarian,200.0,2.5,4.0
s12357,lakshmi rao,male,2026-03-31,21,salem,management,cultural fest,2026-03-27,mobile app,paid,absent,vegetarian,750.0,4.0,1.0
s12799,pooja das,other,2026-03-03,27,bengaluru,management,hackathon,2026-02-27,campus desk,refunded,registered,non-vegetarian,250.0,2.5,4.0
s11227,harini iyer,male,2026-07-26,19,hyderabad,arts,sports meet,2026-06-17,walk-in,waived,absent,vegetarian,500.0,1.0,3.0
s12794,lakshmi rao,male,2026-02-06,18,hyderabad,mechanical,career fair,2026-01-31,email,waived,cancelled,no-meal,150.0,2.5,1.0
s10361,pooja das,female,2026-07-22,23,hyderabad,management,cultural fest,2026-07-18,walk-in,pending,attended,vegan,500.0,2.0,1.0
s11845,vijay menon,other,2026-08-15,21,trichy,civil engineering,sports meet,2026-06-24,walk-in,waived,cancelled,vegan,250.0,1.0,1.0
s11267,arun kumar,other,2026-05-29,19,hyderabad,computer science,hackathon,2026-05-15,unknown,refunded,cancelled,vegetarian,250.0,2.0,2.0
s10626,harini iyer,male,2026-01-29,23,chennai,arts,sports meet,2025-06-12,walk-in,paid,attended,no-meal,250.0,2.0,3.0
s11178,divya iyer,other,1900-01-01,27,trichy,electronics,workshop,2026-09-02,walk-in,refunded,cancelled,vegan,750.0,6.0,3.0
s12769,anitha nair,other,2026-03-23,17,salem,management,hackathon,2026-07-02,email,pending,absent,vegan,200.0,2.5,5.0
s10820,arun kumar,other,2026-08-27,23,madurai,civil engineering,career fair,2026-04-07,mobile app,refunded,registered,vegan,0.0,1.5,3.0
s10728,pooja das,other,2026-02-21,20,unknown,mechanical,career fair,2026-05-02,mobile app,waived,absent,vegetarian,500.0,1.0,2.0
s11439,vikram das,male,2026-08-15,18,madurai,commerce,sports meet,2026-12-08,website,pending,absent,no-meal,750.0,1.0,2.0
s11005,divya iyer,unknown,2026-01-25,19,mysuru,computer science,sports meet,2025-12-17,website,pending,registered,vegetarian,0.0,2.5,1.0
s10655,swetha menon,other,2026-05-02,19,salem,arts,cultural fest,2026-03-17,mobile app,pending,cancelled,vegan,250.0,6.0,3.0
s11003,pooja das,male,2026-05-27,18,coimbatore,commerce,career fair,2026-05-04,mobile app,pending,absent,vegetarian,200.0,2.5,4.0
s10977,karthik rao,other,2026-04-19,19,bengaluru,management,seminar,2026-03-30,campus desk,waived,registered,vegan,200.0,2.5,3.0
s12560,divya iyer,female,2026-01-22,25,coimbatore,civil engineering,sports meet,2026-01-15,email,waived,attended,non-vegetarian,150.0,3.0,4.0
s12569,divya iyer,other,2026-08-01,24,pune,electronics,sports meet,2026-07-17,email,refunded,registered,unknown,0.0,4.0,1.0
s11604,arun kumar,female,2026-04-03,26,pune,arts,seminar,2026-07-02,email,paid,cancelled,vegan,200.0,2.5,2.0
s11763,vikram das,unknown,2026-06-01,27,pune,arts,sports meet,2026-04-27,email,waived,registered,non-vegetarian,200.0,6.0,3.0
s10729,arun kumar,female,2026-06-25,24,mysuru,electronics,seminar,2026-05-31,email,refunded,registered,unknown,200.0,2.5,1.0
s10579,deepa sharma,male,2026-08-02,27,mysuru,mechanical,career fair,2026-07-07,website,waived,registered,non-vegetarian,200.0,1.0,3.0
s12715,ravi patel,female,2026-04-20,23,mysuru,arts,seminar,2026-03-19,mobile app,paid,absent,vegan,300.0,3.0,3.0
s10594,rahul menon,female,2026-03-14,26,madurai,computer science,sports meet,2026-08-03,mobile app,pending,attended,non-vegetarian,200.0,2.5,4.0
s10302,lakshmi rao,male,2026-02-23,27,bengaluru,arts,seminar,2026-01-20,website,pending,cancelled,non-vegetarian,200.0,2.5,3.0
s12033,divya iyer,female,2026-04-08,27,madurai,computer science,sports meet,2026-02-28,mobile app,refunded,cancelled,vegan,200.0,2.5,1.0
s11098,suresh kumar,male,2026-03-14,20,kochi,computer science,seminar,2026-05-03,campus desk,refunded,absent,non-vegetarian,200.0,3.0,3.0
s10416,deepa sharma,other,2026-06-30,20,chennai,commerce,hackathon,2026-05-17,walk-in,paid,cancelled,vegetarian,200.0,2.5,5.0
s10377,harini iyer,female,2026-02-06,26,pune,commerce,seminar,2026-03-02,walk-in,waived,registered,vegan,0.0,2.0,2.0
s12539,arun kumar,male,2026-05-20,20,hyderabad,commerce,career fair,2026-03-30,walk-in,waived,cancelled,no-meal,250.0,4.0,5.0
s11176,anitha nair,male,2026-02-05,26,bengaluru,civil engineering,sports meet,2026-10-04,mobile app,refunded,cancelled,vegetarian,750.0,4.0,5.0
s10352,keerthi rao,other,2026-05-21,17,trichy,mechanical,workshop,2026-01-04,website,waived,attended,vegan,750.0,2.5,5.0
s12984,naveen sharma,male,2026-04-01,23,bengaluru,commerce,sports meet,2026-02-26,campus desk,pending,cancelled,vegetarian,300.0,1.5,1.0
s12423,harini iyer,other,2026-02-19,20,mysuru,electronics,seminar,2026-01-16,email,paid,attended,no-meal,250.0,6.0,3.0
s12972,ajay nair,female,2026-04-28,20,hyderabad,arts,sports meet,2026-03-20,unknown,waived,absent,non-vegetarian,500.0,2.5,4.0
s12780,deepa sharma,male,2026-01-16,23,salem,unknown,workshop,2025-12-30,website,refunded,absent,non-vegetarian,0.0,2.5,3.0
s11848,ajay nair,other,2026-03-24,17,pune,management,cultural fest,2026-08-02,email,refunded,absent,non-vegetarian,750.0,6.0,3.0
s12520,ajay nair,other,2026-02-27,26,trichy,unknown,career fair,2026-01-28,email,waived,registered,no-meal,200.0,2.5,2.0
s12672,karthik rao,male,2026-07-26,23,hyderabad,electronics,seminar,2026-06-19,website,pending,cancelled,no-meal,300.0,2.5,2.0
s10228,ravi patel,female,2026-06-04,24,unknown,civil engineering,workshop,2026-07-02,website,pending,registered,vegan,250.0,4.0,3.0
s10827,manoj kumar,male,2026-05-17,17,coimbatore,arts,seminar,2026-12-04,website,paid,attended,no-meal,150.0,4.0,3.0
s11583,harini iyer,unknown,2026-07-25,23,coimbatore,computer science,workshop,2026-07-13,mobile app,paid,registered,vegan,500.0,1.5,3.0
s12689,rahul menon,female,2026-08-12,18,salem,arts,hackathon,2026-07-26,website,refunded,registered,vegetarian,500.0,2.0,2.0
s12973,pooja das,other,2026-07-07,27,bengaluru,arts,workshop,2026-08-06,email,paid,registered,no-meal,200.0,2.0,3.0
s11363,rahul menon,other,2026-02-07,23,salem,civil engineering,cultural fest,2025-12-25,email,waived,cancelled,no-meal,200.0,2.5,3.0
s12143,meena patel,female,2026-03-14,17,chennai,electronics,career fair,2026-02-23,walk-in,waived,registered,vegan,750.0,6.0,5.0
s12278,ravi patel,other,2026-07-05,27,trichy,unknown,career fair,2026-06-22,walk-in,pending,absent,vegetarian,750.0,2.5,2.0
s11203,suresh kumar,other,2026-08-12,19,madurai,arts,seminar,2026-07-24,mobile app,pending,attended,vegan,150.0,1.0,4.0
s10971,manoj kumar,male,2026-06-26,25,pune,civil engineering,workshop,2026-06-18,mobile app,waived,absent,no-meal,250.0,6.0,3.0
s10017,rahul menon,other,2026-04-09,19,salem,arts,seminar,2026-03-21,mobile app,waived,attended,non-vegetarian,750.0,6.0,5.0
s12325,ravi patel,male,2026-08-22,18,mysuru,civil engineering,cultural fest,2026-06-29,website,refunded,registered,unknown,200.0,6.0,3.0
s10409,harini iyer,male,2026-02-01,21,pune,management,cultural fest,2026-01-24,email,waived,registered,no-meal,750.0,2.5,2.0
s11431,deepa sharma,other,2026-03-30,21,hyderabad,computer science,cultural fest,2026-02-18,website,pending,attended,vegetarian,300.0,1.5,3.0
s10167,pooja das,other,2026-05-09,26,unknown,civil engineering,career fair,2026-04-18,email,waived,cancelled,no-meal,0.0,6.0,1.0
s12239,manoj kumar,male,2026-04-07,27,madurai,management,seminar,2026-03-28,mobile app,refunded,cancelled,non-vegetarian,0.0,1.5,1.0
s11979,vikram das,male,2026-02-13,24,mysuru,computer science,career fair,2025-12-29,email,waived,cancelled,no-meal,250.0,3.0,3.0
s12949,keerthi rao,other,2026-07-29,21,pune,management,seminar,2026-07-16,email,waived,cancelled,vegetarian,0.0,4.0,5.0
s10417,swetha menon,other,2026-01-17,26,kochi,commerce,seminar,2025-12-28,campus desk,pending,absent,vegan,500.0,6.0,3.0
s11986,deepa sharma,other,2026-02-10,26,chennai,electronics,cultural fest,2025-12-29,campus desk,waived,attended,vegan,0.0,2.0,5.0
s11001,arun kumar,unknown,2026-06-15,18,chennai,commerce,workshop,2026-07-05,campus desk,waived,attended,vegan,300.0,1.0,4.0
s11188,deepa sharma,other,2026-07-11,24,chennai,mechanical,workshop,2026-05-16,unknown,pending,attended,non-vegetarian,200.0,2.5,4.0
s12791,suresh kumar,male,2026-02-13,24,trichy,mechanical,sports meet,2026-01-18,email,paid,attended,vegetarian,300.0,2.0,3.0
s10355,pooja das,female,2026-01-26,26,pune,electronics,seminar,2026-01-16,email,pending,attended,vegan,200.0,2.5,4.0
s11679,rahul menon,male,2026-01-09,23,hyderabad,mechanical,hackathon,2025-11-18,walk-in,paid,registered,no-meal,0.0,2.0,3.0
s10350,vijay menon,male,2026-04-05,19,kochi,mechanical,sports meet,2026-03-21,campus desk,refunded,cancelled,no-meal,500.0,3.0,1.0
s12700,divya iyer,other,2026-04-17,23,trichy,commerce,seminar,2026-10-04,email,waived,attended,vegan,150.0,4.0,2.0
s10815,pooja das,male,2026-04-08,20,salem,civil engineering,cultural fest,2026-03-29,website,paid,absent,non-vegetarian,200.0,2.5,4.0
s11224,naveen sharma,other,2026-08-19,26,pune,arts,seminar,2026-10-08,email,paid,cancelled,vegan,0.0,2.5,3.0
s10327,vijay menon,male,2026-07-06,17,mysuru,mechanical,seminar,2026-04-29,unknown,refunded,cancelled,vegetarian,200.0,3.0,3.0
s12875,karthik rao,other,1900-01-01,18,bengaluru,management,workshop,2026-01-02,walk-in,paid,attended,vegan,0.0,4.0,1.0
s12410,meena patel,other,2026-06-23,26,chennai,civil engineering,career fair,2026-05-21,email,waived,registered,vegan,250.0,2.5,4.0
s10504,ajay nair,other,2026-06-04,26,pune,mechanical,hackathon,2026-02-06,email,refunded,cancelled,vegan,0.0,1.5,2.0
s11394,deepa sharma,female,2026-03-22,19,madurai,commerce,sports meet,2026-03-02,unknown,refunded,attended,unknown,250.0,6.0,3.0
s12188,swetha menon,other,1900-01-01,23,mysuru,commerce,career fair,2026-04-07,website,waived,absent,vegan,200.0,2.5,5.0
s10028,arun kumar,female,1900-01-01,18,bengaluru,mechanical,cultural fest,2026-03-07,campus desk,refunded,attended,non-vegetarian,750.0,1.5,4.0
s11354,keerthi rao,other,2026-03-15,18,pune,computer science,workshop,2026-02-15,mobile app,refunded,registered,non-vegetarian,750.0,6.0,4.0
s10643,ajay nair,female,2026-05-09,18,coimbatore,management,cultural fest,2026-04-20,campus desk,waived,registered,vegan,250.0,1.0,3.0
s11473,meena patel,male,2026-11-01,25,mysuru,commerce,career fair,2025-12-28,walk-in,paid,absent,vegetarian,300.0,1.0,2.0
s12953,divya iyer,female,2026-07-16,17,bengaluru,civil engineering,workshop,1900-01-01,campus desk,pending,registered,vegan,500.0,4.0,3.0
s10817,ajay nair,female,2026-12-05,21,chennai,computer science,cultural fest,2026-03-22,campus desk,refunded,cancelled,vegan,0.0,3.0,1.0
s11485,lakshmi rao,female,2026-04-24,21,hyderabad,commerce,sports meet,2026-11-04,website,pending,absent,no-meal,150.0,4.0,1.0
s12557,vikram das,other,2026-04-03,18,kochi,electronics,sports meet,2026-03-31,email,pending,cancelled,non-vegetarian,500.0,3.0,1.0
s11277,ajay nair,male,2026-03-15,22,kochi,management,workshop,2026-02-20,campus desk,waived,attended,non-vegetarian,300.0,1.0,3.0
s12920,anitha nair,other,2026-01-13,21,kochi,electronics,career fair,2025-12-22,mobile app,paid,absent,no-meal,250.0,2.5,4.0
s12486,deepa sharma,male,2026-02-04,27,unknown,arts,seminar,2026-06-02,campus desk,pending,attended,vegetarian,200.0,2.5,4.0
s10759,anitha nair,male,2026-11-07,18,mysuru,computer science,seminar,2026-05-18,campus desk,waived,attended,non-vegetarian,200.0,2.5,3.0
s10524,rahul menon,female,2026-03-05,24,hyderabad,arts,sports meet,2026-04-13,campus desk,pending,absent,no-meal,200.0,2.5,5.0
s11480,priya sharma,other,2026-08-25,17,coimbatore,computer science,seminar,2026-11-07,campus desk,refunded,absent,vegan,300.0,6.0,2.0
s11774,ravi patel,male,2026-03-26,17,bengaluru,commerce,career fair,2026-03-17,website,waived,cancelled,unknown,0.0,2.5,4.0
s11608,manoj kumar,other,2026-07-27,19,hyderabad,mechanical,seminar,2026-11-07,website,pending,registered,vegan,0.0,6.0,3.0
s12770,lakshmi rao,other,2026-02-06,25,madurai,mechanical,hackathon,2025-12-14,walk-in,pending,absent,no-meal,500.0,6.0,3.0
s11447,manoj kumar,male,2026-03-20,25,kochi,arts,career fair,2026-01-19,mobile app,refunded,cancelled,no-meal,200.0,1.0,3.0
s10054,anitha nair,other,2026-04-13,27,unknown,mechanical,cultural fest,2026-01-03,website,waived,cancelled,no-meal,150.0,2.5,3.0
s11086,meena patel,other,2026-06-10,23,mysuru,commerce,cultural fest,2026-05-06,walk-in,refunded,registered,vegan,200.0,2.5,3.0
s11795,lakshmi rao,other,2026-03-13,21,mysuru,arts,cultural fest,2026-07-03,walk-in,paid,attended,unknown,200.0,2.5,1.0
s10766,swetha menon,female,2026-07-19,17,unknown,electronics,cultural fest,2026-06-23,campus desk,refunded,absent,vegetarian,200.0,2.5,3.0
s12420,rahul menon,female,2026-05-05,24,chennai,management,hackathon,2026-07-03,campus desk,paid,absent,vegetarian,100.0,4.0,2.0
s10463,divya iyer,other,2026-06-03,26,chennai,computer science,career fair,2026-01-13,walk-in,paid,absent,vegan,200.0,2.0,3.0
s11306,vikram das,female,2026-05-05,19,mysuru,mechanical,hackathon,2026-06-03,campus desk,pending,attended,unknown,200.0,2.5,1.0
s10636,suresh kumar,other,2026-07-11,21,madurai,management,sports meet,2026-05-19,email,refunded,attended,non-vegetarian,750.0,1.5,2.0
s11041,manoj kumar,male,2026-04-04,20,madurai,computer science,seminar,2026-02-19,walk-in,refunded,cancelled,no-meal,300.0,4.0,5.0
s11173,rahul menon,female,2026-06-01,23,trichy,electronics,career fair,2026-04-15,email,waived,attended,vegetarian,200.0,2.5,3.0
s10255,naveen sharma,other,2026-06-19,18,mysuru,commerce,cultural fest,2026-11-05,walk-in,refunded,attended,non-vegetarian,200.0,2.5,2.0
s11642,manoj kumar,other,2026-04-30,20,coimbatore,arts,cultural fest,2026-12-04,campus desk,waived,absent,vegetarian,200.0,2.5,3.0
s12324,arun kumar,other,2026-06-13,26,trichy,mechanical,hackathon,2026-04-05,website,pending,absent,no-meal,0.0,4.0,2.0
s12445,deepa sharma,male,2026-01-31,20,madurai,electronics,hackathon,2026-01-22,walk-in,refunded,registered,no-meal,200.0,1.5,1.0
s12102,vikram das,female,2026-07-30,25,madurai,computer science,sports meet,2026-06-26,campus desk,refunded,cancelled,vegetarian,300.0,2.0,1.0
s10433,lakshmi rao,female,2026-01-07,19,hyderabad,arts,seminar,2025-07-12,mobile app,waived,cancelled,vegetarian,300.0,4.0,4.0
s12945,naveen sharma,other,2026-01-13,22,pune,management,workshop,2025-11-20,campus desk,pending,registered,vegan,750.0,6.0,3.0
s10374,karthik rao,other,2026-02-27,21,mysuru,mechanical,cultural fest,2026-01-30,website,paid,absent,vegan,300.0,3.0,4.0
s11923,arun kumar,male,2026-05-25,24,madurai,arts,hackathon,2026-09-04,mobile app,refunded,cancelled,non-vegetarian,200.0,2.5,5.0
s10009,ajay nair,female,2026-05-20,26,bengaluru,civil engineering,sports meet,2026-03-25,mobile app,refunded,registered,vegan,500.0,1.5,5.0
s12755,keerthi rao,female,2026-06-03,26,kochi,arts,seminar,2026-05-31,walk-in,paid,registered,vegan,250.0,3.0,1.0
s12115,vijay menon,other,2026-06-30,19,unknown,arts,sports meet,2026-05-26,email,waived,absent,vegetarian,750.0,1.5,5.0
s12870,priya sharma,male,2026-04-23,21,pune,commerce,sports meet,2026-01-03,email,paid,registered,non-vegetarian,150.0,6.0,3.0
s11882,arun kumar,male,2026-06-28,19,hyderabad,arts,seminar,2026-05-28,email,paid,cancelled,vegan,100.0,2.0,4.0
s11018,pooja das,other,2026-08-11,21,trichy,computer science,workshop,2026-07-18,mobile app,waived,registered,vegan,250.0,1.5,5.0
s12675,arun kumar,male,2026-02-10,20,salem,electronics,workshop,2025-12-23,campus desk,pending,registered,no-meal,100.0,2.5,3.0
s12901,ravi patel,unknown,2026-07-14,19,bengaluru,electronics,workshop,2026-05-20,website,pending,cancelled,vegetarian,250.0,6.0,4.0
s12438,vikram das,female,2026-03-28,18,mysuru,mechanical,hackathon,2026-03-17,mobile app,waived,absent,vegetarian,250.0,1.0,3.0
s12149,suresh kumar,female,2026-01-31,27,unknown,mechanical,sports meet,2025-02-12,email,paid,absent,vegetarian,200.0,1.0,1.0
s11558,vikram das,other,2026-05-27,19,chennai,arts,sports meet,2026-01-04,mobile app,paid,cancelled,non-vegetarian,750.0,6.0,4.0
s11723,harini iyer,other,2026-01-02,26,hyderabad,electronics,career fair,2025-12-25,walk-in,refunded,cancelled,vegan,200.0,2.5,1.0
s10897,suresh kumar,other,2026-02-22,21,trichy,electronics,workshop,2026-01-01,email,refunded,attended,vegetarian,750.0,2.5,5.0
s11466,harini iyer,other,2026-06-24,23,trichy,computer science,sports meet,2026-05-24,website,pending,absent,vegan,0.0,4.0,5.0
s10043,naveen sharma,male,2026-01-23,27,coimbatore,electronics,workshop,2025-12-17,website,paid,cancelled,no-meal,0.0,1.5,2.0
s10612,suresh kumar,unknown,2026-01-08,19,hyderabad,civil engineering,hackathon,2026-06-01,mobile app,paid,cancelled,vegetarian,300.0,6.0,5.0
s10627,ajay nair,male,2026-09-02,18,trichy,commerce,workshop,2026-07-24,email,refunded,attended,vegan,200.0,2.5,1.0
s12985,meena patel,other,2026-08-31,24,coimbatore,commerce,workshop,2026-01-08,walk-in,pending,attended,vegetarian,150.0,1.5,2.0
s11819,vijay menon,other,2026-03-26,26,madurai,arts,cultural fest,2026-03-14,campus desk,waived,registered,non-vegetarian,500.0,6.0,3.0
s11993,naveen sharma,female,2026-07-09,18,trichy,mechanical,sports meet,2026-05-24,mobile app,pending,registered,non-vegetarian,200.0,3.0,1.0
s10198,swetha menon,female,2026-02-16,23,hyderabad,management,workshop,2025-12-21,website,refunded,absent,no-meal,750.0,2.5,3.0
s12376,ajay nair,other,2026-07-27,24,bengaluru,civil engineering,workshop,2026-06-29,mobile app,pending,absent,vegetarian,750.0,1.0,3.0
s10589,divya iyer,male,2026-06-23,18,coimbatore,management,cultural fest,2026-05-16,email,waived,attended,vegetarian,750.0,6.0,5.0
s11559,divya iyer,male,2026-01-05,26,salem,mechanical,hackathon,2025-11-16,mobile app,refunded,cancelled,non-vegetarian,0.0,1.0,4.0
s12082,arun kumar,other,2026-08-30,17,trichy,electronics,sports meet,2026-01-08,email,waived,registered,no-meal,200.0,2.5,3.0
s10783,vijay menon,other,2026-04-22,18,salem,unknown,seminar,2026-04-17,website,waived,registered,vegetarian,750.0,2.5,4.0
s10914,swetha menon,other,2026-03-21,17,madurai,mechanical,cultural fest,2026-02-25,website,pending,registered,vegetarian,300.0,2.5,4.0
s10738,priya sharma,other,2026-04-01,27,bengaluru,electronics,hackathon,2026-01-31,mobile app,paid,cancelled,vegetarian,250.0,2.5,4.0
s10534,harini iyer,female,2026-08-15,23,kochi,computer science,sports meet,2026-01-07,walk-in,paid,attended,no-meal,150.0,1.0,5.0
s10415,deepa sharma,male,2026-05-22,17,bengaluru,computer science,career fair,2026-01-05,website,waived,registered,vegetarian,750.0,4.0,4.0
s10488,pooja das,other,2026-05-01,22,kochi,civil engineering,cultural fest,2026-03-28,campus desk,paid,absent,vegetarian,200.0,1.0,3.0
s10937,meena patel,female,2026-05-07,18,salem,mechanical,career fair,2026-05-05,unknown,paid,absent,non-vegetarian,200.0,2.5,3.0
s11989,rahul menon,other,2026-07-20,21,bengaluru,commerce,cultural fest,2026-07-07,campus desk,refunded,cancelled,vegetarian,150.0,2.0,4.0
s12891,ravi patel,other,2026-05-08,17,chennai,electronics,career fair,2026-07-06,website,paid,attended,vegan,0.0,3.0,2.0
s11498,manoj kumar,female,2026-05-11,20,bengaluru,computer science,hackathon,2026-02-04,website,paid,attended,no-meal,0.0,1.0,3.0
s11658,swetha menon,female,2026-01-20,26,madurai,computer science,hackathon,2025-11-12,walk-in,refunded,registered,non-vegetarian,200.0,2.5,3.0
s11680,arun kumar,male,2026-07-01,22,kochi,civil engineering,hackathon,2026-05-23,email,waived,cancelled,no-meal,0.0,4.0,3.0
s10149,karthik rao,male,2026-03-16,21,hyderabad,electronics,hackathon,2026-02-17,unknown,paid,registered,no-meal,750.0,6.0,3.0
s10404,keerthi rao,other,2026-02-17,25,trichy,computer science,workshop,2025-12-21,campus desk,pending,registered,vegan,0.0,4.0,1.0
s12966,pooja das,female,2026-06-16,19,bengaluru,arts,workshop,2026-04-06,email,waived,attended,vegan,200.0,2.5,1.0
s11616,meena patel,other,2026-07-30,23,mysuru,mechanical,cultural fest,2026-06-30,website,waived,attended,vegetarian,100.0,4.0,3.0
s11129,harini iyer,female,2026-05-31,25,bengaluru,computer science,workshop,2026-03-05,email,paid,attended,no-meal,200.0,2.5,3.0
s10915,swetha menon,other,2026-02-23,25,salem,commerce,sports meet,2026-03-02,email,paid,absent,vegan,150.0,1.0,3.0
s12729,keerthi rao,male,2026-05-20,18,mysuru,arts,hackathon,2026-04-17,email,pending,cancelled,vegan,0.0,2.0,1.0
s11168,meena patel,female,2026-04-03,27,salem,management,workshop,2026-02-26,campus desk,waived,absent,non-vegetarian,150.0,4.0,2.0
s11962,vikram das,female,2026-07-13,18,bengaluru,computer science,cultural fest,2026-05-19,mobile app,paid,attended,non-vegetarian,0.0,4.0,3.0
s12347,rahul menon,male,2026-04-12,23,bengaluru,computer science,career fair,2026-02-24,campus desk,refunded,attended,vegetarian,0.0,4.0,1.0
s11479,naveen sharma,female,2026-08-29,18,mysuru,commerce,workshop,2026-08-07,mobile app,refunded,registered,non-vegetarian,300.0,2.0,2.0
s12621,ravi patel,male,2026-07-10,19,coimbatore,mechanical,cultural fest,2026-05-07,website,refunded,attended,vegetarian,200.0,2.5,3.0
s11201,rahul menon,female,2026-06-30,23,chennai,arts,workshop,2026-05-25,campus desk,paid,registered,vegan,0.0,4.0,1.0
s10293,manoj kumar,other,2026-04-13,24,mysuru,mechanical,seminar,2026-02-22,email,paid,attended,non-vegetarian,200.0,4.0,1.0
s10098,meena patel,male,2026-01-24,27,mysuru,commerce,hackathon,2025-12-12,walk-in,refunded,absent,vegetarian,500.0,2.0,5.0
s11068,vikram das,male,2026-09-01,25,kochi,unknown,sports meet,2026-08-21,campus desk,refunded,attended,vegetarian,750.0,4.0,5.0
s11232,keerthi rao,other,2026-08-17,17,mysuru,computer science,career fair,2026-06-07,campus desk,refunded,registered,no-meal,0.0,1.0,3.0
s12307,naveen sharma,other,2026-12-01,20,chennai,mechanical,seminar,2025-11-19,campus desk,paid,registered,vegan,750.0,2.0,2.0
s12990,rahul menon,male,2026-01-17,26,kochi,civil engineering,sports meet,2026-07-01,walk-in,refunded,cancelled,vegetarian,500.0,4.0,3.0
s12806,divya iyer,female,2026-07-07,19,trichy,civil engineering,cultural fest,2026-06-25,walk-in,refunded,absent,vegan,250.0,2.5,3.0
s11828,karthik rao,other,2026-03-10,27,chennai,arts,workshop,2026-01-15,website,waived,registered,no-meal,100.0,2.5,2.0
s12121,karthik rao,male,2026-04-03,18,hyderabad,civil engineering,cultural fest,2026-03-15,walk-in,waived,registered,no-meal,500.0,4.0,5.0
s12819,vijay menon,other,2026-06-03,23,hyderabad,management,seminar,2026-05-23,mobile app,waived,registered,vegan,200.0,2.5,5.0
s11087,rahul menon,other,2026-07-18,25,pune,civil engineering,sports meet,2026-05-21,campus desk,refunded,attended,unknown,0.0,1.0,4.0
s11245,ajay nair,other,2026-03-25,20,bengaluru,commerce,career fair,2026-10-03,email,pending,absent,vegetarian,500.0,1.5,5.0
s11037,naveen sharma,other,2026-03-29,22,trichy,management,workshop,2026-02-15,mobile app,pending,registered,non-vegetarian,200.0,2.5,5.0
s12924,divya iyer,female,2026-08-20,18,pune,arts,cultural fest,2026-07-24,mobile app,refunded,attended,vegan,500.0,1.5,1.0
s10893,suresh kumar,female,2026-05-15,23,mysuru,civil engineering,career fair,2026-04-13,walk-in,waived,absent,no-meal,150.0,2.5,3.0
s10991,divya iyer,other,2026-03-22,24,madurai,arts,hackathon,2026-06-03,campus desk,refunded,registered,vegan,150.0,2.5,1.0
s12235,divya iyer,other,2026-06-16,23,coimbatore,electronics,sports meet,2026-05-26,mobile app,paid,cancelled,no-meal,0.0,1.0,1.0
s12437,pooja das,male,2026-02-13,23,mysuru,management,hackathon,2025-12-24,mobile app,pending,cancelled,non-vegetarian,150.0,3.0,1.0
