Student ID,Student Name,Gender,Event Date,Age,City,Department,Event Type,Registration Date,Registration Channel,Payment Status,Attendance Status,Meal Preference,Registration Fee,Event Duration Hours,Feedback Rating
S12237,Lakshmi Rao,Other,8/2/2026,19,Kochi,Computer Science,Sports Meet,8/1/2026,Email,paid,Cancelled,Vegetarian,150,1,3
S11565,Manoj Kumar,Male,3/2/2026,21,Trichy,Mechanical,Career Fair,9/2/2026,Email,Waived,Cancelled,Non-Vegetarian,200,2,4
S12093,Swetha Menon,Other,5/15/2026,21,Salem,Arts,Workshop,16/04/2026,Website,Refunded,absent ,Vegan,Rs 750,2.5 hours,5
S11090,Manoj Kumar,,3/25/2026,18,Chennai,Arts,Cultural Fest,16/03/2026,Mobile App,Waived,absent,Non-Vegetarian,Rs 200,3.0 hours,3
S11896,Priya Sharma,female,20-Jan-26,24,Hyderabad,,Hackathon,11/1/2026,Campus Desk,Waived,Cancelled,Non-Vegetarian,200,4,2
S12839,Naveen Sharma,Other,23-Feb-26,18,Coimbatore,Computer Science,Career Fair,11/1/2026,Campus Desk,Paid,Attended,Vegan,150,2.5,1
S12062,Lakshmi Rao,Female,8/9/2026,26,Coimbatore,Arts,SEMINAR,4/7/2026,Website ,Pending,cancelled,Vegetarian,500,2,5
S11591,Lakshmi Rao,Other,2/4/2026,18,Pune,Management,WORKSHOP,18/03/2026,Campus Desk,PAID,Absent,Non-Vegetarian,Rs 150,2.5 hr,5
S11305,Harini Iyer,Male,8/9/2026,24,Coimbatore,Management,Hackathon,,Campus Desk,Waived,Attended,Vegan,300,6,3
S10346,Deepa Sharma,Other,2/24/2026,27,Chennai,Management,Seminar,10/2/2026,Email,Waived,Cancelled,No-meal,300,2,5.0 / 5
S12380,Pooja Das,Female,17-Jun-26,26,Chennai,Management,Seminar,2/6/2026,Walk-in,Pending,Attended,No-meal,100,2,5.0 / 5
S12003,Meena Patel,Other,15-Jul-26,27,Trichy,Civil Engineering,Cultural Fest,1/7/2026,Website,Paid,Attended,Vegetarian,250,1.5,3
S10307,Priya Sharma,Other,31-Aug-26,18,Trichy,Computer Science,Cultural Fest,6/7/2026,Walk-in,Waived,Cancelled,No Meal,Rs 200,4.0 hr,5
S10214, Keerthi Rao,Other,4/1/2026,27,Pune,Management,Sports Meet,14/03/2026,Walk-in,paid,Cancelled,Vegetarian,300 rupees,6.0 hours,3
S11315,Ajay Nair,Male,5-May-26,25, Kochi,Civil Engineering,Hackathon,19/04/2026,Email,Refunded,Attended,Vegan,300 rupees,2.0 hours,1.0 / 5
S10240,Ravi Patel,Other,2/25/2026,19,Chennai,Computer Science,Sports Meet,7/2/2026,Email,pending,Attended,Vegetarian,250,4,3
S11223,Arun Kumar,FEMALE,10/6/2026,22,Coimbatore,Commerce,Career Fair,15/04/2026,Walk-in,Refunded,cancelled,Non-Vegetarian,100,1.5,3
S12922,Suresh Kumar,Other,3/25/2026,19,Hyderabad ,Computer Science,SEMINAR,7/3/2026,Campus Desk,Refunded,Registered,Vegan,250,1,2
S10200,Vijay Menon, Female,1/18/2026,22,Trichy,  Management  ,Cultural Fest,11/1/2026,,PENDING,Cancelled,Non-Vegetarian,INR 200,1.5 hours,4
S10406,Ajay Nair,Female,4/13/2026,24,Pune,Electronics,Career Fair,25/03/2026,Website,waive,Cancelled,Vegetarian,250,4,4
S10593,Harini Iyer,Other,1/31/2026,-5,Coimbatore,Civil Engineering,Workshop,26/01/2026,Email,pending,Absent,Vegetarian,300,1,2
S12886,Pooja Das,Female,6/12/2026,20,Coimbatore,Mechanical,Hackathon,9/5/2026,Email,Refunded,Cancelled,No-meal,500,2.5,4
S12009,Swetha Menon,FEMALE,1/13/2026,21,,Arts,Cultural Fest,17/11/2025,Website,Refunded,Cancelled,No Meal,300,1.5,1
S12979,Karthik Rao,female,16/03/2026,17,Salem,Mechanical,Career Fair,11/3/2026,Website,Pending,Registered,Vegetarian,500,2,5
S10324,Pooja Das,Female,7/1/2026,19,Chennai,Commerce ,seminar,20/05/2026,Email,PAID,Absent,Vegan,INR 100,1.0 hours,1
S11879,Keerthi Rao,Other,8-Mar-26,26,Trichy,Management,Sports Meet,32/13/2026,Campus Desk,Pending,Registered,Vegetarian,500,1,5.0 / 5
S10503,Pooja Das,Other,4/30/2026,25,Pune,Electronics,Workshop,6/3/2026,Email,Refunded,Registered,No-meal,0,2,2
S12249,Pooja Das,Female,1-Jun-26,18,,Electronics,WORKSHOP,28/05/2026,Campus Desk,Paid,Registered,Vegetarian,100,6,3
S11578,Ravi Patel, Female,8/26/2026,22,Pune,Civil Engineering,Sports Meet,21/07/2026,Email,waive,Attended,Non-Vegetarian,0,2,1
S11966,Divya Iyer,Other,4/4/2026,24,Kochi,Civil Engineering, Hackathon,14/02/2026,Campus Desk,Paid,Attended,Vegan,200,4,3.0 / 5
S12805,Harini Iyer,Male,5/18/2026,19,Coimbatore,Commerce,Cultural Fest,11/5/2026,Mobile App,Paid,Registered,Vegan,750,2.5,4
S12749,Pooja Das,Female,3/21/2026,18,Trichy,Civil Engineering,Workshop,7/3/2026,Mobile App,PENDING,attended,Vegan,150,1,2
S10940,Meena Patel, Female,31/02/2026,19,Kochi,,SEMINAR,20/01/2026,Website,Paid,Attended,Non-Vegetarian,₹200,2.5 hr,3
S10459,Arun Kumar,Other,26/03/2026,19,Mysuru,Civil Engineering,Seminar,28/02/2026,Campus Desk,Paid,ATTENDED,Vegan,500,1,4
S12714,Deepa Sharma, Male,1-Sep-26,21,Mysuru,Arts,Workshop,17/07/2026,Email,waive,cancelled,Vegan,0,6,4.0 / 5
S10016,Vijay Menon,Female,3/13/2026,19,Bengaluru,Management,Cultural Fest,15/02/2026,Walk-in,Pending,Absent,Non-Vegetarian,250,2.5,3
S11514,Naveen Sharma,Female,17/06/2026,27,Mysuru,Mechanical,Seminar,3/5/2026,Website,Refunded,absent,Vegetarian,300,2.5,5
S10816,Deepa Sharma,Female,3/28/2026,24,Bengaluru,Computer Science,Sports Meet,19/03/2026,  Campus Desk  ,Refunded,Registered,Vegan,200,2,4.0 / 5
S12986,Keerthi Rao,Other,1/13/2026,24,Trichy,Management,Seminar,7/1/2026,Email,waive,Registered, No Meal,500,4,4
S10376,Anitha Nair,Female,5/5/2026,24,Bengaluru,Management,Seminar,28/03/2026,Mobile App,Refunded,Registered,Vegetarian,0,2.5,2
S10673,Deepa Sharma,Other,25-Aug-26,21,Trichy,Electronics,Sports Meet,24/08/2026,Email,Refunded,Registered,Non-Vegetarian,250 rupees,1.0 hr,2.0 / 5
S12158,Karthik Rao,Female,19-Mar-26,21,Pune,Electronics,Seminar,28/01/2026,Email,Refunded,cancelled,Vegan,500,2,5
S12759,Swetha Menon,male,4/30/2026,26,Chennai,Mechanical,Workshop,7/3/2026,Campus Desk,Pending,Absent,No Meal,750,4,3.0 / 5
S11493,Manoj Kumar, Male,2/5/2026,23,,Management,Cultural Fest,17/01/2026,Campus Desk,Pending,Attended,Non-Vegetarian,200,3,3
S12921,Vijay Menon,Female,15/03/2026,20,Chennai,Arts,Workshop,19/01/2026,Email,Pending,Cancelled,Vegetarian,Rs 300,4.0 hr,2
S11272,Arun Kumar,Female,28/07/2026,20,Chennai,Commerce,Workshop,28/06/2026,Mobile App,Waived,Attended,Vegetarian,750,1,2
S12609,Ravi Patel, Male,1/30/2026,26,Salem,Management,Workshop,18/12/2025,Campus Desk,Pending,Registered,Vegan,750,3,4
S11730,Divya Iyer,Female,20-Apr-26,24,Mysuru,Computer Science,Cultural Fest,18/03/2026,Website,pending,Attended,Vegan,0,3,3
S12601,Harini Iyer,Other,4/4/2026,20,Trichy,Civil Engineering,Hackathon,19/02/2026,Email,Waived,Registered,No-meal,100,4,3.0 / 5
S12483,Karthik Rao,Male,1/16/2026,19,Pune,Management,Workshop,20/12/2025,Email,Paid,Registered,  Vegan  ,100,1,5
S10143,Deepa Sharma,Female,8/29/2026,27,Bengaluru,Computer Science,Sports Meet,24/08/2026,Mobile App,Refunded,absent ,Vegetarian,₹250,3.0 hr,5.0 / 5
S10482,Meena Patel,Male,3/12/2026,26,Salem,Management,Seminar,11/1/2026,Website,Pending,Attended,Non-Vegetarian,200,3,3
S10332,Swetha Menon, Female,3/24/2026,25,Salem,Mechanical,Career Fair,4/3/2026,Mobile App,Waived,Absent,Vegetarian,300,6,1
S10074,Naveen Sharma,Female,13-Jul-26,17,Pune,Mechanical,WORKSHOP,2/6/2026,,Refunded,Attended,Non-Vegetarian,100,4,5
S10021,Manoj Kumar,Other,1/11/2026,22,Kochi,Management,Sports Meet,30/12/2025,Mobile App,Pending,Registered,No-meal,500,6,2
S11603,Priya Sharma,Female,5/30/2026,18,Salem,Mechanical,Cultural Fest,2/4/2026,Mobile App,Paid,Registered,No Meal ,300,2.5,2
S11157,Pooja Das,Other,8/28/2026,19,Madurai,Management,Workshop,17/08/2026,Website,PAID,cancelled,Vegan,INR 100,1.0 hr,3
S11080,Vijay Menon,Other,4-Apr-26,18,Coimbatore ,Civil Engineering,Workshop,27/03/2026,Walk-in,Pending,Cancelled,Vegetarian,₹750,1.0 hr,4
S11083,Suresh Kumar,Female,17/07/2026,22,Coimbatore,,Workshop,18/06/2026,Walk-in,Refunded,Absent,No Meal,0,3,4
S10857,Naveen Sharma,Other,6/8/2026,25,Pune,Commerce,Sports Meet,12/4/2026,  Walk-in  ,Waived,Cancelled,Vegan,200,6,2
S12170,  Swetha Menon  ,Female,24-Jun-26,26,Coimbatore,Arts,WORKSHOP,3/5/2026,Website,Refunded,Registered,Vegetarian ,INR 300,1.0 hours,4
S12535,Vijay Menon,Female,8/28/2026,18,Pune,Arts,Cultural Fest,24/07/2026,Mobile App,Waived,absent,Vegetarian,INR 500,3.0 hours,3
S11540,Keerthi Rao,Female,5/8/2026,17,Hyderabad,Commerce,Sports Meet,28/07/2026,Mobile App,Waived,Absent,Vegan,INR 250,2.5 hours,2
S10812,Naveen Sharma,Male,1/29/2026,17,Mysuru,Arts,Workshop,18/01/2026,Website,Paid,Attended, Vegan,0,1,3
S11687,Manoj Kumar,Female,15-Jan-26,25,Chennai,Arts,Workshop,18/12/2025,Mobile App,pending,Absent,Non-Vegetarian,300,2.5,5
S11296,Keerthi Rao,Female,3/16/2026,26,Kochi,Management,Cultural Fest,11/3/2026,Walk-in,Refunded,Registered,Non-Vegetarian,750,2.5,5
S10972,Vijay Menon,Other,4-Aug-26,21,Trichy,Commerce,Sports Meet,16/06/2026,Email,paid,Registered,Non-Vegetarian,₹0,2.0 hr,4
S12635,Vijay Menon,Other,7/14/2026,20,Hyderabad,Electronics,Seminar,13/06/2026,Campus Desk,Waived,Absent,Vegetarian,100,1.5,5
S10386,Lakshmi Rao,male,7/12/2026,17,Kochi,Arts,Career Fair,31/05/2026,Email,Waived,cancelled,No-meal,250,1.5,1
S11539,Rahul Menon,Female,10-May-26,22, Coimbatore,Mechanical,Cultural Fest,17/03/2026,Walk-in,Waived,Registered,Non-Vegetarian,500,2,4
S11469,Arun Kumar,Other,2/8/2026,19,Coimbatore,Management,Hackathon,19/12/2025,Mobile App,waive,Registered, Vegetarian,150,4,2
S10102,Divya Iyer,,29-Jul-26,19,Madurai,Mechanical,Seminar,23/06/2026,Website,waive,Absent,No Meal,100,1,3
S10708,Keerthi Rao,Female,5/19/2026,24,Trichy,  Commerce  ,Hackathon,3/4/2026,Mobile App,Waived,Registered,Non-Vegetarian,0,2,4
S10622,Pooja Das,MALE,4/16/2026,18,Coimbatore,Arts,Workshop,14/04/2026,Campus Desk,Refunded,ABSENT,Vegan,150,6,3
S12018,Deepa Sharma,Other,24-Mar-26,27,Kochi,Computer Science,Workshop,9/3/2026,Mobile App,Refunded,Registered,No Meal,150,1,3
S12734,Lakshmi Rao,Male,24-May-26,25,Salem,Electronics,Cultural Fest,12/4/2026,Email,Pending,Registered,No Meal,500,4,1
S10029,Manoj Kumar,Male,7/20/2026,25,Mysuru,Management,Seminar,31/05/2026,Email,waive,Registered,Vegan,₹750,4.0 hours,2.0 / 5
S12326,Manoj Kumar,Other,15-May-26,23,Madurai,Commerce,  Sports Meet  ,2/5/2026,Walk-in,Pending,Attended,Vegetarian,200,1.5,5
S10731,Swetha Menon,Female,9-Feb-26,20,Pune,Civil Engineering,Sports Meet,8/1/2026,Campus Desk,Refunded,Attended,Non-Vegetarian,Rs 0,1.5 hr,3
S10868,Arun Kumar,Other,2/5/2026,26,Madurai,Civil Engineering,Seminar,6/4/2026,  Mobile App  ,Refunded,absent ,Vegan,150,2.5,4
S10994,Karthik Rao, Male,20-Aug-26,18,,Computer Science,  Sports Meet  ,7/8/2026,Website,waive,Registered,Non-Vegetarian,150,6,2
S12359,Deepa Sharma,Female,1/12/2026,21,Bengaluru,Computer Science,Career Fair,30/12/2025,Website,Refunded,cancelled,Vegetarian,300,2.5,5
S12887,Keerthi Rao,Other,14/07/2026,18,Coimbatore,Computer Science,Hackathon,26/05/2026,Walk-in,Paid,Registered,Non-Vegetarian,300,2.5,5
S10733,Divya Iyer, Female,5/9/2026,27,Kochi,Mechanical,WORKSHOP,28/03/2026,Mobile App,Refunded,Cancelled,Vegetarian,500,2.5,1
S12542,Lakshmi Rao,Male,1/23/2026,23,   ,Electronics,Workshop,13/12/2025,Email,Paid,absent ,,250,2.5,4
S12141,Anitha Nair,Male,20-Jul-26,26,Kochi,Mechanical,Career Fair,4/7/2026,Walk-in,Waived,absent ,Non-Vegetarian,150,2.5,1
S10572,Vikram Das,FEMALE,1/16/2026,20,Mysuru,Computer Science,Workshop,7/1/2026,Walk-in,Refunded,Registered,Non-Vegetarian,Rs 500,3.0 hours,3
S12354,Naveen Sharma,Male,15/07/2026,26,Chennai,Civil Engineering,Hackathon,17/05/2026,Email,Pending,Registered,Vegan,100,1.5,5
S10739,Rahul Menon,Female,7/1/2026,17,Kochi,Civil Engineering,Workshop,10/5/2026,Campus Desk,Waived,Absent,Non-Vegetarian,300,3,4
S11759,Anitha Nair,Female,6/2/2026,23,Hyderabad,Management,Sports Meet,7/4/2026,Walk-in,Pending,Absent,No-meal,0,4,1.0 / 5
S12374,Priya Sharma,Male,7/11/2026,25,Mysuru,Commerce,Sports Meet,5/6/2026,Campus Desk,Refunded,Registered,Non-Vegetarian,300 rupees,4.0 hours,3.0 / 5
S10481,Vikram Das,FEMALE,14-Jan-26,24,Bengaluru,Management,Sports Meet,27/12/2025,Mobile App,pending,Cancelled,Vegan,200,1,2
S10532,Divya Iyer,Other,6/26/2026,18,Hyderabad,Electronics,Workshop,8/5/2026,Campus Desk,PENDING,absent ,No-meal,0,1,3
S10855,Karthik Rao,Male,5/29/2026,17,Pune,Arts,Career Fair,28/04/2026,Campus Desk,Pending,Registered, No Meal,300,3,1.0 / 5
S12630,Keerthi Rao,Other,7/2/2026,27,Kochi,Management,Cultural Fest,21/01/2026,Website,waive,Cancelled,No Meal,500,4,3.0 / 5
S11107,Vijay Menon,Male,5/1/2026,18,Bengaluru,Computer Science,Hackathon,7/3/2026,Campus Desk,Refunded,Registered,Vegan,750,2.5,1
S11758,Vijay Menon,Male,2/2/2026,23,Mysuru,Commerce,Sports Meet,11/1/2026,Campus Desk,Refunded,Absent,No Meal,250,1.5,5.0 / 5
S11596,Naveen Sharma,male,7/16/2026,17,Mysuru,Commerce,Hackathon,18/06/2026,Email,Waived,attended,Non-Vegetarian,250,3,1
S10692,Arun Kumar,Male,12/2/2026,19,Madurai,Arts,Seminar,11/1/2026,Mobile App,Pending,Absent,No Meal,750,2,2
S12238,Keerthi Rao,Female,2/16/2026,23,Chennai,Management,Sports Meet,8/2/2026,Walk-in,Paid,Registered,Non-Vegetarian,0,1,3
S11534,Rahul Menon,Other,2/26/2026,20,Bengaluru,Commerce,Cultural Fest,4/2/2026,Website,Refunded,absent ,No Meal,150,1.5,2
S11226,Harini Iyer,,5/3/2026,21,Hyderabad,Arts,Workshop,17/04/2026,Campus Desk,Waived,Attended,No-meal,750,3,3
S11021,Naveen Sharma,Female,4/9/2026,17,Salem,Civil Engineering,Sports Meet,16/03/2026,Website,Pending,Attended,No-meal,750,3,3
S10539,Divya Iyer,Male,18/06/2026,23,Coimbatore,Management,Sports Meet,27/05/2026,Website,Waived,Registered,Vegetarian,500,4,5
S11593,Meena Patel,Other,7/1/2026,25,Mysuru,Mechanical,Hackathon,27/06/2026,Email,Pending,Absent,Vegetarian,300,2.5,2
S11423,Lakshmi Rao,Female,8/2/2026,18,Mysuru,Computer Science,Career Fair,12/7/2026,Campus Desk,Paid,Cancelled,Vegan,INR 300,6.0 hours,3
S11004,Suresh Kumar,Female,1-May-26,18,Chennai,Arts,Cultural Fest,16/04/2026,Website,Pending,Registered,Non-Vegetarian,150,2,3.0 / 5
S10487,Priya Sharma,Other,3/21/2026,23,Mysuru,  Electronics  ,workshop,25/01/2026,Website,Paid,Attended,Vegetarian,500 rupees,1.0 hr,5
S10162,Ravi Patel,Female,27/07/2026,20,Mysuru,Management,Cultural Fest,8/6/2026,Email,PENDING,Attended,Vegetarian,250,1,3
S10754,Arun Kumar,Female,6-May-26,24,Madurai,Arts,Hackathon,21/03/2026,Walk-in,waive,Registered,Vegan,250,1.5,2
S11365,Manoj Kumar,FEMALE,1/4/2026,17,Kochi,Electronics,Workshop,2/2/2026,Walk-in,Refunded,absent ,Vegetarian,200,4,2.0 / 5
S12649,Pooja Das,Female,5-Aug-26,22,Coimbatore,Commerce,Workshop,18/06/2026,Campus Desk,Paid,Absent,Vegan,500,2.5,1
S12124,Rahul Menon,Male,25-Mar-26,24,Kochi,Arts,Career Fair,7/2/2026,Website,PENDING,cancelled, Non-Vegetarian,0,2,1
S12965,Arun Kumar,Male,7/3/2026,23,Mysuru,Commerce,Career Fair,4/6/2026,Campus Desk,Refunded,Cancelled,Non-Vegetarian,200,1.5,5
S12017,Lakshmi Rao, Male,5/1/2026,26,Trichy,Computer Science,Sports Meet,22/03/2026,Email ,Pending,Attended,No-meal,500,2.5,
S10492,Anitha Nair,Male,7/12/2026,22,Chennai,Mechanical,Career Fair,23/05/2026,Email,PENDING,Registered,No Meal,500,1.5,4.0 / 5
S12564,Pooja Das,male,16/04/2026,24,Trichy,,Sports Meet,11/3/2026,Walk-in,pending,cancelled,Non-Vegetarian,750,3,2.0 / 5
S10782,Ajay Nair,Other,30-Mar-26,24,Madurai,Commerce,Hackathon,28/03/2026,Walk-in,waive,Attended,Vegetarian,0,4,2
S10999,Deepa Sharma,Male,4-Jun-26,21,Pune,Electronics,WORKSHOP,14/04/2026,Walk-in,Refunded,Registered,Non-Vegetarian,250,4,
S10886,Pooja Das,male,5/6/2026,21,Mysuru,Civil Engineering,Hackathon,3/5/2026,Website,Waived,Attended,No-meal,500,3,4.0 / 5
S10035,Pooja Das,Other,30/08/2026,26,Hyderabad,Mechanical,Hackathon,10/8/2026,Mobile App,waive,Attended,Vegetarian,500,2.5,2
S11019,Vikram Das, Female,26/07/2026,20,Coimbatore,Civil Engineering,Hackathon,30/06/2026,Mobile App,Pending,Registered,Vegan,200,3,5.0 / 5
S10624,Harini Iyer,Male,28-Jun-26,23,Hyderabad,Mechanical,Sports Meet,10/5/2026,,waive,Attended,No Meal,300,6,3
S12669,Manoj Kumar,MALE,7/13/2026,21,Pune,Electronics,Sports Meet,19/06/2026,Email,Pending,Registered,Vegan,200,4,3
S10304,Naveen Sharma,Male,4/29/2026,17,Trichy,Arts,seminar,3/4/2026,Email,waive,absent ,No Meal,0,2,5
S12179,Deepa Sharma,Male,12-Jun-26,18,,Civil Engineering,Career Fair,7/6/2026,Campus Desk,waive,Cancelled,Vegan,0,2.5,4
S12964,Deepa Sharma,Male,4/18/2026,26,Mysuru,Arts,Cultural Fest,6/3/2026,Campus Desk,Refunded,Registered,Vegan,500,4,3.0 / 5
S12388,Deepa Sharma,male,6/4/2026,20,Mysuru,Electronics,Career Fair,13/05/2026,Campus Desk,Pending,Cancelled,Vegan,100,6,2
S11243,Swetha Menon,Other,2/21/2026,27,Coimbatore,Arts,Cultural Fest,31/01/2026,Mobile App,PAID,Absent,No Meal,100,2,
S11185,Ravi Patel,male,13/05/2026,19,Hyderabad,Arts,workshop,16/04/2026,Mobile App,Pending,Attended,Vegan,₹750,4.0 hr,2.0 / 5
S11524,Meena Patel,Male,22/06/2026,26,Hyderabad,Electronics,Seminar,12/6/2026,Website,Pending,Registered,,300,4,5.0 / 5
S10592,Meena Patel,Other,2-Mar-26,19,Hyderabad,,Workshop,4/2/2026,Mobile App,Pending,Cancelled,Vegetarian,100,6,
S12407,Harini Iyer,MALE,22/02/2026,21,Chennai,Management,Workshop,28/12/2025,Email,Refunded,Absent,Non-Vegetarian,150,1.5,3
S10823,Harini Iyer,Other,4/16/2026,20,,Electronics,Sports Meet,22/02/2026,Campus Desk,waive,Attended,Vegetarian,100,3,4.0 / 5
S10437,Manoj Kumar,Female,5/5/2026,19,Mysuru,Mechanical,Workshop,18/04/2026,Website,PENDING,Registered,Vegetarian,750,2.5,1
S12294,Harini Iyer,Other,6/19/2026,25,Hyderabad,Commerce,Hackathon,7/6/2026,Mobile App,Refunded,Absent,Vegan,200,6,2
S12721,Manoj Kumar,male,31-Aug-26,23,Mysuru,Management,Seminar,8/8/2026,Walk-in,Paid,cancelled,Vegan,250,2.5,2.0 / 5
S11429,Lakshmi Rao,Male,5/18/2026,20,Trichy,Electronics ,Cultural Fest,19/03/2026,Campus Desk,Refunded,Registered,,750,4,5
S10027,Anitha Nair,Male,21/04/2026,27,Madurai,Computer Science,Seminar,23/02/2026,Mobile App,Refunded,Attended,No-meal,INR 200,4.0 hr,4.0 / 5
S10510,Deepa Sharma,Male,6/24/2026,18,Bengaluru,Management,Cultural Fest,26/04/2026,Mobile App,Pending,Absent,Vegan,200,2.5,4
S10898, Vikram Das,male,4/14/2026,18,Hyderabad,Commerce,Workshop,24/03/2026,Campus Desk,Paid,cancelled,No Meal,150,1.5,1
S12028,Vikram Das,Other,,17,Madurai,Commerce,Hackathon,17/07/2026,Walk-in,Refunded,absent,No Meal,200,1.5,2
S11597,Deepa Sharma,FEMALE,7/26/2026,20,Trichy,Commerce,Workshop,1/6/2026,Website,Refunded,Registered,Vegetarian,300,1,4.0 / 5
S11127,Arun Kumar,Other,1/5/2026,22,Kochi,,Hackathon,18/12/2025,Walk-in,Paid,Registered,Vegetarian,₹150,1.0 hours,2
S12076,Ajay Nair,Other,8/24/2026,27,Chennai,Commerce,Seminar,7/7/2026,Website,Paid,Attended,Vegan,500,3,4
S10250,Rahul Menon,Other,12-Apr-26,27,Pune,Computer Science,Sports Meet,17/03/2026,Walk-in,Paid,Absent,No-meal,₹0,2.5 hours,2
S11536,Arun Kumar,Other,16-Aug-26,18,Chennai,Management,Workshop,31/07/2026,Email,waive,Registered,Non-Vegetarian,200 rupees,1.5 hours,3
S11776,Deepa Sharma,Other,11/7/2026,26,Chennai,Computer Science,Workshop,27/06/2026,Walk-in,Refunded,ATTENDED,Vegetarian,150,2.5,5
S10025,Divya Iyer,Other,2/23/2026,27,Hyderabad,Electronics,Sports Meet,27/01/2026,Walk-in,Refunded,Absent,Non-Vegetarian,500,4,2
S11072,Rahul Menon,Other,31/08/2026,26,Mysuru,Mechanical,Workshop,8/8/2026,Website,Refunded,Registered,Non-Vegetarian,200,6,4.0 / 5
S12305,Keerthi Rao,Other,7/5/2026,18,Kochi,Management,Seminar,28/06/2026,Campus Desk,waive,Registered,Vegetarian,INR 150,3.0 hours,1.0 / 5
S11258,Karthik Rao,Female,,23,Salem,Commerce,Seminar,15/04/2026,Mobile App,Refunded,attended,Non-Vegetarian,500,2.5,1
S10339,Karthik Rao,Male,5/25/2026,21,Coimbatore,Computer Science,Hackathon,4/5/2026,Campus Desk,PAID,Registered,Vegan,150,4,3.0 / 5
S10553,Harini Iyer,Male,6/16/2026,27,Mysuru,Electronics,workshop,2/5/2026,Mobile App,Pending,Attended,Vegan,200 rupees,4.0 hours,3
S12053,Meena Patel,Other,4/21/2026,17,Bengaluru,Arts,Cultural Fest,19/03/2026,Mobile App,waive,Cancelled,No Meal,300,6,1.0 / 5
S12814,Meena Patel,FEMALE,5/27/2026,21,Trichy,Computer Science, Career Fair,9/4/2026,,PAID,absent ,Vegan,0,1.5,5.0 / 5
S11941,Swetha Menon,Male,3/7/2026,27,Hyderabad,Management,Seminar,3/2/2026,Email,Pending,ABSENT,Non-Vegetarian,750,2,5.0 / 5
S11826,Vikram Das,Female,14/07/2026,19,Chennai,Arts,Workshop,11/6/2026,Walk-in,Refunded,Registered,Vegetarian,150,4,3.0 / 5
S11747,Ajay Nair,MALE,2/23/2026,19,Trichy,Electronics,Cultural Fest,5/1/2026,Website,Refunded,Attended,Non-Vegetarian,0,2.5,1
S12055,Deepa Sharma, Female,1/14/2026,26,Madurai,Commerce,Seminar,11/12/2025,Website,Pending,attended,No Meal,300,4,1
S11535, Deepa Sharma,Female,2/3/2026,24,Coimbatore,Civil Engineering,Workshop,2/1/2026,Email ,Waived,Absent,No Meal,100,1,3
S12421,Deepa Sharma,Male,8/6/2026,21,Trichy,Commerce,Workshop,24/06/2026,Email,Refunded,Cancelled,No Meal,750,1.5,1.0 / 5
S12178,Harini Iyer ,Other,23-Apr-26,23,Hyderabad,Mechanical,Career Fair,3/3/2026,Campus Desk,Pending,Absent,Vegetarian,750,2,1
S11504,Ravi Patel,Male,8-Jun-26,20,Mysuru,Electronics,Sports Meet,3/6/2026,,waive,cancelled,Non-Vegetarian,100,1,4
S11471,Suresh Kumar,Female,7/22/2026,22,Kochi,Electronics,Workshop,28/05/2026,Website,Pending,Registered,Non-Vegetarian,100,2.5,3
S11342,Arun Kumar,Male,2/22/2026,18,Trichy,Mechanical,Sports Meet,11/2/2026,Walk-in,Pending,cancelled,Vegetarian,100,2,2.0 / 5
S12482,Meena Patel,Other,10/2/2026,27,Madurai,Commerce,Career Fair,14/01/2026,Website,Waived,Cancelled,Vegetarian,150,6,2.0 / 5
S12281,Ajay Nair,Other,20/03/2026,18,Bengaluru,Computer Science,Cultural Fest,1/3/2026,Mobile App,Pending,ATTENDED,Vegan,250,1.5,4
S11602,Naveen Sharma,male,7/31/2026,24,Chennai,Mechanical,Cultural Fest,26/07/2026,Email,pending,absent ,Vegan,200,6,2
S11873,Meena Patel,Male,8/15/2026,23,Trichy,Electronics,Cultural Fest,7/7/2026,Walk-in,Refunded,Absent,Non-Vegetarian,Rs 300,3.0 hr,4
S10369,Vijay Menon,Other,29/07/2026,23,Coimbatore,Computer Science,Sports Meet,16/07/2026,Website,Refunded,Registered,Vegetarian,₹300,6.0 hr,4.0 / 5
S12899,Vijay Menon,Female,8/19/2026,23,Trichy,Arts,Workshop,24/07/2026,Walk-in,Refunded,Absent,Vegetarian,Rs 100,3.0 hr,1
S12233,Harini Iyer,Male,7-Mar-26,18,Madurai,Arts,Workshop,28/01/2026,Mobile App,Paid,Attended,Non-Vegetarian,300,1.5,2
S11531,Anitha Nair,Other,4/11/2026,24,   ,Management,Cultural Fest,23/03/2026,Email,Paid,cancelled,Vegan,INR 250,6.0 hours,2
S10062,Pooja Das,Female,1/8/2026,25,Bengaluru,Civil Engineering,Seminar,22/12/2025,Email,waive,Attended,No-meal,100,2.5,3
S11895,Anitha Nair,Other,8/21/2026,19,Hyderabad,Management,Career Fair,24/07/2026,Walk-in,Refunded,Registered,Vegan,200 rupees,4.0 hours,
S10191,Ajay Nair,Female,3/27/2026,20,Salem,Electronics,Cultural Fest,16/02/2026,Email,waive,Registered,Vegetarian,INR 0,6.0 hours,3
S12874,Priya Sharma,Female,7/11/2026,18,Mysuru,Management,Career Fair,8/7/2026,Email,paid,Attended,Vegetarian,150,2,3.0 / 5
S10408,Deepa Sharma,,6/6/2026,23,,Mechanical,Career Fair,12/4/2026,Walk-in,Pending,absent ,Non-Vegetarian,100,1.5,4
S11445,Pooja Das, Male,22/06/2026,18,Mysuru,Arts,Hackathon,2/6/2026,Email,Waived,ABSENT,  Vegetarian  ,500,4,3.0 / 5
S11264,Suresh Kumar,female,5/25/2026,24,Chennai,Electronics,Seminar,24/04/2026,Campus Desk,Paid,cancelled,Non-Vegetarian,300,3,2
S11472,Karthik Rao,Other,1/3/2026,26,Kochi,Computer Science,Workshop,24/02/2026,Mobile App,Refunded,Registered,,300,4,4.0 / 5
S12536,Pooja Das,Female,3/26/2026,17,Salem,,Workshop,9/3/2026,Walk-in,waive,Registered,Vegetarian,300,1,3
S10268,Deepa Sharma,Other,9-Apr-26,25,Pune,Electronics,Sports Meet,4/3/2026,Mobile App,Refunded,Cancelled,Non-Vegetarian,750,2,3.0 / 5
S10284,Rahul Menon,Male,8/6/2026,23,Bengaluru,Electronics,Seminar,27/04/2026,Walk-in,waive,absent,Vegan,250,2.5,3.0 / 5
S12830,Priya Sharma, Female,3/9/2026,23,Coimbatore,Mechanical,Seminar,23/02/2026,Walk-in,Refunded,ABSENT,No-meal,150,3,4
S10231,Arun Kumar,Other,8/5/2026,27,Salem,Arts,Career Fair,15/04/2026,Walk-in,Paid,cancelled,Non-Vegetarian,500,1.5,5
S11520,Pooja Das,Female,30/08/2026,23,Chennai,Commerce,Workshop,15/08/2026,Mobile App,Refunded,Cancelled,Vegetarian,100,2,5
S10660,Naveen Sharma,Other,6-Apr-26,25,Coimbatore,Management,Career Fair,25/02/2026,Mobile App,Pending,Cancelled,Vegan,150,6,1
S10090,Arun Kumar,Male,3/3/2026,22,Kochi,Commerce,workshop,1/3/2026,Mobile App,Refunded,Attended,Vegan,100,6,3
S12737,Ajay Nair,Female,4/1/2026,20,Mysuru,Management,Cultural Fest,27/02/2026,Campus Desk,waive,Registered,Vegan,500,1,5
S12492,Anitha Nair,Other,3/2/2026,18,Bengaluru,Management,Hackathon,30/01/2026,Campus Desk,Refunded,cancelled,Vegetarian,250,2.5,1.0 / 5
S10703,Harini Iyer,Female,10/2/2026,27,Madurai,Electronics,Cultural Fest,20/12/2025,Campus Desk,paid,Absent,Vegan,100,1,5.0 / 5
S11026,Manoj Kumar,Other,7-Feb-26,25,Chennai,Management,Sports Meet,22/01/2026,Email,Paid,Absent,Vegan,300,2.5,2
S11096,Manoj Kumar,Other,8-Jan-26,27,Pune,Computer Science,Career Fair,27/11/2025,Campus Desk,Pending,absent ,Vegetarian,300,1.5,5
S12114,Karthik Rao,Female,31/02/2026,19,Chennai,Civil Engineering,Workshop,17/08/2026,Website,Paid,Cancelled,Vegan,0,3,5.0 / 5
S12089,Pooja Das,Male,5/20/2026,22,Chennai,Civil Engineering,Workshop,18/05/2026,Mobile App,Refunded,Cancelled,Non-Vegetarian,750,2.5,4
S12458,Karthik Rao,Female,5/19/2026,19,Madurai,Commerce,Hackathon,17/05/2026,Walk-in,Refunded,Registered,Vegetarian,INR 250,1.0 hr,1
S12208,Pooja Das,Female,7/17/2026,24,Mysuru,Management,Workshop,22/05/2026,Mobile App,waive,Registered,Non-Vegetarian,750,4,
S10366,Lakshmi Rao, Female,2/9/2026,20,Kochi,Management,Workshop,6/2/2026,Email,Paid,absent ,Non-Vegetarian,0,4,5
S10345,Naveen Sharma,male,7/6/2026,27,Salem,Civil Engineering,Workshop,31/05/2026,Mobile App,waive,Cancelled,Vegetarian,500,2,4
S12471,Naveen Sharma,MALE,31/02/2026,18,Coimbatore,Mechanical,Hackathon,9/5/2026,Email,Paid,Cancelled,,250,2.5,
S11592,Anitha Nair, Female,2/10/2026,27,Mysuru,Civil Engineering,Sports Meet,25/01/2026,Mobile App,Paid,Attended,Vegetarian,300,3,1.0 / 5
S10675,Arun Kumar,Female,6/2/2026,21,Mysuru,Electronics,Workshop,27/05/2026,Campus Desk,Pending,Cancelled,Vegetarian,INR 300,1.0 hours,4
S10631,Arun Kumar,Male,2/27/2026,26,Madurai,Civil Engineering,Cultural Fest,5/1/2026,Mobile App,Refunded,Attended,Vegan,300,6,3
S10853,Ajay Nair,Other,7-Jun-26,25,Chennai,Management,Hackathon,29/05/2026,Walk-in,waive,Cancelled,Vegetarian,250,2,3
S11749,Rahul Menon ,Other,8/15/2026,21,Kochi,Arts,Hackathon,19/06/2026,Campus Desk,pending,Attended,Vegetarian,500,2.5,2.0 / 5
S11970,Anitha Nair,Female,2/21/2026,18,Pune,Arts,Hackathon,30/12/2025,Campus Desk,Waived,Registered,Vegetarian,300,2.5,1
S11475,Suresh Kumar,Other,12-Feb-26,18,Kochi,Management,Career Fair,20/01/2026,Walk-in,Refunded,absent,Non-Vegetarian,100,2,5
S10176,Keerthi Rao,Other,3/25/2026,25,Kochi,Management,Cultural Fest,19/03/2026,Website,Pending,cancelled,Vegetarian,200,6,2
S10946,Priya Sharma,Other,8/22/2026,17,Hyderabad, Civil Engineering,Hackathon,27/07/2026,Campus Desk,Waived,Absent,Vegetarian,250,2.5,1.0 / 5
S10944,Suresh Kumar,Male,5/12/2026,21,Kochi,Electronics,Seminar,22/04/2026,,Paid,Absent,Vegetarian,500,1,1
S12041,  Vikram Das  ,Male,1/25/2026,25,Bengaluru,Electronics,Sports Meet,13/12/2025,Website,waive,Registered,Non-Vegetarian,150 rupees,4.0 hr,1
S11817,Anitha Nair,,23-Apr-26,20,,Mechanical,Seminar,21/03/2026,Walk-in,PAID,Cancelled,Non-Vegetarian,300,4,5
S10902,Divya Iyer,Other,5-Mar-26,18,Chennai,,Seminar,26/02/2026,Email,Refunded,absent ,Non-Vegetarian,500,4,4
S11413,Vijay Menon,Female,1/31/2026,23,Mysuru,Electronics,Workshop,10/12/2025,Email,PAID,Registered,No Meal,150,2,5
S11118,Vijay Menon,Other,14/01/2026,22,Salem,Commerce,Seminar,28/12/2025,Walk-in,paid,Registered,Vegetarian,0,1.5,3
S12549,Swetha Menon,Female,4/29/2026,26,Coimbatore,Civil Engineering,Cultural Fest,1/4/2026,Mobile App,Waived,Registered,Vegetarian,750,6,1
S10262,Ajay Nair,Male,5/31/2026,19,Madurai,,Sports Meet,23/04/2026,Website,Pending,Attended,Non-Vegetarian,150,4,5
S11328,Ravi Patel,Female,11-May-26,18,  Trichy  ,Computer Science,Sports Meet,18/03/2026,Walk-in,pending,Cancelled,Vegan,0,2.5,5
S11229,Arun Kumar,Other,6/24/2026,25,Salem,Arts,Sports Meet,2/5/2026,Website,waive,Cancelled,Vegan,INR 200,3.0 hours,5.0 / 5
S12349,Arun Kumar,Male,8/16/2026,20,Kochi,Management, Cultural Fest,17/06/2026,Campus Desk,Waived,ABSENT,No-meal,150,1,4
S12308,Divya Iyer,female,21-Apr-26,18,Madurai,Management,Seminar,23/03/2026,Walk-in,Pending,absent ,Vegan,300,1,2.0 / 5
S11911,Lakshmi Rao,Other,7-Jun-26,27,Madurai,Civil Engineering,Hackathon,18/04/2026,Email,Paid,Registered,Non-Vegetarian,500,4,2
S12007,Anitha Nair,Male,11/4/2026,19,Kochi,Commerce,Cultural Fest,24/02/2026,Email,Paid,Attended,No-meal,150,6,5
S11940,Ajay Nair,Other,11-Mar-26,23,Trichy,Computer Science,Workshop,22/02/2026,Website,Paid,Absent,No Meal,INR 100,1.0 hr,5
S10211,Divya Iyer,Male,4-Jun-26,22,Chennai,Electronics,Seminar,29/04/2026,Campus Desk,Refunded,Registered,No Meal,300,1.5,3
S12353,Keerthi Rao,Female,9/8/2026,23,Salem,Electronics,WORKSHOP,11/7/2026,Website,Waived,Registered,Vegetarian,0,1,2.0 / 5
S10484,Suresh Kumar,Male,25/01/2026,26,Kochi,Commerce,Sports Meet,29/11/2025,Website,Refunded,Registered,Vegan,0,4,2
S12181,Swetha Menon,Female,4/27/2026,21,Trichy,Mechanical, Sports Meet,26/04/2026,Mobile App,Refunded,Attended,Vegan,0,2.5,
S10742,Manoj Kumar,Female,8/11/2026,24,,Electronics,Hackathon,24/06/2026,Walk-in,Refunded,Registered,No Meal,200,3,2.0 / 5
S10538,Anitha Nair,Female,30-Aug-26,22,,Civil Engineering,SEMINAR,1/7/2026,Website,Refunded,Attended,Non-Vegetarian,500,6,3
S12313,Manoj Kumar,Other,6/6/2026,23,Salem,Electronics,Cultural Fest,14/05/2026,Website,Paid,Attended,Vegan,750,3,2.0 / 5
S12096,Priya Sharma,Male,3/28/2026,23,Madurai,Computer Science,Career Fair,14/02/2026,Campus Desk,Refunded,Registered,Vegetarian,150 rupees,3.0 hr,4
S10050,Suresh Kumar,Male,18/01/2026,25,Pune,Civil Engineering,workshop,5/1/2026,Campus Desk,Paid,absent ,No-meal,300,3,4.0 / 5
S12661,Vikram Das,Male,4-Feb-26,27,Bengaluru,  Arts  ,Hackathon,9/12/2025,Mobile App,Refunded,Attended,,100,2,1
S12157,Naveen Sharma,Female,1/16/2026,24,Coimbatore,Arts,Sports Meet,21/11/2025,Walk-in,PAID,absent ,Vegan,100,3,4.0 / 5
S12223,Vikram Das,Other,13/02/2026,26,Chennai,Arts,Seminar,1/2/2026,Website,Paid,Registered,No-meal,150,1,1
S10171,Keerthi Rao,Female,1/23/2026,23,Mysuru,Computer Science,Workshop,8/1/2026,Website,Refunded,Registered,No Meal,Rs 100,4.0 hours,
S10581,Arun Kumar,Male,7/18/2026,24,Bengaluru,Management,Sports Meet,11/6/2026,Website,Pending,Registered, No Meal,150,2,3.0 / 5
S11393,Vikram Das,Other,7/17/2026,27,,Commerce,Workshop,10/6/2026,Website,Pending,Cancelled,Vegetarian,150,1,2.0 / 5
S10289,Lakshmi Rao,,22-Feb-26,25,Chennai,Civil Engineering ,Cultural Fest,26/01/2026,Campus Desk,Pending,attended,Vegan,500,2.5,2
S11197,Anitha Nair,Other,22/01/2026,26,Chennai,Electronics,Seminar,1/12/2025,Website,PENDING,Absent,No Meal,INR 0,1.0 hr,4
S10962,Naveen Sharma,male,7/2/2026,22,Bengaluru,Arts ,WORKSHOP,9/6/2026,Campus Desk,waive,Attended,No Meal,750,3,2
S12703,Rahul Menon,FEMALE,11/2/2026,26,Hyderabad,Arts,Hackathon,1/1/2026,Walk-in,Paid,Attended,Vegetarian,0,2.5,5
S11455,Divya Iyer,female,14-Apr-26,26,Chennai,Arts,Cultural Fest,9/3/2026,Mobile App,Refunded,Registered,Non-Vegetarian,200,1.5,3
S11757,Lakshmi Rao,Female,2/17/2026,21,Trichy,Management,Cultural Fest,22/12/2025,Mobile App,Refunded,Cancelled,No-meal,250,1.5,3.0 / 5
S11252,Swetha Menon,Other,27-Jan-26,27,Pune,Arts,Seminar,17/12/2025,Email,Pending,Registered,Vegan,300,4,5.0 / 5
S10051,Suresh Kumar,,5-Jul-26,21,Salem,Electronics,Seminar,24/06/2026,Email,Paid,Attended,Non-Vegetarian,0,3,4
S10222,Keerthi Rao,Male,16/07/2026,19,Trichy,Electronics,Sports Meet,3/7/2026,Mobile App,Waived,Cancelled,Vegan,500,1,2
S12030,Vijay Menon,Male,29-May-26,24,Pune,Commerce,Workshop,18/04/2026,Campus Desk,Waived,Cancelled,No-meal,₹200,3.0 hr,2
S12543,Anitha Nair,Female,1/19/2026,22,Coimbatore,Mechanical,Career Fair,8/1/2026,Campus Desk,Refunded,Cancelled,No-meal,250,2.5,
S10428, Meena Patel,Female,19/07/2026,27,Hyderabad,Computer Science,Sports Meet,15/07/2026,Email,Waived,Cancelled,Vegetarian,150,4,4
S11521,Karthik Rao,Other,24-May-26,27,Chennai,Computer Science,Workshop,11/4/2026,Mobile App,Pending,Cancelled,Non-Vegetarian,150,2,2.0 / 5
S10896,Divya Iyer,Female,10/4/2026,23,Hyderabad,Mechanical,Career Fair,25/03/2026,Campus Desk,waive,Registered,No-meal,750,4,
S12105,Keerthi Rao,Other,2/5/2026,23,Bengaluru,Computer Science,Workshop,8/4/2026,Email,paid,Registered,Vegan,0,4,1.0 / 5
S12784,Karthik Rao,Other,7/12/2026,18,Chennai,Mechanical,Sports Meet,17/06/2026,Mobile App,Paid,attended,Vegetarian,200,1.5,1
S10665, Ajay Nair,Other,26-May-26,17,Hyderabad,Computer Science,Seminar,25/04/2026,Website,Pending,cancelled,Vegetarian,500,6,4
S12264,Divya Iyer,female,8/18/2026,19,Chennai,Civil Engineering,Cultural Fest,27/06/2026,Mobile App,Refunded,Absent,Vegetarian,₹100,3.0 hr,4.0 / 5
S10904,Vijay Menon,Other,18/04/2026,20,Kochi,Civil Engineering,Seminar,31/03/2026,Mobile App,Pending,cancelled,Vegan,250,1.5,4
S10925,Lakshmi Rao,Other,8/21/2026,22,Pune,Management,Career Fair,1/8/2026,Campus Desk,paid,Attended,Non-Vegetarian,100,1,5
S10547,Vijay Menon,Male,15-Jun-26,24,Coimbatore,Management,Career Fair,4/5/2026,Website,Refunded,Cancelled,Vegan,300,1,1
S11376,Pooja Das,Male,8/6/2026,25,Coimbatore,Mechanical,Cultural Fest,17/07/2026,Campus Desk,Refunded,Registered,Vegan,300,6,1.0 / 5
S12680,Pooja Das,Other,2/4/2026,17,Bengaluru,Management,Sports Meet,28/03/2026,,Refunded,Registered,Vegan,500,4,5
S10065,Priya Sharma,Male,24-May-26,27,Pune,Commerce, Seminar,27/03/2026,Mobile App,Waived,Attended,Vegan,300 rupees,1.0 hours,4
S11213,Harini Iyer,Female,1/3/2026,27,Kochi,Civil Engineering,Hackathon,10/2/2026,Walk-in,Paid,absent ,Non-Vegetarian,150,1,
S11775,Karthik Rao,Other,5/2/2026,18,Chennai,Arts,Hackathon,6/3/2026,Campus Desk,waive,Cancelled,No Meal,250,1.5,2.0 / 5
S11255,Vikram Das,Other,17-Jul-26,19,Mysuru,Commerce,Seminar,21/06/2026,Walk-in,Refunded,Registered,No Meal,750,1,2.0 / 5
S11733,Priya Sharma,Male,8/26/2026,24,Madurai,Mechanical,Seminar,8/7/2026,Campus Desk,Refunded,Cancelled,Vegan,250,6,3
S10325,Keerthi Rao,Other,8/26/2026,26,Kochi,Civil Engineering,Career Fair,4/8/2026,Email ,Refunded,ATTENDED,Non-Vegetarian,150,1.5,2.0 / 5
S11621,Rahul Menon,Other,19-May-26,25,Salem,Commerce,Workshop,9/4/2026, Website,Refunded,Absent,No Meal,250,6,5
S11919,Ravi Patel,Other,16-Apr-26,26,Kochi,Computer Science,Cultural Fest,3/3/2026,Walk-in,waive,Cancelled,No Meal,Rs 200,6.0 hours,2
S11446,Vijay Menon,Other,2/14/2026,27,Pune,Arts,  Career Fair  ,29/01/2026,Campus Desk,Waived,ATTENDED,No-meal,INR 200,1.5 hours,4
S10116,Karthik Rao,Female,2/5/2026,25,Salem,Arts,SEMINAR,4/3/2026,Email,Refunded,Absent,Non-Vegetarian,300,3,3
S11760,Vijay Menon,Female,6/2/2026,19,Bengaluru,Management,Cultural Fest,18/01/2026,Email,pending,absent ,No-meal,500,2.5,2
S10912,Meena Patel,,3-Feb-26,23,Salem,Mechanical,Cultural Fest,26/12/2025,Mobile App,Paid,Absent,Vegan,500,2.5,3
S10138,Naveen Sharma,Other,9-Jul-26,24,Madurai,Arts,Cultural Fest,28/05/2026,Email,waive,Absent,No Meal,750,1.5,3
S12001,Suresh Kumar,Female,29-Aug-26,22,Hyderabad,Computer Science,seminar,10/8/2026,Website,Refunded,Attended,Vegan,150,3,5
S11318,Pooja Das,Female,7/17/2026,24,Madurai,Civil Engineering,Workshop,5/6/2026,Website,Waived,Cancelled,Vegan,200,2.5,1
S11008,Harini Iyer,Other,,19,,Computer Science,Sports Meet,23/01/2026,Email,Refunded,Registered,Non-Vegetarian,100,2.5,5.0 / 5
S12725,Rahul Menon,Male,26/08/2026,19,Hyderabad,Mechanical,Sports Meet,17/08/2026,,PAID,Registered,No Meal,200,3,1
S11660,Ravi Patel,Other,8/11/2026,18,Kochi,Management,Workshop,5/7/2026,Website,waive,cancelled,Vegetarian,100,1,2
S12869,Swetha Menon,Other,6/22/2026,24,Pune,Commerce,Career Fair,26/05/2026,Walk-in,Paid,Registered,No-meal,INR 500,4.0 hr,5.0 / 5
S11145,Meena Patel,Other,8/13/2026,26,Trichy,Commerce,Workshop,2/8/2026,Email,waive,Cancelled,Vegetarian,200,1,1
S12231,Ravi Patel,Other,15/08/2026,25,Bengaluru,Management,seminar,8/8/2026,Walk-in,Paid,Registered,Non-Vegetarian,200,3,
S11878,Karthik Rao,Other,26-Aug-26,25,Mysuru,Arts,Career Fair,12/7/2026,Website,PAID,attended,Vegetarian,300,6,1
S10032,Ravi Patel,Other,13-Jun-26,17,Mysuru,Commerce,Workshop,9/5/2026,Email,PENDING,Cancelled,Non-Vegetarian,500 rupees,3.0 hr,5.0 / 5
S10044,Manoj Kumar,,3/22/2026,26,Kochi,Arts,Sports Meet,25/01/2026,Campus Desk,Refunded,Cancelled,No Meal,Rs 500,2.0 hr,5.0 / 5
S12079,Karthik Rao,Other,4/16/2026,21,Bengaluru,Arts,Career Fair,3/3/2026,Website,Pending,absent,Non-Vegetarian,500,4,5
S10704,Rahul Menon,Other,10-Mar-26,21,Coimbatore,Arts,Cultural Fest,11/2/2026,Campus Desk,Pending,Attended,No Meal,300,6,2.0 / 5
S11212,Manoj Kumar,Female,7/27/2026,19,,Commerce,workshop,2/7/2026,Walk-in,pending,Attended,Vegetarian,₹750,2.5 hours,5
S10134,Karthik Rao,Other,11/3/2026,22,Mysuru,Arts,workshop,25/02/2026,Email,Pending,Cancelled,Non-Vegetarian,100,2.5,3
S12426,Divya Iyer,Male,5/15/2026,27,Chennai,Management,Hackathon,15/04/2026,Email,waive,attended,No Meal,0,6,3.0 / 5
S10980,Anitha Nair,Male,10/6/2026,17,Bengaluru,,Hackathon,17/04/2026,Walk-in,Waived,Registered,No Meal,300,1,3
S12526,Pooja Das,FEMALE,6/25/2026,26,Madurai,Computer Science,Sports Meet,8/6/2026,Mobile App,Pending,Cancelled,Vegetarian,250,2.5,2
S10483,Manoj Kumar,Male,2/5/2026,25,Mysuru,Commerce,Workshop,23/12/2025,Walk-in,Refunded,Cancelled,Vegan,750,2.5,
S12002,Lakshmi Rao,Other,28-Jun-26,22,Hyderabad,Mechanical,Seminar,4/5/2026,Campus Desk,Refunded,Attended,Vegetarian,200,1.5,2
S12795,Deepa Sharma,Other,6-Feb-26,22,Salem,Civil Engineering,Workshop,31/01/2026,Email,Refunded,Registered,Vegan,₹150,2.5 hr,4
S11867,Priya Sharma, Female,6/30/2026,27,Pune,Management,Cultural Fest,7/5/2026,Campus Desk,Paid,Registered,Vegetarian,500,2.5,3
S12282,Arun Kumar,Female,13-Jan-26,20,   ,Computer Science,Seminar,6/12/2025,Email,paid,Registered,Vegetarian,500,2.5,4.0 / 5
S11038,Suresh Kumar,Other,3/20/2026,17, Kochi,Commerce,Workshop,4/3/2026,Email,Pending,Registered,No-meal,300,2,3
S12658,Keerthi Rao,Female,9/2/2026,-5,Kochi,Management,Sports Meet,19/07/2026,Mobile App,Refunded,Absent,Non-Vegetarian,0,6,
S11299,Ravi Patel,Male,1/9/2026,27,Hyderabad,Management,Sports Meet,14/12/2025,Mobile App,Waived,Absent,Non-Vegetarian,250,6,3
S10081,Meena Patel,MALE,4/27/2026,24,Mysuru,Civil Engineering,Cultural Fest,22/04/2026,Campus Desk,Waived,cancelled,Non-Vegetarian,750,4,3
S11399,Lakshmi Rao,MALE,7/29/2026,17,Bengaluru,Electronics,Sports Meet,24/06/2026,Mobile App,Pending,Registered,Vegetarian,Rs 200,3.0 hr,4
S11839,Swetha Menon,Other,7/12/2026,22,Pune,Civil Engineering,Career Fair,22/05/2026,Walk-in,PENDING,Attended,Vegan,Rs 500,2.5 hours,3
S11406,Ravi Patel,Male,3-Jul-26,26,Mysuru,Commerce,Cultural Fest,15/05/2026,Email,Pending,Registered,Vegan,500,1,3.0 / 5
S11831,Karthik Rao, Male,5/1/2026,20,Salem,Computer Science,Seminar,9/4/2026,Walk-in,Pending,Absent,Non-Vegetarian,100,2.5,5
S10154,Divya Iyer,Other,27/07/2026,18,Madurai,Management,Career Fair,29/06/2026,Mobile App,Paid,Cancelled,Vegan,0,1,3
S10948,Meena Patel,Other,17/02/2026,27,Trichy,Civil Engineering,Career Fair,31/12/2025,Website,Refunded,Registered,Non-Vegetarian,INR 200,2.5 hr,1
S10780,Lakshmi Rao,Male,16/01/2026,20,Madurai,Computer Science,Career Fair,6/1/2026,  Email  ,Paid,Absent,Vegan,150,3,1.0 / 5
S11587,Anitha Nair,Other,29/08/2026,26,Coimbatore,Civil Engineering,Workshop,27/07/2026,Email,waive,Cancelled,Vegetarian,250,1.5,2
S12491,Ajay Nair,Male,29/01/2026,18,Mysuru,Arts,Workshop,19/12/2025,Mobile App,Paid,Cancelled,Non-Vegetarian,200,6,0
S10224,Divya Iyer,Other,2/26/2026,27,Kochi,Commerce,Cultural Fest,12/1/2026,Campus Desk,waive,cancelled,Non-Vegetarian,0,2,4
S11990,Divya Iyer,Male,2/14/2026,22,Kochi,Commerce,Hackathon,9/2/2026,Email,Refunded,Absent,Vegetarian,750,1.5,2
S11155,Harini Iyer,FEMALE,2/8/2026,22,Hyderabad,Mechanical,Cultural Fest,23/01/2026,Mobile App,Paid,Cancelled,Vegan,Rs 100,2.0 hr,2
S10615,Deepa Sharma,Female,6/21/2026,20,Kochi,Management,Workshop,24/04/2026,Email,waive,Registered,Non-Vegetarian,₹250,1.5 hr,5
S12883,Rahul Menon,Other,6/8/2026,26,Trichy,Civil Engineering,Workshop,20/06/2026,Website,Paid,ATTENDED,Non-Vegetarian,750,4,1
S11310,Deepa Sharma,Female,4/16/2026,24,,Arts,Cultural Fest,4/3/2026,Campus Desk,waive,Cancelled,Vegan,0,2.5,4
S12474,Harini Iyer,Female,4/27/2026,24,Salem,Management,Sports Meet,16/04/2026,Campus Desk,Waived,Registered,Vegetarian,INR 100,1.5 hours,4
S11089,Rahul Menon,Other,12-Jul-26,24,Coimbatore,Computer Science,Career Fair,24/05/2026,Website,Pending,absent ,Non-Vegetarian,300,1.5,4
S11280,Ajay Nair,MALE,1/17/2026,26,Hyderabad,Civil Engineering,Sports Meet,22/12/2025,Website,Refunded,Absent,Vegetarian,₹200,2.5 hours,5.0 / 5
S10740,Meena Patel,Female,15-Mar-26,23,Hyderabad,Management,Sports Meet,14/03/2026,Campus Desk,Refunded,Registered,Vegan,200,1,4
S11014,Vijay Menon,Female,18/03/2026,24,Hyderabad,Electronics,Sports Meet,23/02/2026,Walk-in,waive,ATTENDED,Vegetarian,750,6,1
S11529,Rahul Menon,Other,1/30/2026,19,Trichy,,Workshop,5/1/2026,Website,Pending,absent,No-meal,150,6,
S10203,Suresh Kumar,,26-Jan-26,22,Mysuru,Electronics,Cultural Fest,14/12/2025,Walk-in,Paid,Registered,Vegetarian,500,6,5.0 / 5
S10608,Swetha Menon,Female,8/22/2026,-5,Madurai,Management,Seminar,2/8/2026,Walk-in,waive,Attended,Vegan,100,4,4
S11356,Divya Iyer,Female,22/04/2026,17,Madurai,Mechanical,Cultural Fest,23/02/2026,Email,Refunded,absent ,No Meal,500,6,2
S12476,Pooja Das,female,5/22/2026,27,Hyderabad,Arts,Cultural Fest,23/04/2026,Campus Desk,Paid,Absent,No Meal,750,6,3
S11011,Keerthi Rao,Other,2/20/2026,27,Coimbatore,,Workshop,5/2/2026,Email,Pending,Attended,Non-Vegetarian,INR 300,2.0 hr,2.0 / 5
S11842,Suresh Kumar,Other,17/03/2026,18,Mysuru,Management,Cultural Fest,20/02/2026,Mobile App,Pending,Attended,No-meal,100,4,2.0 / 5
S11921,Vikram Das,,3/19/2026,25,Hyderabad,Civil Engineering,SEMINAR,21/01/2026,Email,Waived,Cancelled,Vegan,Rs 200,3.0 hours,2
S12229,Ravi Patel,Other,27-Jan-26,17,Kochi,Computer Science,Cultural Fest,23/12/2025,Walk-in,Paid,cancelled,No Meal,500,6,
S11710,Manoj Kumar,Other,16-Apr-26,19,Kochi,Arts, Career Fair,17/02/2026,Campus Desk,Waived,Absent,Vegetarian,100,4,3
S10496,Vijay Menon,Other,3/29/2026,17,Kochi,Mechanical,Career Fair,13/03/2026,Campus Desk,Pending,absent,Non-Vegetarian,Rs 250,6.0 hr,2
S11751,Vikram Das,Female,21-May-26,27,Chennai,Electronics,Sports Meet,5/4/2026,Mobile App,Pending,Registered,No-meal,0,2.5,1
S10036,Divya Iyer,Female,6/23/2026,18,,Arts,Career Fair,30/05/2026,Campus Desk,Paid,absent,No Meal,300,1,4
S11170,Suresh Kumar,Male,5/9/2026,22,Kochi,Civil Engineering,Career Fair,27/03/2026,Walk-in,paid,Registered,Vegetarian,200,6,5
S10018,Manoj Kumar,Other,3/15/2026,26,Hyderabad,Computer Science,Career Fair,24/02/2026,Walk-in,Paid,Attended,Non-Vegetarian,200 rupees,4.0 hours,3.0 / 5
S12615,Pooja Das,Female,8-Feb-26,25,Madurai,Civil Engineering,Career Fair,5/2/2026,Walk-in,Refunded,absent ,No-meal,250,6,1
S12914,Swetha Menon,Male,5-Jul-26,27,Bengaluru,Management,Cultural Fest,30/06/2026,Mobile App,waive,Cancelled,No Meal,250,3,2
S10559,Keerthi Rao,Female,6/7/2026,25,Coimbatore,Commerce,Cultural Fest,8/6/2026,Email,Paid,Registered,Vegetarian,300,1.5,5
S10473,Lakshmi Rao,Male,1/20/2026,22,Coimbatore,Electronics,seminar,11/12/2025,Mobile App,Waived,absent ,Non-Vegetarian,Not Available,1,1
S10789,Manoj Kumar,Other,14/08/2026,19,Hyderabad,Civil Engineering,Seminar,12/7/2026,Walk-in,Refunded,cancelled,Vegetarian,500 rupees,6.0 hr,5.0 / 5
S11961,Anitha Nair,Female,1/6/2026,25,Mysuru,Mechanical,Hackathon,24/12/2025,Mobile App,waive,Absent,Vegan,300,2,3
S12051,Vijay Menon,Female,6/27/2026,23,Chennai,Electronics,Cultural Fest,27/05/2026,Mobile App,Pending,Cancelled, Non-Vegetarian,300,1.5,1
S11820,Anitha Nair,Other,3/25/2026,20,Kochi,Management,Career Fair,2/2/2026,Campus Desk,Paid,Attended,Vegetarian,200 rupees,1.0 hr,4.0 / 5
S12371,Meena Patel,male,1/30/2026,22,Hyderabad,Management,Sports Meet,14/12/2025,Campus Desk,Refunded,Attended,Vegan,300,2,2
S11859,Priya Sharma,MALE,26/04/2026,24,Chennai,Arts,Seminar,18/03/2026,Walk-in,waive,attended,No Meal,150,1,4
S10576,Anitha Nair,Female,7/4/2026,25,,Computer Science,Sports Meet,8/5/2026,Walk-in,Waived,Absent,Vegetarian,INR 250,4.0 hr,2
S12478,Naveen Sharma,Female,2/22/2026,23,Madurai,Management,Cultural Fest,17/02/2026,Email,pending,Registered,Vegetarian,100,4,2
S12679,Harini Iyer,MALE,8/5/2026,27,Coimbatore,Mechanical,Seminar,19/07/2026,Campus Desk,Pending,absent,No-meal,250,6,2.0 / 5
S11269,Meena Patel,Other,1/8/2026,27,,Computer Science,Hackathon,22/12/2025,Walk-in,Pending,Registered,Vegan,200,1.5,4.0 / 5
S11696,Karthik Rao,Other,2/1/2026,19,Mysuru,Computer Science,Seminar,24/12/2025,Mobile App,Refunded,absent,Vegetarian,300,2.5,4
S12608,Arun Kumar,Female,6/4/2026,21,Chennai,Civil Engineering,Cultural Fest,31/05/2026,Campus Desk,Paid,Registered,No Meal,150,2,2
S10744,Vijay Menon,Female,11/4/2026,25,Pune,Commerce,Sports Meet,11/2/2026,Website,Waived,Cancelled,Non-Vegetarian,150,2.5,5
S12983,Priya Sharma,Other,26-Jul-26,19,Salem,Commerce,Sports Meet,29/06/2026,Email,Paid,ABSENT,Vegetarian,₹200,1.5 hr,1
S12781,Suresh Kumar,Male,22-Mar-26,21,Salem,Commerce,Hackathon,9/2/2026,Mobile App,Pending,Attended,Non-Vegetarian,250,1,4.0 / 5
S12155,Suresh Kumar,Other,2/27/2026,22,Coimbatore,Civil Engineering,Cultural Fest,29/01/2026,Campus Desk,Waived,Absent,Vegan,150,2.5,5
S12845,Meena Patel,Male,6/17/2026,26,Kochi,Mechanical,Seminar,5/6/2026,Email,waive,Attended,No-meal,₹750,1.0 hours,2
S11846,Ravi Patel,Other,8/5/2026,26,Coimbatore,Management,Cultural Fest,13/07/2026,Walk-in,Pending,absent,No-meal,100,4,
S10883,Deepa Sharma,Other,2-Jul-26,23,Chennai,,Sports Meet,26/05/2026,Campus Desk,pending,Cancelled,Vegan,0,2,5
S10394,Meena Patel,Male,23-Mar-26,25,Kochi,Commerce,Career Fair,20/02/2026,Campus Desk,Paid,Registered,Non-Vegetarian,300,1,5
S12724, Karthik Rao,Female,4/5/2026,21,Hyderabad,Commerce,Hackathon,20/04/2026,Campus Desk,Pending,cancelled,Vegetarian,500,1,5
S10046,Lakshmi Rao,Male,4/23/2026,25,Hyderabad,Civil Engineering,Career Fair,15/04/2026,Website,pending,absent ,Non-Vegetarian,200,4,2
S10920,Ajay Nair,Female,3-Mar-26,17,,Arts,Sports Meet,9/1/2026,Walk-in,Pending,Absent,Non-Vegetarian,500,2.5,3.0 / 5
S11314,Manoj Kumar,Male,3/25/2026,18,Kochi,Electronics,Career Fair,17/02/2026,Mobile App,PENDING,Absent,Non-Vegetarian,100,1,3
S12626,Suresh Kumar,Female,19/07/2026,23,Coimbatore,Commerce,Seminar,6/6/2026,Walk-in,Pending,Absent,Vegan,300,1.5,4
S11902,Keerthi Rao,Other,4/23/2026,26,Mysuru,Civil Engineering,workshop,18/03/2026,Mobile App,Pending,Registered,Vegan,0,2,5
S11804,Priya Sharma,Female,8/6/2026,17,Mysuru,Computer Science,  Sports Meet  ,2/8/2026,Website,Refunded,Attended,No Meal,250,3,1
S10059,Harini Iyer,Other,10-Jan-26,27,Mysuru,Mechanical,WORKSHOP,17/11/2025,Campus Desk,Waived,absent ,Vegan,INR 500,2.0 hours,1
S10326,Ravi Patel,Other,2/25/2026,26,Hyderabad,Management,Hackathon,24/02/2026,Walk-in,pending,ATTENDED,Non-Vegetarian,Rs 250,1.0 hr,4
S10396,Anitha Nair,Male,4/21/2026,24,Chennai,Mechanical,workshop,9/4/2026,Walk-in,Refunded,Attended,Vegan,Rs 200,1.0 hr,1
S12744,Keerthi Rao,Female,4-Aug-26,23,Hyderabad,Computer Science,workshop,27/07/2026,Website,Paid,Cancelled,No-meal,₹100,4.0 hours,3
S12517, Ravi Patel,Other,26-Jul-26,24,Coimbatore,Commerce,Career Fair,14/07/2026,Walk-in,Paid,Registered,Vegan,750,1.5,2.0 / 5
S11615,Manoj Kumar,Female,29-Jun-26,21,Salem ,Management,Cultural Fest,18/05/2026,Website,Pending,Registered,Non-Vegetarian,₹500,1.0 hours,3
S11568,Priya Sharma,Male,26/07/2026,22,Coimbatore,Arts,Workshop,24/07/2026,Website,Paid,Absent,No-meal,100,3,
S11177,Deepa Sharma,Male,12/1/2026,27,Hyderabad,Computer Science,Seminar,10/12/2025,Email,waive,absent,Non-Vegetarian,300,1.5,2
S11452,Pooja Das,Female,9-Apr-26,26,Salem,Electronics,Workshop,7/3/2026,Walk-in,Refunded,Attended,Vegan,500,1.5,4
S10272,Meena Patel,Female,17/05/2026,18,Bengaluru,Civil Engineering,Hackathon,16/05/2026,Walk-in,Refunded,Cancelled,Non-Vegetarian,100 rupees,3.0 hr,3
S12685,Meena Patel, Female,22/07/2026,-5,Kochi,Management,Career Fair,17/07/2026,Email,Refunded,Registered,Non-Vegetarian,100,4,5
S10316,Keerthi Rao, Male,12/2/2026,23,Hyderabad,Management ,Workshop,21/01/2026,Email,Paid,Absent,Non-Vegetarian,150,1,4.0 / 5
S10128,Manoj Kumar,Female,7/20/2026,27,Chennai,Commerce,Workshop,8/6/2026,Walk-in,Refunded,Registered,Non-Vegetarian,500,2,4
S12611,Vikram Das,Other,14-Apr-26,19,Hyderabad,Civil Engineering,Cultural Fest,10/4/2026,Campus Desk,Refunded,cancelled,Non-Vegetarian,100,1.5,1
S10849,Naveen Sharma,Female,19/04/2026,24,Salem,Mechanical,Career Fair,20/03/2026,Campus Desk,Pending,Attended,Vegan,300 rupees,6.0 hours,4.0 / 5
S11706,Ajay Nair,Other,6/14/2026,18,Pune,Computer Science,Sports Meet,4/5/2026,Email,Paid,Registered,Vegan,200 rupees,2.5 hours,2.0 / 5
S11385,Deepa Sharma,Female,1-Mar-26,25,Trichy,Mechanical,Cultural Fest,8/2/2026,Walk-in,Refunded,Registered,Non-Vegetarian,750 rupees,6.0 hr,
S12279,Ravi Patel,Female,5/15/2026,19,Bengaluru,Mechanical,Hackathon,22/04/2026,Mobile App,Paid,Absent,Vegetarian,0,2.5,2
S10219,Deepa Sharma, Male,26/03/2026,17,Mysuru,Electronics,seminar,13/02/2026,Website,Refunded,Absent,Non-Vegetarian,0,2.5,3.0 / 5
S11802,Arun Kumar,Male,17/08/2026,23,Chennai,Commerce,Hackathon,,Campus Desk,Refunded,Cancelled,Vegan,250,3,3
S11181,Suresh Kumar,Female,18/08/2026,26, Trichy,Arts,Cultural Fest,8/7/2026,Email,Refunded,Attended,Vegetarian,300,1.5,5
S12551,Priya Sharma,Other,7/2/2026,22,Pune,Civil Engineering,Cultural Fest,26/06/2026,Website,Pending,ABSENT,Vegetarian,300,2,3
S10280,Swetha Menon,Other,8/7/2026,20,Kochi,Commerce,Hackathon,20/06/2026,Campus Desk,Pending,Registered,Vegetarian,500,6,4.0 / 5
S11191,Pooja Das,Other,3/5/2026,24, Hyderabad,Electronics,seminar,21/01/2026,Mobile App,PAID,ATTENDED,Vegan,500,3,4
S12588,Priya Sharma,Female,4/15/2026,23,Madurai,Electronics,Hackathon,17/03/2026,  Campus Desk  ,Paid,Absent,Vegetarian,Rs 100,2.5 hr,4
S12442,Deepa Sharma,Female,17-Mar-26,24,Pune,Electronics,seminar,1/3/2026,,Refunded,cancelled,No-meal,150,1,2
S10123,Harini Iyer,Other,4/13/2026,24,  Bengaluru  ,Mechanical,seminar,28/03/2026,Walk-in,Pending,Attended,,250,2,3
S12333,Naveen Sharma,Other,23/06/2026,25,Mysuru,Electronics,  Cultural Fest  ,27/05/2026,Email,Paid,Absent,Vegetarian,0,3,5
S11945,Ajay Nair,Male,12-May-26,17,Salem,Arts ,Workshop,21/03/2026,Email,Pending,Registered,Vegetarian,200,2,5
S11028,Manoj Kumar,Male,5/13/2026,21,Pune,Arts,Career Fair,4/5/2026,Walk-in,Waived,absent,Non-Vegetarian,100,1,4
S12117,Keerthi Rao,Other,3/20/2026,25,Pune,Mechanical,Seminar,8/3/2026,Walk-in,Refunded,Registered,Non-Vegetarian,₹250,4.0 hours,1
S12810,Suresh Kumar,Female,7/30/2026,21,Pune,Electronics,Seminar,14/07/2026,Email,Paid,Registered,  Vegan  ,100,2.5,4
S10277,Rahul Menon,male,22/08/2026,26,Mysuru,Computer Science,Sports Meet,26/06/2026,Email,Waived,ABSENT,No-meal,250,2.5,2
S11939,Harini Iyer,Other,8/19/2026,18,Hyderabad,Commerce,Career Fair,3/7/2026,Website,PAID,Absent,Non-Vegetarian,INR 750,1.0 hr,5
S12948,Vijay Menon,Other,2/26/2026,18,Salem,Mechanical,Workshop,8/1/2026,Website,Pending,Cancelled,No-meal,150,1,3
S11964,Harini Iyer,Female,16-Apr-26,17,Chennai,  Arts  ,Workshop,28/02/2026,Website,Paid,Absent,No-meal,750,1.5,2
S12260,Ravi Patel,Male,6/4/2026,25,Hyderabad,Management,Cultural Fest,26/04/2026,Walk-in,Refunded,absent ,,INR 750,1.5 hours,3
S11689,Anitha Nair,Male,6/7/2026,19,Pune,Mechanical,Career Fair,27/04/2026,Email,Waived,ABSENT,Vegan ,INR 750,2.0 hr,5.0 / 5
S11402,Ravi Patel,Male,7/6/2026,26,Mysuru,  Arts  ,Workshop,23/04/2026,Website,Pending,Attended, Vegetarian,100,3,3
S12982,Divya Iyer,Male,16/04/2026,26,Pune,Arts,Sports Meet,30/03/2026,Walk-in,Waived,Registered,Non-Vegetarian,INR 250,1.0 hr,1
S10368,Deepa Sharma,Male,8-Mar-26,27,Madurai,Computer Science,Workshop,22/01/2026,Email,Paid,Cancelled,Vegetarian,150,1,2
S10797,Deepa Sharma,Other,6/9/2026,27,Mysuru,Arts,Seminar,6/5/2026,Walk-in,paid,cancelled,No-meal,500,1,5
S10080,Rahul Menon,Other,1/31/2026,21,Salem,Computer Science,Career Fair,21/01/2026,Walk-in,waive,Registered,Non-Vegetarian,200,1.5,5
S10717,Priya Sharma,Other,8/6/2026,18,Pune,Arts,Workshop,12/6/2026,Mobile App,pending,attended,No-meal,0,2.5,1
S12356,Ajay Nair,Female,7/12/2026,17,Kochi,Electronics,Hackathon,,Campus Desk,waive,Registered,Vegan,200,1.5,1
S10422,Vikram Das,Female,7/8/2026,17,Coimbatore, Mechanical,Hackathon,6/6/2026,Walk-in,Waived,Registered,Vegetarian,0,6,1
S10715,Harini Iyer,Male,1/6/2026,21,Pune,Management,Seminar,29/11/2025,Mobile App,Refunded,cancelled,Non-Vegetarian,300,1,
S11249,Manoj Kumar,Female,8/23/2026,24,Trichy ,Management,Career Fair,17/08/2026,Mobile App,Waived,Registered,No-meal,0,2,5
S11513,Rahul Menon,Female,20/08/2026,18,Chennai,Civil Engineering,Career Fair,30/06/2026,Email,paid,Registered,Vegan,100,1.5,3
S12475,Meena Patel,Female,14-Feb-26,20,Trichy,Commerce,Seminar,16/01/2026,Mobile App,pending,Cancelled,No-meal,200,1.5,4
S10344,Manoj Kumar,Other,30-May-26,22,Coimbatore,Commerce,Cultural Fest,9/4/2026,Walk-in,Pending,Cancelled,No Meal,200 rupees,1.5 hr,1.0 / 5
S11712,Pooja Das,Male,7/29/2026,18,Coimbatore,Arts,Seminar,6/7/2026,Walk-in,PAID,Registered,Non-Vegetarian,200,3,1
S11172,Rahul Menon,Female,5/30/2026,19,Pune,Electronics,Career Fair,25/05/2026,Website,waive,Absent,Vegan,100,2,1
S10005,Harini Iyer,Other,10-Feb-26,19,Hyderabad,Mechanical,Workshop,24/01/2026,,Refunded,Cancelled,No-meal,200,4,5
S10246,Divya Iyer,Other,13-Apr-26,25,Pune,Mechanical,Cultural Fest,27/03/2026,Website,Waived,Cancelled,Vegetarian,250,1,
S11225,Ravi Patel ,Female,5/28/2026,25,Trichy,Computer Science,Hackathon,27/05/2026,Campus Desk,Refunded,Cancelled,Vegetarian,750,2,4
S12553,Harini Iyer,Female,11-Jan-26,22,Kochi,Mechanical,Seminar,5/12/2025,Walk-in ,Pending,attended,Vegan,200,6,
S12066,Karthik Rao,Male,2/28/2026,20,Kochi,Management,Career Fair,1/2/2026,Email,waive,Absent,Vegan,150,2.5,1
S12789,Pooja Das,Male,15/08/2026,22,Pune,Arts,Cultural Fest,29/06/2026,Mobile App,Pending,Cancelled,No Meal,250,6,4
S10356,Pooja Das,Other,16-Feb-26,23,Coimbatore,Arts,Seminar,17/01/2026,Website,waive,attended,Vegetarian,INR 750,2.0 hr,4.0 / 5
S12742,Priya Sharma, Female,23-Aug-26,18,Coimbatore,Commerce,Career Fair,20/08/2026,,Waived,Registered,Vegan,Rs 500,2.0 hours,4
S12733,Harini Iyer,FEMALE,21/03/2026,18,Mysuru,Computer Science,Workshop,20/02/2026,Website,Pending,Attended,Vegan,150,1,5
S10052,Divya Iyer,,5-May-26,24,Coimbatore,Management,Cultural Fest,19/04/2026,Campus Desk,waive,absent ,No-meal,150,2.5,0
S11567,Karthik Rao,Male,5/22/2026,21,Kochi,Electronics,Cultural Fest,30/04/2026,Campus Desk,PENDING,absent,No Meal,INR 150,4.0 hr,4.0 / 5
S11620,Priya Sharma,male,2/17/2026,25,Kochi,Management,Career Fair,8/2/2026,Campus Desk,Paid,Attended,No Meal,Rs 150,2.0 hr,4.0 / 5
S11343,Divya Iyer, Male,6/24/2026,17,,Management,Seminar,1/5/2026,Website,PAID,ABSENT,Non-Vegetarian,Rs 750,2.5 hr,5
S10934,Lakshmi Rao,Male,29/08/2026,26,Pune,Commerce,WORKSHOP,8/8/2026,Email,Refunded,absent ,Non-Vegetarian,200,2.5,3
S11010,Ravi Patel,Male,28-Jun-26,18,Chennai,Mechanical,Hackathon,29/04/2026,Website,Refunded,cancelled,No-meal,750,2.5,1
S11334,Lakshmi Rao,male,1/16/2026,17,Chennai,Management,Cultural Fest,12/12/2025,Walk-in,Refunded,Attended,Non-Vegetarian,100,3,2
S11947,Ravi Patel,Male,4/6/2026,24,Mysuru,Electronics,Cultural Fest,17/05/2026,Website,Pending,ATTENDED,No Meal,750,3,3
S10554,Ravi Patel,Female,29/06/2026,23,Kochi,Arts,Workshop,24/05/2026,Website,waive,Attended,Vegetarian,100,2,1
S10215,Vikram Das,Female,7/8/2026,27,Coimbatore,Civil Engineering,Sports Meet,6/7/2026,Website,Refunded,Absent,Non-Vegetarian,750,2,
S11167,Ravi Patel,Male,28/04/2026,21,Hyderabad,Civil Engineering,Sports Meet,10/3/2026,Email,Refunded,Registered,Vegan,150,1.5,2
S12129,Ajay Nair,Other,8/15/2026,20,Coimbatore,Mechanical,Seminar,12/8/2026,Mobile App,Refunded,Cancelled,   ,150,1.5,
S10206,Keerthi Rao,female,5/30/2026,26,Mysuru,Civil Engineering,Workshop,22/04/2026,Website,Refunded,Registered,Non-Vegetarian,100,1,5
S11624,Meena Patel,Other,22/04/2026,21,Trichy,Electronics,Cultural Fest,14/03/2026,Email,pending,absent ,Vegetarian,500,1.5,4
S10455,Divya Iyer,Female,8/22/2026,25,Salem,Commerce,seminar,12/8/2026,Walk-in,Waived,Attended,  Vegan  ,100,4,
S10734,Vijay Menon,Other,4/23/2026,23,Mysuru,Electronics,Sports Meet,19/03/2026,Walk-in,Waived,Attended,Non-Vegetarian,100,1.5,1
S10379,Arun Kumar,Male,21-Aug-26,26,Kochi,Civil Engineering,Career Fair,22/06/2026,,Waived,Cancelled,Non-Vegetarian,150,3,1
S12596,Priya Sharma,Female,7/29/2026,25,Bengaluru,Electronics,Seminar,30/06/2026,Walk-in,Refunded,Attended,Vegetarian,750,4,3
S12991,Suresh Kumar,Male,3/30/2026,20,Madurai,Commerce,Cultural Fest,29/03/2026,Mobile App,Refunded,Cancelled,Vegetarian,300,2.5,2
S12996,Ajay Nair,Female,18-May-26,23,Salem,Commerce,Seminar,22/04/2026,Walk-in,pending,Cancelled,No-meal,0,3,1.0 / 5
S12842,Vikram Das,Other,7-Aug-26,18,Coimbatore,Management,Hackathon,6/7/2026,Mobile App,Waived,Absent,Vegan,100,6,4
S11049,Karthik Rao,female,10-Feb-26,20,Trichy,Civil Engineering,Cultural Fest,23/01/2026,Website,Pending,cancelled,Vegetarian,500 rupees,2.0 hours,5
S12415,Karthik Rao, Female,2/19/2026,23,Chennai,Arts,Workshop,17/01/2026,Website,Paid,Attended,Vegan,500,3,1.0 / 5
S10939,Suresh Kumar,Male,5/8/2026,26,Coimbatore,Civil Engineering,Workshop,26/03/2026,Walk-in,Paid,absent ,Vegetarian,250,6,1
S10093,Anitha Nair,Other,4/14/2026,24,Trichy,Mechanical,Cultural Fest,17/02/2026,Campus Desk,Waived,Attended,Vegetarian,0,4,4
S12602,Swetha Menon,Other,27-Aug-26,23,Kochi,Civil Engineering,Sports Meet,8/8/2026,Walk-in,Paid,Absent,Vegetarian,200,6,1
S10244,Priya Sharma,Other,23/01/2026,22,Coimbatore,Arts,Hackathon,3/12/2025,Campus Desk,Waived,Cancelled,Vegan,200,1.5,5
S11837,Divya Iyer,Female,4/29/2026,25,Pune,Civil Engineering,Seminar,14/03/2026,,Refunded,Registered,,150,2.5,1
S12132,Deepa Sharma,Male,3/8/2026,23,Hyderabad,Civil Engineering,Career Fair,21/01/2026,Website,Pending,Attended,Vegetarian,250,3,3
S11635,Suresh Kumar,Female,3/8/2026,22,Coimbatore,Civil Engineering ,Hackathon,15/01/2026,Mobile App,PAID,Registered, Vegan,0,4,5
S11379,Suresh Kumar,Male,8/23/2026,18,Hyderabad,Electronics,Seminar,22/08/2026,Mobile App,Waived,cancelled,No-meal,150,1,3
S11276,Deepa Sharma,Male,27/02/2026,19,Hyderabad,Management,Hackathon,14/01/2026,Email,Pending,cancelled,Vegetarian,500,4,3
S11517,Manoj Kumar ,Other,3/2/2026,27,Chennai,Mechanical,Career Fair,8/1/2026,Campus Desk,Paid,Registered,Vegetarian,750,2,2.0 / 5
S10545,Pooja Das,Other,9/7/2026,26,Mysuru,Mechanical,Hackathon,15/05/2026,Mobile App,PENDING,Attended,Vegan,100,4,2
S11220,Karthik Rao,Female,4/4/2026,19,Salem,Mechanical,Seminar,5/2/2026,Campus Desk,pending,Attended,Non-Vegetarian,750,4,5.0 / 5
S10382,Rahul Menon,Male,25-Jul-26,18,Kochi,Electronics,Career Fair,11/6/2026,Walk-in,Refunded,absent ,Non-Vegetarian,300,4,1
S10956,Divya Iyer, Male,10/1/2026,26,Hyderabad,Electronics,Career Fair,5/1/2026,Website,waive,Absent,No Meal ,100,1.5,3
S12394,Deepa Sharma,Male,20/04/2026,23,Trichy,Management,Workshop,6/3/2026,Website ,Pending,Attended,Vegetarian,250,2.5,1
S10454,Lakshmi Rao,Male,27/06/2026,19,Madurai,Arts,Seminar,16/06/2026,Website,waive,absent ,Vegan,0,6,1
S12395,Lakshmi Rao,Female,7/4/2026,22,Kochi,Civil Engineering,Cultural Fest,21/05/2026,Walk-in,pending,ATTENDED,Non-Vegetarian,₹200,2.5 hr,2
S10349,Ravi Patel,Female,10-Feb-26,24,Coimbatore,Civil Engineering,Hackathon,25/12/2025,Mobile App,Paid,Attended,Vegetarian,500,1.5,1
S11830,Manoj Kumar,Female,1/8/2026,23,Hyderabad,Mechanical,Career Fair,25/12/2025,Email,Pending,Registered,Vegetarian,0,2.5,2
S11221,Arun Kumar,Female,4/8/2026,19,Kochi,Commerce,Cultural Fest,27/06/2026,Website,Paid,Cancelled,Vegan,0,4,5
S10716,Priya Sharma,female,5/31/2026,17,Hyderabad,Commerce,Career Fair,8/4/2026,Website,Waived,Absent,,750,3,4
S12879,Pooja Das,Other,3-Feb-26,22,Mysuru,Management,Workshop,27/01/2026,Website,Waived,Registered,No Meal,100,1,1
S10264,Deepa Sharma,Other,4-Mar-26,23,Coimbatore,Management,Sports Meet,7/2/2026,  Mobile App  ,waive,Cancelled,Vegetarian,150,1,1.0 / 5
S10848,Rahul Menon,FEMALE,10-Jul-26,22,Mysuru,Management,Workshop,17/05/2026,Walk-in,Waived,ATTENDED,Vegan,750,2,4.0 / 5
S10347,Rahul Menon,Female,8/23/2026,17,Trichy,Arts,Workshop,18/07/2026,Mobile App,waive,ATTENDED,Vegan,0,4,5
S12764,Anitha Nair,male,6/7/2026,17,Kochi,Computer Science,Hackathon,4/6/2026,Walk-in,Refunded,cancelled,No Meal,100,3,2.0 / 5
S10461,Vikram Das,Male,1/26/2026,25,Salem,Civil Engineering,Sports Meet,23/01/2026,Walk-in,Refunded,Registered,Vegan,300,2.5,2.0 / 5
S12908,Vikram Das,Female,11/3/2026,26,Salem,Management,seminar,20/02/2026,Email,Refunded,Attended,Vegetarian,500,1,2
S10057,Priya Sharma,Male,17/02/2026,18,Hyderabad,Electronics,Hackathon,5/2/2026,,Pending,Cancelled,Non-Vegetarian,500,3,2.0 / 5
S11441,Suresh Kumar,Male,2/8/2026,21,Trichy,Arts,Workshop,16/12/2025,,Refunded,absent ,No-meal,300,1.5,5
S11414,Lakshmi Rao,Female,5/4/2026,18,Mysuru,Mechanical,Career Fair,12/2/2026,Email,Paid,Registered,Non-Vegetarian,Rs 300,3.0 hours,
S12221,Meena Patel, Female,1/7/2026,19,Trichy,Management,Cultural Fest,1/12/2025,Campus Desk,waive,Registered,Vegetarian,150,1.5,3
S11357,Vijay Menon,Female,15/05/2026,24,Chennai,Commerce,Hackathon,9/4/2026,Email,waive,Absent,Vegetarian,₹0,1.0 hr,4
S10153,Anitha Nair,Other,6/3/2026,25,Hyderabad,Mechanical,Career Fair,8/5/2026,Email,Paid,absent ,No Meal,500 rupees,3.0 hours,1
S11257,Naveen Sharma,Other,7/26/2026,18,Kochi,Mechanical,Cultural Fest,30/05/2026,Campus Desk,Pending,Absent,Vegan,100,2.5,3
S11496,Ravi Patel,Female,14/04/2026,19,Salem,Mechanical,Seminar,7/4/2026,Mobile App,Paid,attended,Vegetarian,300,6,5
S10982,Manoj Kumar,Other,3/1/2026,23,Chennai,Mechanical,Sports Meet,20/02/2026,Campus Desk,Paid,Registered,No-meal,300,1.5,1
S10677,Priya Sharma,MALE,2/1/2026,25,Hyderabad,Computer Science,Hackathon,27/01/2026,Campus Desk,Paid,Registered,Vegan,750,1,5.0 / 5
S10935,Deepa Sharma,Female,3-Aug-26,20,Hyderabad,Electronics,Cultural Fest,5/7/2026,Campus Desk,Pending,Attended,Non-Vegetarian,₹500,1.0 hours,4
S11006,Keerthi Rao,Female,2/22/2026,24,Pune,Commerce,Seminar,8/2/2026,Campus Desk,Waived,absent ,Vegetarian,Rs 100,4.0 hours,5
S12160,Manoj Kumar,Female,5/2/2026,21,Pune,Civil Engineering,Career Fair,3/2/2026,Email,Paid,Attended,Non-Vegetarian,0 rupees,2.5 hours,2
S12835,Swetha Menon,Other,3/9/2026,27,Trichy,Electronics,Hackathon,11/1/2026,Mobile App,Pending,Attended,Non-Vegetarian,150,2,1
S12180,Lakshmi Rao,Female,5/1/2026,17,Bengaluru,Commerce,Sports Meet,31/03/2026,Campus Desk,Refunded,absent ,Non-Vegetarian,100,1.5,3
S10108,Keerthi Rao,Male,3/9/2026,18,Salem,Electronics,Workshop,27/02/2026,Email,paid,ABSENT,No Meal,0,2,4
S10613,Anitha Nair,Male,10/7/2026,23,Salem,Mechanical,Cultural Fest,28/06/2026,,Refunded,Registered,No-meal,300,3,2
S12269,Vijay Menon,Female,3-Jul-26,26,Trichy,Commerce,Hackathon,15/05/2026,Email,Refunded,Registered,No-meal,150,3,2
S10448,Lakshmi Rao,Other,12/8/2026,20,Bengaluru,Mechanical,Seminar,10/8/2026,Mobile App,Paid,Attended,Non-Vegetarian,750 rupees,4.0 hours,2
S10884,Meena Patel,Male,2-Feb-26,19,Mysuru,Civil Engineering,Hackathon,20/12/2025,Website,Waived,Absent,No Meal,100,1.5,4
S12600,Priya Sharma,Male,10-Jun-26,21,Mysuru,Mechanical,WORKSHOP,16/04/2026,Website,Pending,Cancelled,Non-Vegetarian,100 rupees,1.5 hr,3
S10583,Karthik Rao,Female,2/2/2026,18,Pune,Electronics,Career Fair,18/01/2026,Email,Paid,absent ,Non-Vegetarian,INR 250,2.0 hours,1
S12275,Swetha Menon,Female,1/24/2026,19,Pune,Mechanical,Cultural Fest,13/01/2026,Walk-in,waive,Registered,Vegan,300,6,5
S11932,Priya Sharma,Female,16-Mar-26,25,Salem,Computer Science,Workshop,22/01/2026,Email,waive,Attended,  Non-Vegetarian  ,Rs 250,3.0 hours,3
S11390,Ravi Patel,Female,6/20/2026,22,Trichy,Arts,Workshop,26/04/2026,Campus Desk,Refunded,Registered,Vegetarian,500,3,2
S10443,Rahul Menon,Other,5/16/2026,24,Kochi,Arts,Hackathon,unknown,Email,Refunded,Attended,Vegetarian,INR 200,4.0 hr,2.0 / 5
S11753,Deepa Sharma,Other,1/23/2026,19,Kochi,Arts, Cultural Fest,17/12/2025,,Paid,Registered,Vegan,₹0,1.0 hr,5
S12976,Ajay Nair,Female,10/1/2026,24,Mysuru,Computer Science,Career Fair,5/1/2026,Walk-in,Waived,Registered,Vegetarian,200,1,3
S12579,Keerthi Rao,,4-Mar-26,27,Salem,Management,Workshop,3/2/2026,Website,Paid,Absent,Vegetarian,INR 500,6.0 hr,2
S11103,Priya Sharma,Male,4/9/2026,21,Chennai,Management,Seminar,15/02/2026,Email,Refunded,Registered,Vegetarian,300,4,5.0 / 5
S12857,Deepa Sharma,Other,2/3/2026,24,Bengaluru,,Career Fair,24/12/2025,Mobile App,pending,cancelled,No-meal,500,1.5,5.0 / 5
S10305,Arun Kumar,Male,14/01/2026,22,Hyderabad,,Seminar,15/12/2025,Website,waive,Registered,Vegetarian,150,1.5,3.0 / 5
S10961,Anitha Nair,Male,30-Jun-26,25,Trichy,Computer Science,Workshop,12/6/2026,Campus Desk,Pending,Attended,No Meal,150 rupees,4.0 hr,1
S10106,Priya Sharma,Other,20-Aug-26,25,Trichy ,Management,Hackathon,10/7/2026,Campus Desk,Refunded,Attended,No-meal,250,4,3
S10174,Lakshmi Rao,Male,5/11/2026,18,Madurai,Arts,Sports Meet,16/04/2026,Email,waive,attended,Non-Vegetarian,INR 200,2.5 hr,5
S12337,Deepa Sharma,Female,11/1/2026,27,Mysuru,Electronics,  Career Fair  ,28/12/2025,Email,Pending,Registered,No Meal,300,4,
S10076,Ajay Nair,Female,2/2/2026,27,Trichy,Commerce,Cultural Fest,14/01/2026,Mobile App,Paid,absent ,No Meal,750,3,3
S12032,Pooja Das,Other,8-May-26,27,Chennai,Commerce,Career Fair,2/5/2026,Walk-in,Refunded,absent ,Vegetarian,100,1.5,5
S10066,Rahul Menon,Male,25/07/2026,20,,Management,Career Fair,18/06/2026,Website,Waived,Registered,Non-Vegetarian,100,6,5
S12270,Ajay Nair,female,5/5/2026,27,Trichy,Management,Cultural Fest,15/04/2026, Email,Refunded,absent ,Vegetarian,Rs 100,1.0 hours,3.0 / 5
S11115,Arun Kumar,Other,24/04/2026,17,Trichy,Civil Engineering,Seminar,18/04/2026,Website,Paid,absent,Non-Vegetarian,300,1.5,4
S10373,Swetha Menon,Male,8/13/2026,25,Kochi,Arts,workshop,25/06/2026,Mobile App,paid,Attended,Vegan ,200,2.5,2.0 / 5
S11341,Ravi Patel,Male,1/31/2026,19,Hyderabad,Electronics,Cultural Fest,4/12/2025,Campus Desk,Refunded,ABSENT,No-meal,0,3,4
S10045,Vikram Das,Male,14/02/2026,23,Madurai,Management,Hackathon,13/02/2026,Mobile App,Pending,Registered,Vegetarian,₹750,4.0 hours,5.0 / 5
S12670,Anitha Nair,Other,4/18/2026,21,Salem,Computer Science,Career Fair,10/3/2026,Website,Waived,Absent,No-meal,100,4,3.0 / 5
S12137,Anitha Nair,FEMALE,27-Jul-26,18,Trichy,Commerce,Hackathon,7/6/2026,Mobile App,Paid,Cancelled,No-meal,Not Available,4,
S10718,Vikram Das,,2/9/2026,23,Trichy,Computer Science,Career Fair,21/07/2026,Walk-in,Pending,Absent,Vegetarian,500,6,1.0 / 5
S10639,Deepa Sharma,Female,7/29/2026,22,Hyderabad,Arts,Seminar,11/6/2026,Mobile App,PAID,Attended,Vegan,750,2.5,3
S11438,Swetha Menon,Male,18/02/2026,21,Bengaluru,Commerce,Cultural Fest,22/12/2025,Walk-in,Waived,Attended,Non-Vegetarian,250,2,1
S11233,Priya Sharma,FEMALE,8/5/2026,27,Madurai,Electronics,Hackathon,20/04/2026,Walk-in,Pending,Attended,No-meal,300,2.5,5.0 / 5
S10189,Meena Patel,MALE,18/02/2026,-5,Trichy,Civil Engineering, Cultural Fest,26/01/2026,Email,Paid,Cancelled,No-meal,INR 150,2.0 hours,3
S10364,Harini Iyer,Other,5/23/2026,17,Trichy,Arts,Workshop,8/5/2026,Email,Refunded,Cancelled,Vegetarian,500,4,4
S12431,Rahul Menon, Male,4/1/2026,26,Trichy,Civil Engineering,Hackathon,24/02/2026,Website,Refunded,Cancelled,Vegan,150,1.5,2
S11572,Meena Patel,Female,4/4/2026,26,Salem,Computer Science,Career Fair,8/2/2026,Mobile App,Pending,cancelled,Vegetarian,250,6,4
S11721,Deepa Sharma,female,4/11/2026,26,Chennai,Management,Cultural Fest,1/4/2026,Email,Paid,Registered,No Meal,300,1,4
S10685,Lakshmi Rao,Female,13/07/2026,22,  Bengaluru  ,Civil Engineering,Hackathon,15/05/2026,Campus Desk,Paid,Attended,Vegetarian ,INR 750,2.5 hr,4
S10223,Arun Kumar,Male,7/21/2026,26,Trichy,Mechanical,Sports Meet,16/06/2026,Walk-in,PAID,Cancelled,Vegan,0,3,1
S10195,Rahul Menon,Other,3/28/2026,19,Pune,Management,Career Fair,19/03/2026,Campus Desk,Paid,ABSENT,Vegan,500,6,4
S12637,Swetha Menon,Other,25/06/2026,19,Chennai,,Cultural Fest,11/6/2026,Website,Refunded,Registered,No Meal,750,2.5,2.0 / 5
S12500,Rahul Menon,Male,8-Apr-26,21,Hyderabad,Management,Seminar,10/2/2026,Website,Pending,Absent,Vegan,500,2.5,2
S12119,Ajay Nair,Male,7/5/2026,24,Kochi,Electronics,workshop,9/6/2026,Campus Desk,pending,cancelled,No-meal,250,1,5
S10667,Arun Kumar,Other,1/16/2026,22,Madurai,Computer Science,Workshop,26/12/2025,Mobile App,Refunded,Registered,Vegan,200,2,2
S11974,Harini Iyer,Other,7/20/2026,17,Chennai,Civil Engineering,Workshop,25/05/2026,Campus Desk,waive,Absent,Vegetarian,150,3,3
S12172,Keerthi Rao,Other,2/18/2026,25,Coimbatore,Arts,Cultural Fest,16/02/2026,Website,Paid,Cancelled,Non-Vegetarian,750,1,2
S10124,Anitha Nair,Male,30-Jun-26,27,Chennai,Computer Science,Career Fair,22/06/2026,Walk-in,PENDING,Cancelled,Vegan,250,2,5
S12412,Pooja Das,Other,7/15/2026,18,Salem,Civil Engineering,Career Fair,17/05/2026,Campus Desk,Refunded,Registered,No-meal,200,6,5.0 / 5
S11058,Vijay Menon,FEMALE,25-Jun-26,20,Hyderabad,Computer Science,Cultural Fest,4/5/2026,Website,Paid,cancelled,Non-Vegetarian,500,1.5,4
S11027,Ravi Patel,Other,8/13/2026,19,Chennai,Civil Engineering,Hackathon,2/8/2026, Email,Refunded,Absent,Vegan,INR 750,4.0 hr,3
S12314,Deepa Sharma,Male,17-Jun-26,17,Madurai,Civil Engineering,Cultural Fest,18/05/2026,Website,waive,attended,Non-Vegetarian,₹500,2.5 hr,1
S11017,Manoj Kumar,Other,1/18/2026,21,Pune,Arts,  Career Fair  ,4/12/2025,Email,Pending,Registered,Vegan,INR 0,4.0 hr,3
S12712,Swetha Menon,Male,8/1/2026,24,Coimbatore,Civil Engineering,Sports Meet,11/12/2025,Campus Desk,Paid,Absent,Non-Vegetarian,200,1,5.0 / 5
S12727,Manoj Kumar,Other,27/05/2026,22,Bengaluru,Mechanical,Seminar,22/05/2026,Mobile App,Pending,Cancelled,Vegetarian,300 rupees,1.5 hr,5
S12956,Lakshmi Rao,Other,3/13/2026,26,,Electronics,Hackathon,29/01/2026,Mobile App,Pending,ATTENDED,No-meal,INR 0,2.0 hours,2
S12035,Pooja Das,Other,3/4/2026,25,Salem,Civil Engineering,Seminar,15/02/2026,Email,Waived,Registered,Vegetarian,INR 300,2.5 hr,2.0 / 5
S12642,Lakshmi Rao,male,4/12/2026,27,Mysuru,Commerce,Hackathon,19/03/2026,Campus Desk,Refunded,ATTENDED,No-meal,0,1.5,1
S10954,Ravi Patel,Other,6/5/2026,25,Bengaluru,Mechanical,Hackathon,16/03/2026,Walk-in,Pending,absent ,Vegetarian,100 rupees,3.0 hr,4
S10618,Meena Patel, Male,4/3/2026,26,Coimbatore,Computer Science,Hackathon,3/3/2026,Campus Desk,Paid,Attended,Vegan,0,1.5,5
S10476,Lakshmi Rao,female,5/23/2026,20,Trichy,Commerce,Cultural Fest,12/5/2026,Campus Desk,Pending,Registered,Vegan,INR 500,3.0 hr,4
S10000,Divya Iyer,Other,6/5/2026,17,Chennai,Electronics,Career Fair,8/5/2026,Mobile App,Pending,Attended,Vegetarian,0,1,2
S12452,Naveen Sharma,Other,20-Jul-26,17,Trichy,Commerce,Career Fair,20/06/2026,Email,PENDING,absent ,Vegetarian,300,1,2.0 / 5
S11853,Ravi Patel,male,9/1/2026,22,Bengaluru,Electronics,Cultural Fest,3/7/2026,Mobile App,Refunded,Absent,Vegan,250,6,4
S11101,Harini Iyer,Other,27/07/2026,21,Bengaluru,Arts,workshop,21/07/2026,Walk-in,Pending,ABSENT,No-meal,0,4,2.0 / 5
S11308,Divya Iyer,Other,5/28/2026,18,Salem,Commerce,SEMINAR,2/4/2026,Mobile App,Paid,absent ,No-meal,0,1.5,3
S11489,Karthik Rao,MALE,11/5/2026,26,Trichy,Electronics,Sports Meet,unknown,Mobile App,waive,Registered,No Meal,150,2,1
S10691,Rahul Menon,Other,8/21/2026,17,Pune,Arts,SEMINAR,22/06/2026,Walk-in,Refunded,Attended, nan,500,1,5
S11231,Divya Iyer,Female,1/29/2026,21,Trichy,Electronics,Sports Meet,24/12/2025,Website,Waived,Cancelled,Vegan,200,6,4
S11075,Divya Iyer,female,1/16/2026,21,Madurai,Commerce,Seminar,18/11/2025,Website,Waived,Registered,Non-Vegetarian,300,3,5
S11057,Ajay Nair,Female,9-Jan-26,23,Hyderabad,Civil Engineering,Seminar,3/12/2025,Mobile App,Paid,Registered,Vegetarian,150,2,5
S11646,Suresh Kumar,Other,1/31/2026,23,Trichy,Computer Science,Cultural Fest,9/1/2026,Website,Pending,cancelled,No Meal,750,6,3.0 / 5
S10724,Suresh Kumar,Male,10-Apr-26,23,Chennai,Arts,Workshop,4/3/2026,Email,Pending,cancelled,Vegan,0,2,
S11570,Priya Sharma,Other,18/05/2026,17,,Computer Science,Career Fair,10/5/2026,,pending,Attended,No Meal,250,6,5
S10543,Priya Sharma, Female,10-Jul-26,21,Pune,Civil Engineering,seminar,14/06/2026,Mobile App,paid,Registered,No-meal,150,1,5
S12227,Arun Kumar,Male,7/26/2026,23,Salem,Electronics,Hackathon,14/07/2026,Walk-in,Refunded,Registered,No Meal,500,3,2
S12765,Karthik Rao,Other,1/7/2026,19,Hyderabad,Electronics,Workshop,10/5/2026,,Refunded,absent ,Vegan,750,2.5,5
S11958,Swetha Menon,Female,28-Jul-26,18,Chennai,Mechanical,SEMINAR,4/7/2026,Campus Desk,Waived,Cancelled,Vegan,0,1.5,3
S10637,Vijay Menon,Male,2/17/2026,27,Hyderabad,Computer Science,Career Fair,27/01/2026,Mobile App,Refunded,absent ,Non-Vegetarian,100,1.5,2
S11822,Swetha Menon,MALE,4/5/2026,18,Trichy,Management,Workshop,23/04/2026,Website,Waived,Cancelled,Non-Vegetarian,₹500,1.5 hours,4
S11345,Lakshmi Rao,MALE,2/27/2026,20,Salem,Commerce,Cultural Fest,1/1/2026,Email,Refunded,cancelled,Non-Vegetarian,150 rupees,3.0 hr,5
S12868,Deepa Sharma,Male,8/2/2026,27,Coimbatore,Civil Engineering,Career Fair,24/07/2026,Email,paid,Registered,Vegan,300,6,3
S10256,Rahul Menon, Male,5/26/2026,25,Chennai,Management,Sports Meet ,9/5/2026,Campus Desk,Refunded,Registered,Vegetarian,750 rupees,4.0 hr,2
S12209,Suresh Kumar,Male,3/3/2026,22,Mysuru,Computer Science,Cultural Fest,9/2/2026,Mobile App,Refunded,ABSENT,No-meal,250,3,
S10247,Ajay Nair,Other,21/07/2026,25,Chennai,Management,Hackathon,16/06/2026,Walk-in,Paid,Attended,Non-Vegetarian,0,4,1
S12912,Keerthi Rao, Male,4/28/2026,23,Coimbatore,Civil Engineering,WORKSHOP,26/03/2026,Campus Desk,waive,Attended,Vegetarian,750,2.5,3
S10864,Karthik Rao,MALE,11-Jan-26,23,Salem,Electronics,Hackathon,29/11/2025,Email,Paid,Absent,No-meal,100,1,2
S11158,Naveen Sharma,Other,14/03/2026,27,Coimbatore,Electronics,Seminar,18/01/2026,Mobile App,Refunded,cancelled,Vegan,750,1,1
S11711,Pooja Das,Female,4/9/2026,27,Kochi,Mechanical,Career Fair,11/2/2026,Mobile App,Refunded,Cancelled,Non-Vegetarian,300,4,5
S11716,Vikram Das,Other,8/29/2026,26,Coimbatore,Electronics,Workshop,22/08/2026,Walk-in,PENDING,Cancelled,Vegetarian,750,6,5
S11440,Suresh Kumar,MALE,11/7/2026,25,Coimbatore,Arts,Seminar,7/7/2026,Website,Pending,attended,Vegan,200,1,5
S12605,Pooja Das,Male,3/26/2026,25,Chennai,Management,Cultural Fest,23/02/2026,Email,paid,Registered,No-meal,500,2.5,2
S10001,Manoj Kumar,Female,7/18/2026,19,Madurai, Management,Career Fair,27/05/2026,Mobile App,Refunded,Absent,Vegetarian,500,2,3
S12523,Meena Patel,Female,9/2/2026,26,Madurai,Computer Science,Seminar,14/07/2026,Mobile App,Waived,Cancelled,Vegetarian,250,1.5,
S11035,Karthik Rao,FEMALE,18/01/2026,19,Trichy,Arts,Workshop,13/12/2025,Email,PENDING,Attended,No Meal,750 rupees,1.0 hr,4.0 / 5
S11794,Arun Kumar,Other,1/8/2026,26,Kochi,Computer Science,Workshop,24/06/2026,Email,PAID,attended,Vegetarian,150,4,3
S12682,Ravi Patel,Male,3/26/2026,17,Madurai,Computer Science,Career Fair,13/02/2026,Email,Waived,Cancelled,Non-Vegetarian,500,3,3
S12304,Harini Iyer,Female,1/25/2026,25,Madurai,Civil Engineering,Career Fair,17/01/2026,Mobile App,Pending,Absent,No-meal,150,1,2
S10519,Keerthi Rao,Female,12/7/2026,20,  Trichy  ,Computer Science,Career Fair,14/06/2026,Website,PAID,absent ,Non-Vegetarian,100,1,2
S11260,Ravi Patel,Female,10/5/2026,17,Hyderabad,Electronics,Workshop,26/04/2026,Website,Pending,Attended,Non-Vegetarian,Rs 250,1.5 hours,4
S12502,Vikram Das,Other,12/1/2026,18,Hyderabad,Computer Science,WORKSHOP,18/12/2025,Email,Refunded,attended,No-meal,200,4,1
S12561,Deepa Sharma,Male,4/9/2026,23,Pune,Computer Science,Workshop ,1/3/2026,Website,PENDING,Registered,Vegetarian,INR 500,4.0 hr,4
S12455,Deepa Sharma,Other,13-Aug-26,25,Chennai,Electronics,Sports Meet,16/07/2026,Website,Refunded,Absent,Non-Vegetarian,100,2.5,4.0 / 5
S12659,Ajay Nair,Other,4/30/2026,19,Pune,Electronics,Sports Meet,6/3/2026, Website,Pending,Registered,No-meal,100,1,3
S10039,Manoj Kumar,Male,30-Jun-26,27,Chennai,Mechanical,Sports Meet,30/05/2026,Mobile App,Refunded,Cancelled,Non-Vegetarian,750,2.5,1
S10397,Deepa Sharma,Male,8/9/2026,19,Mysuru,Commerce,Sports Meet,23/07/2026,Email,Paid,Absent,,0,1.5,
S10013,Suresh Kumar, Female,1/28/2026,20,Mysuru,Civil Engineering,Seminar,29/11/2025,Email,paid,Attended,Vegetarian,Rs 150,2.5 hr,4.0 / 5
S11903,Divya Iyer, Female,2-May-26,19,Pune,Mechanical,Seminar,30/04/2026,Walk-in,Pending,ABSENT,No Meal,750,2.5,2.0 / 5
S12176,Deepa Sharma,Male,15-Apr-26,26,Bengaluru,Electronics,Hackathon,19/03/2026,Walk-in,Refunded,Registered,Non-Vegetarian,250 rupees,4.0 hr,4
S12358,Divya Iyer,Other,11/6/2026,24,Salem,Mechanical,Seminar,7/6/2026,Email,pending,Attended,Vegetarian,250,2,3
S10183,Lakshmi Rao,Female,6-Jul-26,18,Bengaluru,Arts,Seminar,18/06/2026,Email,Refunded,attended,   ,0,1.5,5.0 / 5
S12740,Arun Kumar,Other,28-Jan-26,19,Madurai,Civil Engineering,Sports Meet,18/12/2025,Walk-in,Pending,cancelled,Vegan,INR 500,3.0 hr,5.0 / 5
S11214,Meena Patel,female,2/15/2026,21,Bengaluru,Mechanical,Seminar,6/1/2026,Walk-in,Paid,Attended,Vegan,200,6,1.0 / 5
S10146,Rahul Menon,male,4/12/2026,27,Trichy,Civil Engineering,Hackathon,25/02/2026,Website,Paid,absent,Non-Vegetarian,150,4,4.0 / 5
S11957,Vijay Menon,Male,6/8/2026,26,Madurai,,Hackathon,9/5/2026,Campus Desk,PENDING,Attended,Non-Vegetarian,750,4,5
S10468,Priya Sharma,Female,1/22/2026,17,Hyderabad,Mechanical,Hackathon,27/11/2025,Email,Paid,ATTENDED,Vegan,500,2.5,5
S12006,Pooja Das,Female,5/27/2026,21,Chennai,Commerce,Hackathon,27/04/2026,Website,waive,Registered,No Meal,750,2.5,4
S10323,Pooja Das,Female,1/28/2026,25,Coimbatore,Electronics,Cultural Fest,12/12/2025,Campus Desk,Pending,Cancelled,No-meal,₹100,1.5 hours,5
S10953,Vikram Das,Female,25/04/2026,19,Madurai,Commerce,Cultural Fest,26/03/2026,Email,Paid,ABSENT,Vegetarian,0,6,1.0 / 5
S11274,Suresh Kumar,Male,6/8/2026,24,Kochi,Commerce,Workshop,5/8/2026,Campus Desk,Pending,Attended,No Meal,250,2,2
S12261,Vikram Das,Other,8/11/2026,17,Trichy,Arts,Sports Meet,10/8/2026,Walk-in,Paid,cancelled,Non-Vegetarian,750,2,1
S12375,Suresh Kumar,Female,31/07/2026,23,Trichy,Commerce,Career Fair,4/7/2026,Walk-in,Paid,Cancelled,Non-Vegetarian,300,2,4
S10900,Lakshmi Rao,,12/2/2026,25,Kochi,Mechanical,Seminar,10/2/2026,Campus Desk,waive,Absent,Non-Vegetarian,300,6,2
S12156,Priya Sharma,Male,23/02/2026,25,Salem,Electronics,Workshop,31/01/2026,Website,Pending,Registered,Non-Vegetarian,300,3,2
S12822,Suresh Kumar,Other,5/4/2026,22,Trichy,Management,Sports Meet,28/03/2026,Campus Desk,Waived,Attended,No-meal,Not Available,4.0 hr,1
S12575,Priya Sharma,Male,4-Apr-26,21,Pune,Arts,Hackathon,3/4/2026,Email,Pending,Absent,No Meal,150,1.5,3
S10365,Naveen Sharma,Other,18/07/2026,21,Hyderabad,Computer Science,Cultural Fest,29/05/2026,Walk-in,Waived,Attended,No Meal,200,1.5,5
S11777,Priya Sharma,Other,5/15/2026,25,Hyderabad,Management,Cultural Fest,14/04/2026,Email,Pending,ATTENDED,No Meal,300,1,5
S12932,Priya Sharma,Male,20/03/2026,26,Bengaluru,Electronics,Seminar,10/2/2026,Email,Refunded,cancelled,Vegetarian,300,6,5.0 / 5
S12497,Karthik Rao,Female,21-Apr-26,23,Coimbatore,Civil Engineering,Sports Meet,31/03/2026,Email,Paid,Attended,  No Meal  ,0,1.5,3
S12762,Suresh Kumar,Male,3/14/2026,20,Trichy,Commerce,Cultural Fest,21/01/2026,Walk-in,Pending,Cancelled,Vegan,250,3,3
S10159,Ajay Nair,Male,4/5/2026,24,Salem,Electronics,Career Fair,9/2/2026,Campus Desk,Refunded,ATTENDED,Vegan,150,6,3
S10119,Anitha Nair, Male,30-Mar-26,24,Chennai,,Career Fair,12/2/2026,Mobile App,PAID,Attended,No-meal,100,4,2.0 / 5
S11329,Arun Kumar,Female,2/9/2026,21,Madurai,Commerce,Workshop,30/08/2026,Email,Paid,ABSENT,Vegetarian,200,1.5,2
S11240,Suresh Kumar,Female,4/6/2026,19,Mysuru,Electronics,Cultural Fest,15/02/2026,Email,Pending,absent ,Non-Vegetarian,250,2.5,5
S10010,Swetha Menon,Other,1/10/2026,25,Mysuru,Commerce,Sports Meet,3/12/2025,Mobile App,Pending,Attended,Vegan ,200,3,2
S10168,Rahul Menon, Male,8/5/2026,22,Salem,Mechanical,Cultural Fest,17/07/2026,Mobile App,Refunded,absent ,Vegan,₹150,3.0 hours,4
S12161,Vijay Menon,Male,4-May-26,24,Kochi,Computer Science,Workshop,2/5/2026,Website,Pending,Registered,Vegan,150,2.5,2.0 / 5
S12398,Lakshmi Rao,Male,2/22/2026,19,Bengaluru,Electronics,Cultural Fest,2/1/2026,Website,Refunded,Registered,Vegan,150,6,2.0 / 5
S10286,Divya Iyer,Male,7/12/2026,24,Hyderabad,Mechanical,Sports Meet,23/06/2026,Email,waive,Registered,Non-Vegetarian,150,1.5,5
S11271,Vijay Menon,Other,4/19/2026,26,Pune,Commerce,Seminar,15/03/2026,Mobile App,Paid,ABSENT,Non-Vegetarian,0,1,
S12522,Naveen Sharma,Other,19/05/2026,21,Madurai,Civil Engineering,Hackathon,26/03/2026,Mobile App,Waived,Cancelled,Vegan,100,1.5,2
S12807,Ravi Patel,Female,9-Mar-26,27,Trichy,Computer Science,Seminar,13/02/2026,Walk-in,Paid,cancelled,Vegetarian,150,4,5.0 / 5
S10625,Ajay Nair,Female,5/6/2026,20,Chennai,Commerce,Hackathon,11/5/2026,Website,Refunded,Registered,Vegan,0,2,1
S10330,Vikram Das,Other,12-Mar-26,26,Trichy,Computer Science,Workshop,6/2/2026,Email,Waived,Cancelled,Vegan,300,1.5,5.0 / 5
S11070,Divya Iyer,Female,18-Mar-26,25,Pune,Computer Science,  Cultural Fest  ,2/2/2026,Campus Desk,pending,Registered,No-meal,200,2,4
S11404,Priya Sharma,Other,6/7/2026,24,Hyderabad,Civil Engineering,Cultural Fest,10/4/2026,Mobile App,Paid,absent,Non-Vegetarian,0,2.5,4
S11477,Priya Sharma,Male,26-Jan-26,20,Salem,Arts,Hackathon,6/1/2026,Website,Paid,absent ,Non-Vegetarian,100,2,1
S11767,Deepa Sharma,Female,27/03/2026,20,Madurai,Mechanical,Sports Meet,31/01/2026,Mobile App,Refunded,Attended,Vegan,150,6,3
S11094,Naveen Sharma,Male,30-Mar-26,20,Madurai,Commerce,Workshop,3/2/2026,Walk-in,Pending,Absent,Non-Vegetarian,250,1,1
S11618,Manoj Kumar,Other,5/1/2026,21,Trichy,Arts,Cultural Fest,3/1/2026,Website,Pending,cancelled,Non-Vegetarian,INR 200,2.5 hours,5.0 / 5
S10110,Priya Sharma,Female,2/8/2026,21,Chennai,Commerce,Hackathon,13/12/2025,Walk-in,Paid,ATTENDED,No-meal,300,6,4
S10807,Pooja Das,Female,5/28/2026,17,Trichy,Commerce,Cultural Fest,16/04/2026,Website,Pending,Attended,No-meal,300,2.5,2
S12344,Karthik Rao,male,24-Jul-26,27,Salem,Mechanical,Workshop,28/05/2026,Email,Waived,Attended,Vegan,750,2,
S12242,Arun Kumar,Male,6/18/2026,17,Coimbatore,Computer Science,Seminar,24/04/2026,Website,Refunded,absent ,Non-Vegetarian,250,4,1.0 / 5
S10822,Harini Iyer,Other,2/3/2026,24,Chennai,Civil Engineering,Career Fair,23/01/2026,Mobile App,pending,Attended,Vegetarian,100,1.5,5
S11883,Naveen Sharma,Female,4/29/2026,23,Salem,Civil Engineering,workshop,4/3/2026,Walk-in,Pending,Registered,No-meal,Rs 750,3.0 hours,5
S10086,Keerthi Rao,Other,2/23/2026,19,Pune,Electronics,Workshop,8/2/2026,Mobile App,Pending,absent ,No Meal,150,1,3
S10269,Karthik Rao,Male,25/07/2026,25,Bengaluru,  Mechanical  ,Career Fair,3/7/2026,Mobile App,paid,Registered,No-meal,₹0,1.5 hours,4.0 / 5
S12533,Divya Iyer,Female,4/25/2026,21,Kochi,Civil Engineering,Seminar,20/03/2026,Email,Waived,Registered,Vegan,750,1.5,2
S10067,Naveen Sharma,Female,2/2/2026,17,Coimbatore,Computer Science,Sports Meet,21/12/2025,Mobile App,Pending,Absent,Non-Vegetarian,INR 150,1.0 hours,3
S12676,Swetha Menon,Other,5-Aug-26,21,Madurai,Management,Seminar,8/6/2026,Website,Pending,absent ,Vegetarian,Rs 750,2.5 hours,3
S10310,Ajay Nair,Other,14-Mar-26,23,Kochi,Arts,Career Fair,23/01/2026,Campus Desk,PENDING,Registered,Vegetarian,300,4,5
S11861,Priya Sharma,Other,7/15/2026,19,Chennai,Mechanical,Sports Meet,27/06/2026,Campus Desk,Pending,Cancelled,No Meal,750,6,1
S12977,Swetha Menon,Other,30/06/2026,21,Trichy,Computer Science,Seminar,21/06/2026, Campus Desk,waive,Cancelled,No Meal,0,2,3
S10120,Ajay Nair,Female,20-Jun-26,20,Mysuru,Mechanical,Career Fair,14/05/2026,Walk-in,Waived,Attended,Vegetarian,0,1.5,4
S12514,Harini Iyer,Other,24-Apr-26,18,Kochi,Computer Science,Sports Meet,14/03/2026,Mobile App,Pending,cancelled,Vegetarian,100,3,3
S12195,Lakshmi Rao,Other,21/04/2026,26,Hyderabad,Mechanical,Seminar,23/02/2026,Email,Paid,absent ,Vegetarian,150,3,5
S10140,Swetha Menon,Other,8-Jan-26,25,Chennai,Management,Sports Meet,6/1/2026,Email,Paid,attended,No-meal,250,3,3
S11284,Deepa Sharma,MALE,9/1/2026,26,Bengaluru,Arts,Cultural Fest,2/8/2026,Mobile App,Pending,cancelled,Non-Vegetarian,750,4,5
S12961,Anitha Nair, Male,2/1/2026,22,Hyderabad,Computer Science,seminar,13/01/2026,Walk-in,Refunded,attended,Non-Vegetarian,500,1.5,3
S10180,Priya Sharma,Other,3/28/2026,23,Mysuru,Commerce,Hackathon,12/3/2026,Mobile App,Paid,Cancelled,Non-Vegetarian,300,2,1.0 / 5
S12938,Divya Iyer,Male,4/24/2026,23,Pune,Civil Engineering,Workshop,18/04/2026,Campus Desk,waive,ABSENT,No Meal,₹0,4.0 hr,4.0 / 5
S10664,Swetha Menon,Female,9-Jul-26,18,Bengaluru,Arts,Cultural Fest,6/7/2026,Campus Desk,Refunded,Registered,Vegan,0,2.5,5
S12193,Harini Iyer,Male,15-Apr-26,25,Pune, Management,Cultural Fest,12/4/2026,,Refunded,Absent,No Meal,300,1.5,1
S10132,Deepa Sharma,Other,20-Apr-26,21,Trichy,Civil Engineering,Career Fair,31/03/2026,Mobile App,waive,Registered,Non-Vegetarian,0,3,5
S12779,Naveen Sharma,FEMALE,9/2/2026,27,Kochi,Commerce,Career Fair,29/07/2026,Mobile App,pending,Cancelled,Vegetarian,750,2,5
S10942,Pooja Das,male,7/15/2026,17,Madurai,Arts,Workshop,22/05/2026,Website,waive,Absent,No Meal,Rs 300,6.0 hours,4
S10442,Karthik Rao,Female,6-Aug-26,25,Bengaluru,Commerce,Hackathon,13/07/2026,Walk-in,pending,cancelled,Vegetarian,₹200,2.5 hours,4
S11589,Manoj Kumar,Male,17-Mar-26,26,Hyderabad,Commerce,Cultural Fest,5/3/2026,Website,Paid,absent ,Non-Vegetarian,₹200,3.0 hr,1
S12241,Divya Iyer,Female,29/01/2026,20,Kochi,Civil Engineering,Cultural Fest,7/1/2026,Mobile App,Paid,Registered,Vegan,500,6,3
S12817,Meena Patel,Other,12-Aug-26,18,Coimbatore,Civil Engineering,workshop,8/7/2026,Website,Refunded,Attended,Vegetarian,₹500,3.0 hours,
S10921,Harini Iyer,Other,18-Aug-26,24,Chennai,Electronics,Sports Meet,2/8/2026,Website,Pending,Registered,Non-Vegetarian,INR 150,1.0 hr,5.0 / 5
S11336,Anitha Nair,Female,2/3/2026,20,Pune,Computer Science,Workshop,25/12/2025,Walk-in,Waived,Absent,Vegetarian,INR 300,2.0 hours,3
S11374,Harini Iyer,Male,12/4/2026,21,Kochi,Electronics,Career Fair,1/3/2026,Website,Waived,attended,  Vegetarian  ,INR 150,6.0 hr,5.0 / 5
S11316,Ajay Nair,Male,2-Apr-26,21,Pune,Mechanical,Workshop,9/3/2026,Campus Desk,waive,Cancelled,Vegetarian,INR 150,2.5 hr,1
S11426,Pooja Das,Other,3/31/2026,22,Chennai,Arts, Seminar,19/02/2026,Website,Pending,Cancelled,Vegetarian,150,3,5.0 / 5
S10955,Pooja Das,male,7/5/2026,24,Madurai,Civil Engineering,Career Fair ,22/04/2026,Email,Refunded,absent,Non-Vegetarian,150,1,2
S12625,Priya Sharma,Male,28-Feb-26,21,Salem,Management,Career Fair,16/01/2026,Website,Paid,cancelled,Vegetarian,0,4,2
S12201,Priya Sharma,Other,9/1/2026,21,Bengaluru,Arts,Sports Meet,24/07/2026,Email,Pending,cancelled,No Meal,750,2.5,2.0 / 5
S11835,Divya Iyer,Other,2-Jul-26,19,Madurai,Electronics,Workshop,21/06/2026,Walk-in,Waived,Registered,Non-Vegetarian,0,2,5
S11050,Lakshmi Rao,Male,10-Feb-26,17,Coimbatore,Civil Engineering,Seminar,10/1/2026,Walk-in,Paid,Registered,Vegetarian,₹500,1.0 hr,3.0 / 5
S11708,Lakshmi Rao,Male,12-May-26,22,Bengaluru,Electronics,Sports Meet,23/04/2026,Campus Desk,Waived,Attended,Non-Vegetarian,500,1,1
S11033,Rahul Menon,Other,4/3/2026,25,Salem,Commerce,Seminar,1/4/2026,Email,pending,Registered,No-meal,150,6,4.0 / 5
S11797,Ravi Patel,Male,3/21/2026,25,Chennai,Management,Sports Meet,6/2/2026,Website,Refunded,cancelled,Vegetarian,750,3,2
S11416,Lakshmi Rao,FEMALE,7/5/2026,21,Bengaluru,Mechanical,SEMINAR,10/6/2026,Walk-in,Refunded,absent,,300,1.5,1.0 / 5
S11183,Naveen Sharma,Other,20/04/2026,23, Trichy,Arts,Hackathon,8/3/2026,Campus Desk,Refunded,ABSENT,,200,2,3
S10725,Ajay Nair,Other,4-May-26,19,Pune,Management,Hackathon,30/03/2026,Mobile App,Waived,Absent,Non-Vegetarian,0,2.5,5
S11731,Arun Kumar, Female,7-Mar-26,23,Pune,Commerce,Workshop,6/2/2026,Campus Desk,Pending,Absent,Non-Vegetarian,250,1,5
S11609,Harini Iyer,Female,5/22/2026,27,Salem,Management,Workshop,15/04/2026,Mobile App,Refunded,Attended,Non-Vegetarian,100 rupees,4.0 hr,4
S12389,Suresh Kumar,Other,2-Feb-26,21,Pune,Management,Sports Meet,20/01/2026,Website,Refunded,absent ,Non-Vegetarian,INR 500,6.0 hr,
S12286,Suresh Kumar,Other,7-Jul-26,22,Chennai,Mechanical,Cultural Fest,30/06/2026,Website,Refunded,Cancelled,Vegan,100,4,3
S12516,Manoj Kumar,Female,5/9/2026,19,Coimbatore,Mechanical,Seminar,7/4/2026,Website,pending,Absent,No Meal,INR 300,1.0 hr,2
S12567,Arun Kumar,,6-Jun-26,21,Hyderabad,Management,workshop,17/04/2026,Email,Paid,Attended,Non-Vegetarian,200,6,2
S12204,Swetha Menon,Male,14/01/2026,23,Kochi,Civil Engineering,Seminar,7/1/2026,Walk-in,Refunded,Registered,Non-Vegetarian,300,2.5,4.0 / 5
S10232,Keerthi Rao,Male,3/30/2026,17,Mysuru,Civil Engineering,Cultural Fest,12/3/2026,Website,Refunded,Absent,Non-Vegetarian,200,3,4
S12662,Deepa Sharma,MALE,11/7/2026,21,Chennai,Electronics,Workshop,21/06/2026,Campus Desk,PAID,Absent,No Meal,250 rupees,1.0 hr,3.0 / 5
S12222,Swetha Menon,Female,5/9/2026,23,Mysuru,Management,Sports Meet,13/04/2026,Mobile App,Refunded,Registered,Non-Vegetarian,0,2,1
S10053,Naveen Sharma,Female,29/04/2026,24,Salem ,Civil Engineering,Hackathon,25/03/2026,Walk-in,waive,Cancelled,,₹300,2.0 hours,5.0 / 5
S12205,Swetha Menon,Other,28-Mar-26,27,Chennai,Mechanical,Sports Meet,12/3/2026,Mobile App,Pending,absent ,Non-Vegetarian,100,2,1
S12853,Anitha Nair,Male,8/11/2026,24,Chennai,Commerce,Workshop,5/7/2026,Website,Paid,attended,No-meal,100,4,2
S12330,Pooja Das,Male,23-Jun-26,19,Mysuru ,Commerce,Sports Meet,24/04/2026,Campus Desk,Pending,cancelled,No-meal,500,2,3
S11200,Harini Iyer,Male,3/9/2026,20,Kochi,Electronics,Sports Meet,27/01/2026,Campus Desk,Pending,Registered,No Meal,750,3,1
S12511,Swetha Menon,Other,24-Jun-26,25,Trichy,Mechanical,Cultural Fest,27/05/2026,Campus Desk,Refunded,Attended,Vegetarian,300,1.5,3
S11428,Karthik Rao,Other,31/02/2026,20,Pune,Computer Science,Sports Meet,8/6/2026,Mobile App,paid,ATTENDED,Non-Vegetarian,300,4,4
S12698,Arun Kumar,Other,8/13/2026,21,Chennai,Arts,Seminar,26/06/2026,Walk-in,waive,Absent,No Meal,150,1,1
S11042,Priya Sharma,Male,1/8/2026,-5,Chennai,Computer Science,SEMINAR,25/06/2026,Walk-in,pending,Cancelled,Vegetarian,300,1,4.0 / 5
S12273,Keerthi Rao,Other,8/27/2026,25,Hyderabad,Commerce,Seminar,20/08/2026,Mobile App,Refunded,absent ,Vegan ,INR 0,6.0 hours,2.0 / 5
S10210,Karthik Rao,Female,13-Jan-26,17,Salem,Computer Science,Sports Meet,14/12/2025,Mobile App,Pending,Attended,,300,4,2.0 / 5
S10544,Swetha Menon,Male,7/2/2026,26,Kochi,Computer Science,Cultural Fest,17/01/2026,Walk-in,PENDING,absent ,Vegetarian,0,6,3
S10528,Harini Iyer,Female,5-Aug-26,21,Kochi,Arts,Career Fair,8/7/2026,Campus Desk,pending,cancelled,Non-Vegetarian,250,3,5
S12841,Priya Sharma,Other,2/6/2026,21,Mysuru,Mechanical,Sports Meet,4/4/2026,Mobile App,Paid,Registered,Vegan,100,1.5,2
S12289,Manoj Kumar, Female,,22,Hyderabad ,Civil Engineering,Sports Meet,28/02/2026,Campus Desk,Waived,Absent,Vegetarian,100,4,5
S11303,Karthik Rao,Male,1/20/2026,20,Bengaluru,Management,Career Fair,6/12/2025,Website,Paid,Registered,Non-Vegetarian,100,3,4
S10258,Deepa Sharma,Other,18/07/2026,20,Trichy,Civil Engineering,Career Fair,16/06/2026,Email,Waived,Attended,Non-Vegetarian,100,2,3
S12963,Pooja Das,Other,8/21/2026,24,Mysuru,Management,Sports Meet,21/07/2026,Walk-in,Waived,Registered,Non-Vegetarian,0,4,2
S10595,Lakshmi Rao,Male,7/9/2026,19,Chennai,Civil Engineering,Hackathon,16/06/2026,Email,Pending,cancelled,No-meal,100,2,4
S11192,Karthik Rao,Male,8/20/2026,18,Trichy,Commerce,Hackathon,1/8/2026,Mobile App,Paid,Cancelled,No Meal,750,2,2.0 / 5
S11204,Suresh Kumar,Other,20-Mar-26,21,Trichy,Commerce,Career Fair,1/3/2026,Mobile App,Paid,Registered,Non-Vegetarian,₹750,6.0 hr,
S11892,Pooja Das,Male,8/1/2026,25,Chennai,Mechanical,Hackathon,22/06/2026,Mobile App,Paid,Registered,Non-Vegetarian,Rs 750,1.0 hr,2
S10730,Harini Iyer,Male,5/10/2026,26,Pune,Civil Engineering,Hackathon,28/03/2026,Campus Desk,Refunded,Attended,Vegan,0,1.5,5
S12970,Karthik Rao,Other,13-Jul-26,20,Madurai,Civil Engineering,Cultural Fest,5/6/2026,Walk-in,waive,Absent,No-meal,750,1,3
S10166,Suresh Kumar,female,18-Jul-26,27,Coimbatore,Civil Engineering,Career Fair,25/05/2026,Mobile App,Pending,Absent,Non-Vegetarian,500,2.5,2
S10844,Vijay Menon,Other,7/7/2026,17,Bengaluru,Management,Workshop,1/7/2026,Mobile App,paid,Registered,Vegetarian,500,6,2
S12215,Priya Sharma,female,14-Feb-26,25,Mysuru,Mechanical,Career Fair,15/01/2026,Email,Refunded,Registered,Vegan,0,6,5
S12198,Swetha Menon,Female,2/8/2026,21,Hyderabad,Arts, Sports Meet,25/12/2025,Walk-in,Refunded,Absent,Vegan,300,1.5,5
S10163,Pooja Das,male,22/07/2026,22,Trichy,Civil Engineering,Career Fair,17/06/2026,Campus Desk,Paid,Attended,Vegan,Rs 0,6.0 hours,4.0 / 5
S12952,Suresh Kumar,Female,23-Jun-26,18,Bengaluru,Management,seminar,14/06/2026,Website,Paid,Attended,Non-Vegetarian,300,1.5,
S10515,Vikram Das,Other,3/2/2026,18,Bengaluru,Commerce,Workshop,4/1/2026,Website,Waived,Registered,Vegetarian,150,4,2
S11403,Karthik Rao,Other,2-Apr-26,23,Kochi,Computer Science,Cultural Fest,22/03/2026,Walk-in,waive,Absent,Vegetarian,200,1.5,1
S11768,Naveen Sharma,Male,5-Mar-26,22,Mysuru,Mechanical,Seminar,15/02/2026,Mobile App,Pending,Attended,No-meal,200,4,2
S12152,Naveen Sharma,Male,3/12/2026,27,Bengaluru,Management,Career Fair,5/3/2026,Mobile App,paid,Attended,Vegan,100,1,5
S11056,Rahul Menon,Other,5/3/2026,20,Madurai,Computer Science,Sports Meet,18/03/2026,Email,Paid,Registered,Vegetarian,300,1,1
S12162,Lakshmi Rao,Male,20-Jan-26,20,Madurai,Management,workshop,9/12/2025,Website,Pending,Registered,Vegan,Rs 250,1.5 hr,
S11292,Priya Sharma,FEMALE,1/12/2026,19,Bengaluru,Arts,Seminar,6/1/2026,Campus Desk,Pending,Cancelled,Vegetarian,200,1.5,5
S11641,Anitha Nair,Female,11/7/2026,25,Hyderabad,Commerce,Seminar,8/7/2026,Website,Refunded,cancelled,Vegan,500,6,3
S12038,Priya Sharma,Other,6/12/2026,17,Mysuru,Electronics ,Career Fair,3/5/2026,Website,waive,Registered,No-meal,100,4,3
S11401,Vijay Menon,Other,1/19/2026,20,Madurai,Management,Seminar,20/11/2025,Walk-in,Refunded,Registered,Non-Vegetarian,750,2,3
S12767,Naveen Sharma,Female,7/11/2026,21,Mysuru,Commerce,Cultural Fest,14/06/2026,Email,Pending,Absent,Vegetarian,100,1,2
S11724,Vijay Menon,Male,3/4/2026,19,Chennai,Civil Engineering,Cultural Fest,12/2/2026,Campus Desk,Paid,Cancelled,Vegetarian,300,6,1
S10388,Priya Sharma,Female,18/02/2026,27,,Electronics,Hackathon,26/12/2025,Mobile App ,Pending,ABSENT,  Non-Vegetarian  ,150,1.5,2.0 / 5
S12545,Karthik Rao,Male,6/1/2026,21,Hyderabad,Management,Career Fair,26/05/2026,Email,pending,Cancelled,Vegan,250,3,5
S10164,Lakshmi Rao,Other,27/02/2026,26,Chennai,Electronics,Cultural Fest,6/1/2026,Website,Refunded,Attended,Non-Vegetarian,300,6,5
S12481,Deepa Sharma,Other,13-Aug-26,26,Mysuru,Computer Science,Sports Meet,23/07/2026,Email,Pending,Absent,Vegetarian,100,1,4
S10772,Keerthi Rao,,7/26/2026,24,Chennai,Electronics,Sports Meet,21/06/2026,Campus Desk,Refunded,Attended,Vegan,250,3,3
S10007,Keerthi Rao,MALE,3/21/2026,19,Hyderabad,Civil Engineering,Sports Meet,21/02/2026, Website,waive,absent,Vegetarian ,750,1,3
S10598,Karthik Rao,Female,5/12/2026,24,Trichy,Commerce,Career Fair,5/5/2026,Website,Pending,cancelled,Vegetarian,300,1.5,3
S11048, Karthik Rao,Other,4/4/2026,23,,Electronics,Sports Meet,16/02/2026,Mobile App,Paid,Registered,Vegan,100,6,1
S12022,Ajay Nair,Female,22-Jun-26,22,Chennai,Commerce,Seminar,25/05/2026,Mobile App,Refunded,absent ,No Meal,500,6,3
S12309,Manoj Kumar,Female,18/03/2026,26,Chennai,Civil Engineering,Cultural Fest,22/01/2026,Mobile App,Refunded,Absent,Non-Vegetarian,250,6,5
S12758,Pooja Das,Male,27-Jun-26,17,Salem,Arts,SEMINAR,30/04/2026,Mobile App,waive,cancelled,Vegetarian,300,3,4
S11304,Priya Sharma,Other,7/15/2026,26,Chennai,Electronics,seminar,8/7/2026,Website,Pending,Attended,No-meal,750,6,5
S12020,Lakshmi Rao,Other,6-Jan-26,26,Trichy,Civil Engineering, Workshop,14/11/2025,Email,Pending,Registered,No Meal,500,3,3
S10635,Keerthi Rao,Other,3/2/2026,17,Trichy,Arts,Cultural Fest,22/02/2026,Website,Paid,Registered,Vegetarian,Rs 0,3.0 hr,3
S10695, Ravi Patel,female,7/22/2026,24,Bengaluru,Commerce,Seminar,26/05/2026,Website,Waived,cancelled, Non-Vegetarian,750 rupees,3.0 hours,4
S10721,Pooja Das,Male,12/4/2026,21,Bengaluru,Mechanical,Career Fair,25/02/2026,Mobile App,Pending,Absent,Vegetarian,150,2,2
S12650,Harini Iyer,Female,5-Jan-26,18,Chennai,Management,Workshop,16/11/2025,Website,waive,Registered,Vegan,0,1.5,4
S10989,Swetha Menon,female,1/23/2026,20,Kochi,Arts,Cultural Fest,2/1/2026,Website,Refunded,Registered,,₹100,1.5 hours,2.0 / 5
S11095,Pooja Das,Other,11/3/2026,27,Mysuru,Electronics,Sports Meet,22/02/2026,Email,Waived,Registered,Vegan,300,2,3
S10919,Vikram Das, Female,5/4/2026,19,Chennai,Mechanical,Workshop,6/3/2026,Walk-in,Refunded,attended,Non-Vegetarian,750,1,1
S12211,Suresh Kumar,Other,5/14/2026,21,Madurai,Mechanical,Career Fair,2/5/2026,Email,Pending,absent ,Vegan,750,2.5,2
S12044,Keerthi Rao,Other,2/21/2026,22,Coimbatore,Electronics,Cultural Fest,27/12/2025,Campus Desk,waive,Attended,Vegan,300 rupees,4.0 hr,4
S12694,Deepa Sharma,Other,31-Jul-26,22,Hyderabad,Computer Science,Cultural Fest,14/06/2026,Mobile App,Paid,Absent,Vegetarian,100,1.5,2.0 / 5
S11281,Anitha Nair,Male,2/4/2026,26,Hyderabad,Electronics,Sports Meet,20/01/2026,Walk-in,Refunded,Attended,  Non-Vegetarian  ,INR 500,2.0 hours,3
S12252, Pooja Das,Male,6/16/2026,27,Mysuru,Mechanical,Career Fair,9/5/2026,Mobile App,Pending,Attended,Vegan,150,3,3
S10671,Ajay Nair,Female,2/21/2026,23,Chennai,Commerce,Cultural Fest,9/1/2026,Website,Pending,Registered,No Meal,INR 0,4.0 hours,3.0 / 5
S10596,Deepa Sharma,Other,25/01/2026,27,Kochi,Arts,Cultural Fest,29/11/2025,Walk-in,pending,Registered,No-meal,INR 100,4.0 hours,2.0 / 5
S12213,Lakshmi Rao,Other,8/6/2026,23,Coimbatore,Civil Engineering,Workshop,7/6/2026,,PENDING,Registered,Vegetarian,300,3,1.0 / 5
S12745,Harini Iyer,Other,3-Jul-26,18,Chennai,Mechanical,Career Fair,26/05/2026,Walk-in,waive,Cancelled,No-meal,100,2,2
S10299,Vijay Menon,Male,7/20/2026,19,Pune,Mechanical,Sports Meet,14/06/2026,Website,Refunded,Registered,No Meal,250,2,4
S10273,Vijay Menon,Other,5/28/2026,25,Madurai,Commerce,Cultural Fest,23/05/2026,Walk-in,pending,cancelled,Vegetarian,250,2,1
S12525,Pooja Das,Other,7/6/2026,25,,Computer Science,Hackathon,28/05/2026,Website,Refunded,absent,Vegan,200 rupees,3.0 hours,1
S11681,Ravi Patel,Other,14-Jun-26,22,Kochi,Electronics,  Career Fair  ,21/04/2026,Website,Paid,Cancelled,Vegan,500,6,2
S10107,Lakshmi Rao,Male,5/3/2026,22,Mysuru,Management,Workshop,19/04/2026,Mobile App,Refunded,Cancelled,No Meal,150,2,3
S12384,Meena Patel,Male,7-Mar-26,17,Salem ,Commerce,Career Fair,1/2/2026,Email,PAID,Absent,Vegetarian,300 rupees,2.5 hr,2.0 / 5
S12073,Karthik Rao,Male,2/2/2026,24,Bengaluru,Arts,Cultural Fest,14/01/2026,Walk-in,waive,Registered,No Meal,200,6,2
S12802,Ravi Patel,Male,2/11/2026,21,Salem,Management,workshop,23/01/2026,Email,PENDING,ABSENT,No-meal,100,4,4
S10238,Harini Iyer,Other,4/2/2026,24,Trichy,Electronics,Sports Meet,14/03/2026,Email,Pending,ABSENT,No-meal,₹150,1.5 hours,4
S10235,Swetha Menon,Other,25-May-26,22,Mysuru,Computer Science,Workshop,21/04/2026,Website,Waived,ABSENT,Vegan,100,1,2
S10103,Keerthi Rao,Male,4-May-26,25,Kochi,Civil Engineering,Cultural Fest,21/03/2026,Mobile App,Waived,attended,No-meal,300,1.5,5
S10274,Pooja Das,Female,8-May-26,21,Kochi,Commerce,Sports Meet,30/04/2026,Walk-in,Refunded,Cancelled,Vegetarian,100,2.5,2
S12027,Rahul Menon,Female,26-Mar-26,17,Pune,Management,workshop,19/03/2026,Mobile App,Pending,Absent,Vegetarian,150,2.5,3
S12713,Manoj Kumar,Female,6/5/2026,18,Salem,Computer Science,Hackathon,26/05/2026,Email,Refunded,Cancelled,No-meal,100,4,1
S12974,Pooja Das,Female,18-Jun-26,27,Salem,Electronics,Career Fair,8/5/2026,Mobile App,Refunded,Registered,Non-Vegetarian,100,4,5
S11519,Lakshmi Rao,Female,4/14/2026,23,Pune,Arts,Seminar,23/03/2026,Website,Refunded,Attended,,750,1.5,2
S10430,Lakshmi Rao,Other,10/1/2026,25,Madurai,Commerce,WORKSHOP,8/1/2026,Mobile App,Refunded,Cancelled,Non-Vegetarian,200,1,4
S12059,Meena Patel,Other,12/2/2026,23,Hyderabad,Management,Seminar,27/12/2025,Email,Waived,Cancelled,Vegan,250,2,1
S10763,Arun Kumar, Male,26/06/2026,18,,Commerce ,Sports Meet,6/6/2026,Mobile App,Pending,Attended,  No Meal  ,750,2,5
S12165,Arun Kumar,Female,31-Jan-26,23,Coimbatore,Arts,Seminar,1/1/2026,Email,Pending,cancelled,No-meal,250,4,1
S12305,Keerthi Rao,Other,7/5/2026,18,Kochi,Management,Seminar,28/06/2026,Campus Desk,waive,Registered,Vegetarian,INR 150,3.0 hours,1.0 / 5
S12782,Rahul Menon,Female,7/17/2026,23,Salem,Arts,Career Fair,4/7/2026,Website,Paid,Registered,Vegetarian,750,1.5,5
S12941,Vijay Menon,Female,3/20/2026,24,Kochi,Civil Engineering,Sports Meet,15/03/2026,Campus Desk,Paid,Registered,No Meal,500 rupees,2.0 hr,5
S11995,Karthik Rao,Other,13-Jun-26,27,Bengaluru,Commerce,workshop,7/5/2026,Mobile App,Paid,Registered,No Meal,100,3,1
S10156,Vikram Das,Male,22/01/2026,17,Salem,Electronics,Cultural Fest,2/1/2026,Website,Refunded,absent ,Vegan,100,1,3.0 / 5
S11874,Karthik Rao,MALE,4/18/2026,18,Kochi,Management,Career Fair,30/03/2026,Mobile App,Paid,Absent,Vegetarian,300,6,2
S12080,Divya Iyer,Other,5/7/2026,25,Trichy,Mechanical,Workshop,15/06/2026,Walk-in,Paid,Attended,Vegan,0,6,3
S12871,Arun Kumar,Other,3/2/2026,17,Kochi,Electronics,Hackathon,10/2/2026,Mobile App,Refunded,attended,Vegan,200,2.5,1
S12592,Naveen Sharma,male,5/5/2026,26,Kochi,Management,workshop,11/4/2026,Website,Refunded,Absent,Non-Vegetarian,0,2,3
S12688,Priya Sharma,Female,4/29/2026,17,Coimbatore,Mechanical,Career Fair,9/3/2026,Mobile App,Paid,cancelled,Vegetarian,250,1.5,2
S10765,Meena Patel,Female,3/4/2026,21,Trichy,Mechanical,Career Fair,3/1/2026,Campus Desk,Refunded,cancelled,Vegan,₹750,6.0 hr,
S10847,Vikram Das,Male,17-Jul-26,18,Kochi,Civil Engineering,Hackathon,6/7/2026,Mobile App,PAID,Absent,Vegan,0,1,4
S10649,Priya Sharma, Male,30/06/2026,17,Bengaluru,Electronics,Workshop,8/6/2026,Walk-in,Paid,cancelled,No Meal,100,4,5
S11594,Swetha Menon,FEMALE,3/28/2026,18,Hyderabad,Computer Science,Hackathon,21/03/2026,Email,Paid,Attended,,750,4,3.0 / 5
S12847,Manoj Kumar,Female,21/06/2026,19,Pune,Commerce,  Seminar  ,21/05/2026,Mobile App,PENDING,absent,Vegan,INR 150,2.0 hours,1
S11266,Harini Iyer,Female,13/08/2026,20,Coimbatore,Electronics,Hackathon,18/06/2026,Website,waive,Attended,Non-Vegetarian,100,3,1
S12889,Priya Sharma,Other,5-Jan-26,20,Salem,Arts,Cultural Fest,22/11/2025,Website,Paid,Attended,Vegan,0,4,5.0 / 5
S11693,Karthik Rao,Other,4/20/2026,17,Salem,Civil Engineering,Hackathon,15/03/2026,Walk-in,pending,Cancelled,No-meal,250,2.5,1
S10837,Divya Iyer,MALE,7-May-26,17,Coimbatore,Computer Science,Cultural Fest,26/04/2026,Mobile App,Refunded,Cancelled,No Meal,300,2.5,5
S10014,Meena Patel,,2/13/2026,21,Kochi,Commerce,Workshop,31/01/2026,Email,Waived,Cancelled,No Meal,200 rupees,1.0 hours,5
S12837,Vijay Menon,Other,10/3/2026,20,Coimbatore,Computer Science,Cultural Fest,30/01/2026,Mobile App,Refunded,absent,No Meal,250,6,4.0 / 5
S10462,Keerthi Rao,Other,7/9/2026,25,Pune,Mechanical,Career Fair,11/6/2026,,waive,Registered,Vegan,100,4,1
S11987,Ravi Patel,Male,16-Jul-26,26,Coimbatore,Civil Engineering,Hackathon,21/06/2026,Campus Desk,waive,Cancelled,No-meal,100,3,
S10294,Keerthi Rao,Male,3/10/2026,27,Madurai,Commerce,Cultural Fest,7/2/2026,Walk-in,PENDING,Attended,Vegetarian,250,1.5,3
S12971,Swetha Menon,Male,not available,24,Chennai,Management,Sports Meet,28/06/2026,Walk-in,Refunded,Attended,Vegetarian,250,4,3
S11055,Meena Patel,Male,1-Feb-26,26,Kochi,Computer Science,Sports Meet,22/01/2026,Campus Desk,PAID,Absent,No Meal,0,6,1.0 / 5
S10019,Keerthi Rao, Male,1/5/2026,19,Mysuru,Civil Engineering,Hackathon,14/12/2025,Website,Refunded,absent,Vegetarian,250,1.5,4
S11548,Manoj Kumar,Male,6/13/2026,18,Pune,Electronics,Cultural Fest,20/05/2026,Website,pending,Registered,Vegan,200,2,1
S12479,Naveen Sharma,Female,1/31/2026,22,Madurai,Computer Science,Hackathon,20/12/2025,Campus Desk,pending,Registered,Non-Vegetarian,INR 100,3.0 hr,1
S10769,Naveen Sharma,Other,8/18/2026,18,Hyderabad,Electronics,Sports Meet,1/7/2026,Walk-in ,Paid,Cancelled,Non-Vegetarian,300,6,4.0 / 5
S11868,Karthik Rao, Male,5/27/2026,22,Mysuru,Arts,Sports Meet,13/04/2026,Website,Pending,Absent,Non-Vegetarian,₹200,2.0 hours,3
S12717,Naveen Sharma,Other,24-Mar-26,17,Kochi,Civil Engineering,Cultural Fest,11/3/2026,Website,Waived,Attended,Non-Vegetarian,750,2.5,5
S10710,Vikram Das,Other,1/9/2026,25,Hyderabad,Civil Engineering,Hackathon,15/08/2026,Campus Desk,Waived,absent ,No-meal,200,1,5
S12798,Deepa Sharma,Other,6/22/2026,17,Pune,Commerce,Workshop,22/05/2026,Website,Pending,Registered,Non-Vegetarian,100,2,1
S11560,Karthik Rao,Other,4-Apr-26,27,Hyderabad,Mechanical,Seminar,15/02/2026,Walk-in,Refunded,Registered,Vegetarian,750,6,4
S10986,Divya Iyer,Other,4/6/2026,23,Salem,Mechanical,Hackathon,26/05/2026,Email,Refunded,cancelled,Vegetarian,Rs 200,1.5 hours,2
S12036,Arun Kumar,Other,2/22/2026,24,Hyderabad,Arts,Hackathon,14/02/2026,Email,Pending,Attended,Vegetarian,200,6,4
S12860,Vikram Das,Male,8/14/2026,20,Kochi,Arts,Seminar,15/07/2026,Walk-in,waive,absent ,No Meal,150,4,3
S12877,Vikram Das,female,4/8/2026,25,,Civil Engineering,Workshop,20/02/2026,Walk-in,Paid,Registered,Vegetarian,750,3,3
S11553,Keerthi Rao,Female,6/23/2026,19,Kochi,Computer Science,Workshop,10/6/2026,Email,Refunded,Absent,Non-Vegetarian,500,1,4
S11901,Priya Sharma,Male,7/7/2026,20,Mysuru,Computer Science,Cultural Fest,3/7/2026,Mobile App,Paid,Attended,Non-Vegetarian,200,3,5
S11492,Arun Kumar,female,5/5/2026,19,Madurai,Commerce,Workshop,21/03/2026,Email,pending,cancelled,Vegetarian,0,1,3
S10876,Vijay Menon,Male,1/25/2026,23,Pune,Management,Sports Meet,3/12/2025,Campus Desk,pending,Registered,No-meal,100,3,5
S10413,Ajay Nair,Male,11/6/2026,22,Salem,Arts,Seminar,28/04/2026,Email,waive,cancelled,No-meal,Rs 250,2.0 hours,1.0 / 5
S10320,Swetha Menon,Male,1/13/2026,17,Coimbatore,Commerce,Cultural Fest,17/12/2025,Mobile App,Pending,Registered,Non-Vegetarian,250,2.5,2.0 / 5
S12125,Ajay Nair,Male,24/07/2026,24,Pune,Management,workshop,1/7/2026,Campus Desk,Waived,Cancelled,Non-Vegetarian,500,3,4.0 / 5
S10190,Lakshmi Rao,Other,2/9/2026,20,Mysuru,Arts,Cultural Fest,13/01/2026,Website,paid,ABSENT,No Meal,200,4,5.0 / 5
S10688,Divya Iyer,Other,3/3/2026,19,Pune,Mechanical,Hackathon,5/1/2026,Walk-in,waive,absent ,No Meal,INR 250,2.0 hours,5.0 / 5
S12140,Ajay Nair,Other,8/17/2026,22,Trichy,Commerce,Career Fair,16/07/2026,Website,Pending,ATTENDED,Vegan,300,3,2
S11487,Deepa Sharma,Female,12/6/2026,23,,Commerce,Hackathon,14/04/2026,Mobile App,Waived,Registered,Vegetarian,Rs 500,2.0 hours,1
S10095,Rahul Menon,Male,31/08/2026,25,Mysuru,Electronics,Workshop,11/8/2026,Website,Pending,Attended,Vegan,500,6,5
S10331,Ajay Nair,Male,5/4/2026,18,Coimbatore,Mechanical,Sports Meet,24/03/2026,Mobile App,Paid,Attended,Vegetarian,200,6,5.0 / 5
S12037,Ravi Patel,Male,20/08/2026,25,Mysuru,Arts,Career Fair,17/08/2026,Campus Desk,Waived,absent ,Vegan,300,4,5
S11562,Keerthi Rao,Female,15/02/2026,21,Madurai,Electronics,Seminar,17/12/2025,Website,Paid,Absent,Non-Vegetarian,150,4,4
S10384,Naveen Sharma,Other,4/3/2026,24,Pune,Arts,Hackathon,5/3/2026,  Walk-in  ,paid,Attended,Vegan,100,2.5,5
S12456,Ravi Patel,Male,9/1/2026,26,Pune,Commerce,Career Fair,9/8/2026,Email,Refunded,Cancelled,Vegan,300,2.5,2
S10890,Meena Patel,female,7-May-26,18,Kochi,Management,Sports Meet,4/4/2026,Mobile App,PENDING,Registered,Vegetarian,150,1.5,4.0 / 5
S10446,Priya Sharma,Male,2-Apr-26,19,Bengaluru,Management,Cultural Fest,2/2/2026,Walk-in,Refunded,Cancelled,Vegan,200,1.5,1
S11151,Karthik Rao,Other,not available,20,Hyderabad,Mechanical,Cultural Fest,19/02/2026,Website,Waived,Registered,Non-Vegetarian,0,6,2
S11522,Meena Patel,Other,7/20/2026,21,Madurai,Mechanical,Career Fair,17/07/2026,Mobile App,Pending,absent ,Vegetarian,INR 100,2.5 hr,2.0 / 5
S12321,Priya Sharma,Male,11-Mar-26,24,Chennai,Arts,Workshop,13/02/2026,Website,Refunded,Registered,Vegan,200,4,3
S12263,Karthik Rao,Female,26-Feb-26,17,Hyderabad,Electronics,Cultural Fest,9/1/2026,Email,Refunded,Registered,Vegan,100 rupees,2.0 hr,4
S11827,Meena Patel,Male,not available,22,Bengaluru,Commerce,Workshop,9/6/2026,Website,Pending,cancelled,Non-Vegetarian,250,3,
S10845,Harini Iyer, Male,5/5/2026,27,Pune,Arts,Career Fair,16/04/2026,Email,Pending,Cancelled,Non-Vegetarian,0 rupees,2.5 hr,2
S11740,Divya Iyer,MALE,23/05/2026,27,Coimbatore,Arts,Sports Meet,26/03/2026,Mobile App,pending,Attended,No Meal,₹150,2.0 hours,2.0 / 5
S10338,Naveen Sharma,Male,2/25/2026,21,Mysuru,Computer Science,Workshop,12/2/2026,Website,waive,Registered,Vegan,INR 250,3.0 hr,3
S11971,Arun Kumar, Female,4/12/2026,17,Salem,Computer Science,Sports Meet,15/03/2026,Walk-in,Waived,Cancelled,Vegan,250,3,1
S10418,Deepa Sharma,Female,20-Jun-26,21,Pune,Computer Science,Hackathon,28/04/2026,Email,Pending,absent ,Vegetarian,250,2.5,5
S12090,Suresh Kumar,Female,29/05/2026,23,Trichy,Mechanical,Cultural Fest,7/5/2026,Campus Desk,Pending,Attended,Vegetarian,500,2,4
S10008,Keerthi Rao,Male,1/9/2026,22,Trichy,Mechanical,seminar,1/1/2026,Mobile App,Paid,Absent,No-meal,250,1.5,1
S10748,Arun Kumar,Female,1/10/2026,26,Pune,Mechanical,Sports Meet,23/11/2025,Campus Desk,Refunded,Attended,Vegan,INR 500,3.0 hours,5
S12092,Lakshmi Rao,Female,6/4/2026,23,Salem,Arts,Career Fair,30/03/2026,Walk-in,Paid,Attended,No Meal,750 rupees,4.0 hours,3
S10322,Keerthi Rao,,5/17/2026,27,Bengaluru,Commerce,Cultural Fest,29/03/2026,Mobile App,Refunded,attended,No Meal,0,1.5,3
S11849,Pooja Das,Male,5/15/2026,20,Mysuru,Computer Science,Cultural Fest,10/4/2026,Walk-in,PAID,Attended,No-meal,500,3,2
S11467,Ajay Nair,Other,6/24/2026,20,Mysuru,Computer Science,Hackathon,14/05/2026,Campus Desk,Pending,Cancelled,Vegan,200,6,1
S10393,Swetha Menon,,8/16/2026,18,Kochi,Computer Science,Hackathon,11/7/2026,Walk-in,waive,cancelled,No-meal,200,4,4
S10549,Harini Iyer,Female,2/20/2026,26,Chennai,Arts,Cultural Fest,26/12/2025,Website,Paid,Registered,Vegetarian,Rs 150,1.0 hours,5
S11470,Rahul Menon,Male,4/6/2026,17,Madurai,,Career Fair,25/02/2026,,PENDING,Cancelled,No Meal,100 rupees,2.5 hours,4
S11914,Deepa Sharma,Female,15-Apr-26,20,Trichy,Arts,Workshop,10/3/2026,Website,Pending,Registered,Vegan,100,2.5,2
S11619,Rahul Menon,Male,9/1/2026,23,Pune,Mechanical,Sports Meet,28/08/2026,Campus Desk,Paid,Registered,No-meal,INR 300,3.0 hr,2
S11825,Pooja Das,Male,13/08/2026,18,,Management,Seminar,16/07/2026,Mobile App,waive,Cancelled,No Meal,100,1.5,3.0 / 5
S10535,Swetha Menon,Other,6/17/2026,22,Mysuru,Management,Sports Meet,25/04/2026,Campus Desk,Refunded,Registered,Vegetarian,0,4,3.0 / 5
S12855,Divya Iyer,Male,11/2/2026,26,Hyderabad,Management,Workshop,25/01/2026,Walk-in,waive,cancelled,Non-Vegetarian,150,1.5,3
S12465,Harini Iyer,MALE,12-Apr-26,18,Kochi,,Sports Meet,4/3/2026,Mobile App,paid,Registered,Vegan,150,3,1
S11590,Karthik Rao,Male,4/22/2026,22,Trichy,Electronics,Hackathon,13/04/2026,Website,pending,Attended,Vegetarian,300,1,3
S12873,Harini Iyer,Female,27/04/2026,27,Hyderabad,Commerce,Sports Meet,16/03/2026, Email,Refunded,Attended,No Meal,500,2,3
S10588,Karthik Rao,Other,6/8/2026,25,Bengaluru,Electronics,Workshop,12/6/2026,Mobile App,Waived,Cancelled,Non-Vegetarian,500,1.5,2
S12998,Manoj Kumar,Other,1/3/2026,24,Chennai,Mechanical,Seminar,8/1/2026,Website,waive,Registered,Vegetarian,250,2.5,2
S10663,Naveen Sharma,Other,8/29/2026,27,Kochi,Mechanical,Hackathon,11/7/2026,  Website  ,Pending,Registered,Vegan,0,1.5,4
S11916,Arun Kumar,Female,28-Jul-26,26,Bengaluru,Management,Seminar,11/7/2026,Mobile App,Paid,Registered,Vegan,300,2.5,1
S11965,Manoj Kumar,Male,28-Jan-26,23,Trichy,Management,Career Fair,28/12/2025,Email,waive,Absent,Vegan,0,6,5
S10452,Arun Kumar,Other,14-May-26,26,Coimbatore,Management,Hackathon,29/04/2026,Email,Waived,cancelled,Non-Vegetarian,300,3,4
S10033,Karthik Rao,Male,29-Mar-26,23,Mysuru,Computer Science,Seminar,7/3/2026,Email,waive,Registered,No-meal,₹250,6.0 hours,4.0 / 5
S11952,Meena Patel,Male,1-Apr-26,26,Salem,Commerce,seminar,11/2/2026,Mobile App,Refunded,Registered,Non-Vegetarian,200,1,1.0 / 5
S12913,Vikram Das,Female,2/27/2026,23,Pune,Civil Engineering,Cultural Fest,13/02/2026,Website,Pending,Cancelled,No-meal,100,2,2
S11159,Arun Kumar,male,30-Apr-26,26,Salem,Civil Engineering,Cultural Fest,21/04/2026,Mobile App,Pending,absent ,No-meal,500,2.5,3
S10694,Lakshmi Rao, Female,21/03/2026,20,Madurai,Management,Hackathon,14/03/2026,Email,Refunded,absent ,No Meal,Rs 100,6.0 hours,3
S11806,Meena Patel,Other,8-Mar-26,17,Madurai,Computer Science,Sports Meet,8/1/2026,Website,Pending,Registered,Vegan,0,2,5
S11007,Meena Patel,Female,4/25/2026,21,Trichy,Computer Science,Hackathon,7/4/2026, Email,Waived,Attended,Vegetarian,0,1.5,4
S11904,Swetha Menon,Other,2/4/2026,22,Trichy,Management,Cultural Fest,24/02/2026,Email,waive,cancelled,No Meal,300,2,1
S11122,Arun Kumar,Male,6/15/2026,21,Trichy,Arts,Workshop,1/5/2026,Walk-in,Paid,Attended,No Meal,0,4,5
S10836,Ajay Nair,Female,15/02/2026,18,Pune,Mechanical,Career Fair,19/01/2026,Walk-in,Paid,Registered,Non-Vegetarian,500,1.5,5.0 / 5
S11978,Vijay Menon,Other,3/17/2026,22,Kochi,Mechanical,Workshop,8/2/2026,Mobile App,Pending,Attended,Non-Vegetarian,150,1.5,1
S12858,Ravi Patel,Other,1-Mar-26,18,Mysuru,Electronics,Cultural Fest,4/2/2026,Campus Desk,Refunded,absent ,Vegan,250,1,5
S11967,Suresh Kumar,female,2/7/2026,26,Mysuru ,Management,Seminar ,5/1/2026,Campus Desk,Refunded,Attended,Vegan,0,4,3.0 / 5
S11653,Vikram Das,Other,5/15/2026,26,Kochi,Electronics,Seminar,26/03/2026,Walk-in,Pending,ABSENT,No Meal,500,4,2.0 / 5
S11102,Rahul Menon,Other,2/23/2026,21,Trichy,Civil Engineering, Sports Meet,2/2/2026,Email,Waived,Cancelled,Non-Vegetarian,500,6,5
S10100,Naveen Sharma,Female,13/03/2026,21,Hyderabad,Computer Science,Seminar,22/01/2026,Mobile App,Refunded,Cancelled, Vegetarian,750,1.5,5
S10706,Meena Patel,Other,19-Aug-26,24,Salem,Computer Science,Career Fair,22/07/2026,,Refunded,Attended,Vegetarian,150,4,5
S12846,Rahul Menon,Other,6/20/2026,27,Hyderabad,Management,Career Fair,7/6/2026,Walk-in,paid,Cancelled,Non-Vegetarian,500,3,3
S11147,Priya Sharma,Male,7-Apr-26,21,Kochi,Management,Seminar,3/4/2026,Mobile App,Paid,Cancelled,Vegan,250,6,3.0 / 5
S11373,Vikram Das,female,7/31/2026,19,Chennai,Electronics,Hackathon,27/07/2026,Walk-in,pending,cancelled,Non-Vegetarian,100,2.5,5
S10617,Ajay Nair,Other,9-May-26,18,Pune,Commerce,Seminar,29/03/2026,Email,Paid,Cancelled,Vegetarian,200,4,4.0 / 5
S12586,Lakshmi Rao,Other,25/06/2026,19,Mysuru,Civil Engineering,Career Fair,6/5/2026, Campus Desk,Paid,ATTENDED,,300,6,4
S10999,Deepa Sharma,Male,4-Jun-26,21,Pune,Electronics,WORKSHOP,14/04/2026,Walk-in,Refunded,Registered,Non-Vegetarian,250,4,
S10267,Arun Kumar,Other,7-Apr-26,19,Trichy,Computer Science,Sports Meet ,31/03/2026,Email,Pending,absent,No Meal,500,4,0
S11915,Ajay Nair,Male,6/30/2026,26,Chennai,  Management  ,Hackathon,25/05/2026,Email,Paid,ATTENDED,Non-Vegetarian,100,3,1
S11242,Keerthi Rao,Other,9/1/2026,25,,Computer Science,Cultural Fest,29/08/2026,Mobile App,Pending,Registered,No-meal,750,3,5
S12331,Lakshmi Rao,Female,4/3/2026,22,Trichy,Commerce,Cultural Fest,3/2/2026,Walk-in,Paid,absent,Vegan,150,2,4
S12918,Lakshmi Rao,Female,22-Apr-26,22,Pune,Mechanical,Workshop,28/02/2026,Walk-in,Paid,Registered,Non-Vegetarian,500,2,2
S12766,Ajay Nair,Female,4/26/2026,26,Mysuru,Civil Engineering,Career Fair,3/3/2026,Mobile App,Pending,Registered, Vegan,250,1.5,1.0 / 5
S11972,Pooja Das,Female,2/19/2026,22,Hyderabad,Commerce,Cultural Fest,11/2/2026,Website,Refunded,Attended,Non-Vegetarian,₹0,6.0 hr,2
S10774,Meena Patel,Male,6/13/2026,23,Trichy,Commerce,Hackathon,20/04/2026,Website,Refunded,Absent,Vegetarian,0,1,2
S12736,Deepa Sharma,Male,5/6/2026,22,Salem,Management,Hackathon,19/03/2026,Email,Refunded,Registered,Non-Vegetarian,500,6,1
S10077,Arun Kumar,Other,1/6/2026,23,Madurai,Mechanical,Hackathon,5/12/2025,Walk-in,waive,absent ,Vegetarian,150,1.5,4
S12757,Suresh Kumar,Male,28/01/2026,26,Mysuru,,Career Fair,32/13/2026,Walk-in,Paid,absent ,Vegan,200,3,
S10917,Pooja Das,Other,30-Mar-26,24,Mysuru,Civil Engineering,Cultural Fest,15/02/2026,Campus Desk,Paid,Registered,No-meal,250,1.5,2
S12284,Vikram Das,male,13/06/2026,26,Pune,Management,Career Fair,30/05/2026,Website,paid,Registered,No Meal,300,2,
S10507,Naveen Sharma,Other,14-Apr-26,20,Kochi,Mechanical,Cultural Fest,15/02/2026,Mobile App,Refunded,absent ,Vegetarian,150,6,2
S11062,Harini Iyer, Female,29-Jun-26,23,Trichy,Commerce,Sports Meet,21/06/2026,Website,Pending,cancelled,No-meal,500,3,5
S11854,Manoj Kumar,Other,29/03/2026,24,Trichy,Management,seminar,27/03/2026,Mobile App,Refunded,Attended,No Meal,500,1,2
S11935,Pooja Das,Male,5/3/2026,27,Madurai,Electronics,Hackathon,12/2/2026,Campus Desk,Waived,cancelled,Non-Vegetarian,Rs 100,6.0 hr,4.0 / 5
S11411,Naveen Sharma,,7/1/2026,-5,Hyderabad,Management,Hackathon,12/6/2026,Website,waive,absent ,Vegan,200,3,1
S12441,Keerthi Rao,Female,2/2/2026,27,Trichy,Management,Career Fair,12/12/2025,Walk-in,Refunded,Attended,Non-Vegetarian,250,2,3.0 / 5
S11193,Priya Sharma,Male,23/04/2026,22,Coimbatore,Arts,SEMINAR,28/03/2026,Website,Pending,Registered,Vegan,150,2.5,3
S12540,Ravi Patel,Female,3/26/2026,23,Chennai, Arts,Hackathon,25/02/2026,Walk-in,Refunded,absent ,Non-Vegetarian,0 rupees,1.0 hours,2
S11525,Rahul Menon, Male,3/17/2026,19,Pune,Arts,Career Fair,15/03/2026,Campus Desk,Refunded,Registered,Vegetarian,500,2.5,2.0 / 5
S10469,Harini Iyer,Male,12-Feb-26,22,Mysuru,Civil Engineering,  Career Fair  ,18/12/2025,Mobile App,Refunded,absent ,No-meal,100,6,5
S12099,Deepa Sharma,Female,8/5/2026,27,Hyderabad,Management,Career Fair,24/03/2026,Walk-in,Paid,Absent,Vegan,INR 750,4.0 hours,4
S11894,Harini Iyer,Other,5/8/2026,24,Chennai,Mechanical,Career Fair,18/07/2026,Website,Refunded,cancelled,Non-Vegetarian,100,4,1
S12617,Naveen Sharma,Male,17/04/2026,19,Pune,Civil Engineering,Career Fair,18/03/2026,Mobile App,Waived,absent,No Meal,Rs 150,3.0 hr,5
S10012,Ravi Patel,Female,10/7/2026,18,Pune,Commerce,Cultural Fest,18/06/2026,Website,Paid,Attended,No Meal,INR 200,1.5 hours,2.0 / 5
S12828,Ravi Patel,Female,9/5/2026,24,Chennai,Electronics,Sports Meet,20/04/2026,Email,Pending,cancelled,No-meal,500,1.5,1
S11555,Deepa Sharma,Female,1/29/2026,24,Trichy,Mechanical,Sports Meet,30/12/2025,,Refunded,Cancelled,Non-Vegetarian,300,3,1
S11999,Arun Kumar,Other,21/05/2026,25,Hyderabad,Commerce,Cultural Fest,12/5/2026,Email,Refunded,Cancelled,Vegetarian,750,2,3
S12183,Harini Iyer,Male,2/5/2026,25,Mysuru,Computer Science,Seminar,20/03/2026,Mobile App,Paid,Attended,Vegan,300,6,5
S10301,Vijay Menon,Male,5/27/2026,23,Bengaluru,Mechanical,Workshop,9/4/2026,Website,Refunded,Attended,Vegan,300,6,1
S11631,Ajay Nair,Other,7/4/2026,26,Trichy,Arts,Cultural Fest,9/2/2026,Campus Desk,Paid,Cancelled,Vegan,INR 750,1.5 hours,3.0 / 5
S12529,Swetha Menon,Male,19-Aug-26,20,Madurai,Computer Science,Cultural Fest,25/06/2026,Email,Waived,Attended,Vegan,200,4,1
S12098,Lakshmi Rao,Male,2/6/2026,18,Pune,Commerce,WORKSHOP,18/05/2026,Campus Desk,Pending,Registered,Non-Vegetarian,INR 750,4.0 hours,4
S12890,Harini Iyer,Female,1-Mar-26,26,Mysuru,Civil Engineering,Seminar,7/1/2026, Website,Refunded,Registered,Non-Vegetarian,300,1,4
S10362,Pooja Das,Female,5/23/2026,23,Bengaluru,Mechanical,Cultural Fest,3/4/2026,Mobile App,Refunded,Attended,Non-Vegetarian,200,3,1.0 / 5
S10113,Naveen Sharma,Other,7/5/2026,21,Trichy,Mechanical,Hackathon,29/05/2026, nan,waive,absent,No-meal,750,6,1
S10749,Anitha Nair,male,21-Aug-26,20,Coimbatore,Management,Cultural Fest,19/08/2026,Walk-in,Pending,Absent,Vegetarian,INR 750,2.5 hours,2
S12232,Suresh Kumar, Male,6/8/2026,20,Mysuru,Arts,Cultural Fest,18/04/2026,Mobile App,Pending,Cancelled,No-meal,0,1,2
S11625,Keerthi Rao,Female,19/07/2026,27,Trichy,Arts,Career Fair,5/7/2026,Email,pending,attended,Vegetarian,0,2.5,1
S10208,Ajay Nair,Other,12-Aug-26,-5,Hyderabad,Computer Science,Hackathon,28/06/2026,,waive,Absent,No Meal,100,6,2
S12838,Keerthi Rao ,Other,24-Mar-26,22,Kochi,,WORKSHOP,5/2/2026,Campus Desk,Refunded,cancelled,  nan  ,Rs 0,3.0 hr,3
S10877,Suresh Kumar,Female,11-Jul-26,22,Salem,Mechanical,Career Fair,18/05/2026,Walk-in,Refunded,Attended,Vegan,500,3,4
S10508,Meena Patel,Female,6-Jan-26,24,Trichy,Electronics,Sports Meet,27/12/2025,Campus Desk,Refunded,Absent, Non-Vegetarian,100,6,4
S11126,Priya Sharma,Male,8/31/2026,26,Mysuru,Civil Engineering,WORKSHOP,8/8/2026,Mobile App,Pending,Cancelled,Vegetarian,300,4,1
S12103,Deepa Sharma,Female,11/2/2026,24,Hyderabad,Civil Engineering,Hackathon,18/12/2025,Website,Paid,Attended,Vegan,750 rupees,2.0 hours,5
S10247,Ajay Nair,Other,21/07/2026,25,Chennai,Management,Hackathon,16/06/2026,Walk-in,Paid,Attended,Non-Vegetarian,0,4,1
S12498,Pooja Das,Other,26-Jan-26,22,Mysuru,Computer Science,Hackathon,25/12/2025,Campus Desk,PAID,absent,No Meal,Rs 200,1.5 hours,2
S10282,Ajay Nair,Other,3/4/2026,23,Bengaluru,Management,Cultural Fest,1/4/2026,Walk-in,waive,Absent,Vegan,100,2,5
S12833,Pooja Das,Female,1-May-26,21,Trichy,Electronics,Sports Meet,30/04/2026,Campus Desk,Waived,ABSENT,Vegan,100,4,3.0 / 5
S12880,Divya Iyer, Female,14/01/2026,18,Hyderabad,Civil Engineering,SEMINAR,19/12/2025,Campus Desk,Pending,absent ,Vegetarian,500,2,1
S11206,Vikram Das,Female,17-Aug-26,22,Mysuru,Electronics,Cultural Fest,9/7/2026,Email,Refunded,Registered,Non-Vegetarian,500,1.5,3
S10577,Priya Sharma,Female,8/7/2026,23,Chennai,Mechanical,Hackathon,21/05/2026,Mobile App,waive,attended,Vegetarian,250,6,5
S10141,Meena Patel,Male,14/03/2026,23,Bengaluru,,Workshop,22/01/2026,Mobile App,Pending,absent,Vegan,100 rupees,2.0 hr,
S11573,Swetha Menon,Other,1/7/2026,26,Madurai,Civil Engineering,Workshop,12/11/2025,Website,Waived,Registered,Non-Vegetarian,500,2.5,2.0 / 5
S12583,Manoj Kumar,Female,31-Jan-26,27,Hyderabad,Arts,Seminar,28/12/2025,,Waived,Cancelled,No-meal,500,2.5,4
S11655,Ravi Patel,Female,5/22/2026,17,Coimbatore,Commerce ,Career Fair,1/5/2026,Email,Pending,Cancelled,No-meal,750,6,4
S11100,Priya Sharma,Male,1-Jul-26,23,Bengaluru,Mechanical,Workshop,28/05/2026,Mobile App,Paid,Attended,Vegetarian,750,2.5,4
S11362,Priya Sharma,female,14-May-26,25,Hyderabad,Civil Engineering,Cultural Fest,16/03/2026,Website,waive,Registered,No Meal,INR 250,2.0 hours,2.0 / 5
S11300,Vijay Menon,Other,1/5/2026,27,Mysuru,Arts,  Seminar  ,11/11/2025,Campus Desk,pending,Cancelled,Non-Vegetarian,500,1.5,3
S11865,Vijay Menon,Female,1/27/2026,26,Hyderabad,Electronics,Cultural Fest,17/01/2026,Email,Refunded,Attended,No Meal,Rs 750,1.5 hours,5
S10651,Anitha Nair,Female,30-Aug-26,21,Madurai,Commerce,Workshop,22/08/2026,Campus Desk,Refunded,Cancelled,Vegetarian,500,2.5,2
S11545,Naveen Sharma,Male,2/24/2026,27,Bengaluru,Commerce,Career Fair,28/01/2026,Email,Refunded,Attended,No Meal,200,4,2
S10458,Rahul Menon,Other,7/25/2026,19,Hyderabad,Management,Hackathon,10/7/2026,Walk-in,Pending,Registered,No-meal,500,2.5,4
S11815,Vikram Das,female,6/14/2026,27,Bengaluru,Electronics,Workshop,29/05/2026, Campus Desk,Paid,Cancelled,No Meal,500,6,3
S11494,Suresh Kumar, Male,26-Feb-26,20,Coimbatore,Arts,Career Fair,29/12/2025,Email,waive,ABSENT,No-meal,100,2.5,2
S10204,Keerthi Rao, Male,25/01/2026,17,Kochi,Management,Sports Meet,30/12/2025,Campus Desk,Pending,absent ,Vegan,150,1,4
S10943,Deepa Sharma,Other,25/03/2026,23,Coimbatore,Commerce,Cultural Fest,18/02/2026,Website,paid,absent ,Non-Vegetarian,250,1,1
S12074,Vijay Menon,Male,20-Apr-26,23,Coimbatore,Electronics,Cultural Fest,28/03/2026,Website,Pending,absent ,No Meal,0,1.5,2
S10034,Arun Kumar,Male,25/02/2026,17,Salem,Electronics,workshop,2/1/2026,Website,PAID,ATTENDED,Non-Vegetarian,150,1.5,2
S10092,Anitha Nair,male,6/15/2026,26,Kochi,Civil Engineering,Career Fair,13/05/2026,Website ,Paid,Cancelled,Vegetarian,200,4,2
S10843,Swetha Menon,Female,7/12/2026,-5,Bengaluru,Arts,SEMINAR,21/05/2026,Website,PAID,ATTENDED,Vegetarian,₹100,1.5 hr,5
S11585,Manoj Kumar,Other,30/03/2026,18,Mysuru,Electronics,SEMINAR,11/2/2026,Walk-in,Waived,Registered,Vegan,250,2.5,4
S12581,Priya Sharma,male,2/13/2026,20,Kochi,Computer Science,Sports Meet,1/1/2026,Mobile App,Refunded,Absent,No-meal,Rs 750,2.5 hours,4
S10243,Meena Patel,Female,27/05/2026,19,Coimbatore,Arts,Career Fair,10/5/2026,Email,paid,Cancelled,Vegan,150,3,3
S11091,Priya Sharma,Female,8/15/2026,18,Kochi,Electronics,Hackathon,2/8/2026,Walk-in,Refunded,Absent,Non-Vegetarian,Rs 100,1.5 hr,2
S11093,Vikram Das,Male,6/21/2026,17,  Salem  ,Commerce,Sports Meet,17/05/2026,Website,Refunded,Absent,Vegetarian,100 rupees,3.0 hours,4
S11566,Lakshmi Rao,male,16-Jun-26,21,Trichy,Commerce,Cultural Fest,22/05/2026, Walk-in,Refunded,Registered,No-meal,200,6,2
S12878,Ravi Patel,Female,3/4/2026,18,Mysuru,Management,Hackathon,2/2/2026,Walk-in,Paid,absent ,Non-Vegetarian,300,2.5,1
S12519,Rahul Menon,Other,30-May-26,27,Trichy,Arts,Career Fair,21/05/2026,,Waived,Attended,Vegan,300,1.5,1
S10932,Suresh Kumar,Other,28/07/2026,22,Madurai,Mechanical,Career Fair,18/06/2026,Website,Paid,cancelled,Vegan,300,1,1.0 / 5
S11491,Manoj Kumar,,1/29/2026,20,Coimbatore,Arts,Hackathon,6/1/2026,Campus Desk,PENDING,Attended,No Meal,100,1,4
S12010,Vikram Das,Male,8/13/2026,23,Pune,Civil Engineering,Sports Meet,22/06/2026,Campus Desk,Paid,Attended,Vegan,300,1,2
S11150,Manoj Kumar,Female,9/7/2026,18,Mysuru,Management,Sports Meet,19/06/2026,Campus Desk,Refunded,Registered,Non-Vegetarian,500,2,
S12266,Suresh Kumar,Other,2/2/2026,19,Chennai,Commerce,Seminar,4/12/2025,Campus Desk,Refunded,Registered,Non-Vegetarian,0 rupees,3.0 hr,4.0 / 5
S11209,Pooja Das,Other,4/25/2026,18,Coimbatore,Commerce ,Career Fair,31/03/2026,Campus Desk,waive,Registered,Vegetarian,300,4,3.0 / 5
S11311,Anitha Nair,male,7/8/2026,21,Trichy,Management,Hackathon,11/7/2026,Website,Waived,Attended,Vegetarian,150,2.5,1
S10952,Ravi Patel,Female,3/29/2026,23,Bengaluru,Mechanical,Hackathon,2/3/2026,Mobile App,pending,Attended,,INR 250,2.5 hours,2
S10131,Vijay Menon,Other,7/17/2026,17,Chennai,Management,seminar,22/05/2026,Email,Refunded,Registered,Non-Vegetarian,150,3,3
S10314,Priya Sharma,Female,1/9/2026,27,Mysuru ,Computer Science,Career Fair,21/12/2025,,Waived,Absent,,500,1.5,
S12113,Keerthi Rao,,7/1/2026,23,,Computer Science,Hackathon,16/05/2026,Website,Paid,Registered,Vegan,200,3,1
S11024,Pooja Das,Female,8-Apr-26,20,Bengaluru,  Civil Engineering  ,Hackathon,27/02/2026,Mobile App,Paid,Registered,Non-Vegetarian,500,2.5,5
S12928,Naveen Sharma,Female,11/1/2026,26,Mysuru,Electronics,Sports Meet,21/11/2025,Mobile App,waive,Registered,Vegetarian,200,2,1
S12255,Naveen Sharma,Male,4/18/2026,19,Kochi,Electronics,Career Fair,7/4/2026,Mobile App,Paid,Cancelled,No Meal,750,1.5,3.0 / 5
S11397,Priya Sharma ,Other,24-May-26,18,Trichy,Arts,Workshop,6/4/2026,Campus Desk,Paid,absent ,Vegan,100,2,4
S11409,Deepa Sharma,Female,10-Jan-26,21,Bengaluru,Computer Science,SEMINAR,2/12/2025,Website,Pending,ABSENT,Non-Vegetarian,300,1.5,2
S10385,Rahul Menon,Male,2/1/2026,21,Madurai,Computer Science,Cultural Fest,21/01/2026,,Pending,Absent,Vegetarian,100,4,2
S12888,Anitha Nair,Other,4-Aug-26,19,Kochi,Computer Science,Cultural Fest,6/6/2026,Mobile App,Paid,Attended,No-meal,Rs 300,4.0 hours,
S10922,Ravi Patel,Female,7/22/2026,17,Trichy,Electronics,Hackathon,1/7/2026,Mobile App,Pending,Cancelled,Vegetarian,500,2.5,
S11309,Swetha Menon,Male,28-Jul-26,19,Mysuru,Computer Science,Sports Meet,8/6/2026,Mobile App,waive,ABSENT,Non-Vegetarian,200,2.5,2
S12363,Vikram Das,female,2/12/2026,27,Bengaluru,Mechanical,Cultural Fest,26/01/2026,Email,Paid,absent ,Vegan,100,1.5,3.0 / 5
S11850,Lakshmi Rao,Other,28-Jun-26,17,Chennai,Mechanical,Seminar,9/5/2026,Campus Desk,waive,Registered,Vegan,150,1.5,1
S11973,Manoj Kumar,Other,5-Feb-26,25,Kochi,Arts,Career Fair,15/01/2026,Campus Desk,Paid,Attended,Vegan,200,1.5,2
S12040,Arun Kumar,Other,6/28/2026,-5,Mysuru,Management,  Sports Meet  ,29/05/2026,Walk-in,Waived,Attended,   ,150,1,1
S10975,Ajay Nair,Male,7/21/2026,27,Chennai,Mechanical,Cultural Fest,11/6/2026,Email,Refunded,absent,Vegetarian,150,1.5,1
S10995,Harini Iyer,Female,16/04/2026,18,Trichy,Computer Science,Sports Meet,6/3/2026,Campus Desk,Paid,Cancelled,Non-Vegetarian,750,6,4.0 / 5
S12674,Swetha Menon,Male,20-Jul-26,19,Pune,Commerce,Sports Meet,22/06/2026,Campus Desk,pending,cancelled,Vegetarian,300,6,5
S11279,Karthik Rao,Male,3/12/2026,25,Madurai,Commerce,Cultural Fest,10/3/2026,Website,waive,Absent,No-meal,200,2.5,5
S12276,Rahul Menon,Female,5/29/2026,23,Mysuru,Civil Engineering,Hackathon,15/04/2026,Mobile App,Refunded,Registered,Vegan,300,1.5,2
S11419,Ajay Nair,Male,11-Jan-26,22,,Electronics,Sports Meet,3/12/2025,Website,Paid,Registered,Non-Vegetarian,500,2.5,2
S10170,Rahul Menon,Male,24/04/2026,18,Pune,Management,Career Fair,13/03/2026,Website,Refunded,absent,Non-Vegetarian,100,1,2
S11131, Harini Iyer,Female,2/15/2026,22,Mysuru,Commerce,Cultural Fest,5/1/2026,Walk-in,Waived,attended,Non-Vegetarian,0,1,4
S10775,Anitha Nair,Male,8/21/2026,26,Trichy,Civil Engineering,Career Fair,25/06/2026,Campus Desk,Refunded,Registered,Vegan,150,1.5,2
S12861,Suresh Kumar,Male,24/02/2026,18,Kochi,Arts,Seminar,21/01/2026,Mobile App,Pending,Registered,Non-Vegetarian,200,3,3
S12196,Keerthi Rao,Male,3/24/2026,23,Kochi,Electronics,Career Fair,25/02/2026,Website,Refunded,Cancelled,Non-Vegetarian,200 rupees,3.0 hr,1
S12980,Harini Iyer,Male,1/17/2026,23,Pune,Management,SEMINAR,8/12/2025,Website,Waived,cancelled,No Meal,750,1.5,4
S12439,Ravi Patel,Other,6/4/2026,24,Chennai,Commerce,Sports Meet,3/5/2026,Mobile App,PAID,Absent,Vegan,200,2.5,4
S10082,Keerthi Rao,Other,24/01/2026,18,Bengaluru,Commerce,Hackathon,13/12/2025,Website,Paid,cancelled,Vegan,500,2.5,5
S12400,Divya Iyer,Other,19-Aug-26,25,Salem,Computer Science,Career Fair,16/08/2026,Campus Desk,PENDING,Registered,Vegan,INR 200,2.0 hours,3
S10828,Anitha Nair,Other,29-May-26,18,Chennai,Computer Science,Cultural Fest,24/04/2026,Email,PAID,Registered,Vegetarian,0,4,4.0 / 5
S11764,Ajay Nair,Other,13/07/2026,24,Bengaluru,Mechanical,Hackathon,23/06/2026,Mobile App,Pending,Cancelled,Non-Vegetarian,200,2.5,3
S11574,Karthik Rao,Female,6-May-26,22,Bengaluru,Arts ,Sports Meet,9/4/2026,Walk-in ,Pending,Cancelled,Non-Vegetarian,0 rupees,6.0 hours,1
S10241,Vikram Das,Other,5/15/2026,21,Salem,Electronics,Workshop,25/03/2026,Website,PENDING,Cancelled,Non-Vegetarian,0,2.5,4
S11546,Rahul Menon,Other,14-Apr-26,21,Coimbatore,Computer Science,SEMINAR,20/02/2026,Campus Desk,waive,ABSENT,Non-Vegetarian,Rs 200,1.5 hr,2
S10700,Priya Sharma,Other,24-Jan-26,25,Hyderabad,Computer Science,Career Fair,19/01/2026,,Pending,Absent,Vegetarian,INR 500,1.0 hours,1
S10432,Vikram Das,male,6/7/2026,21,Hyderabad,Management,Hackathon,24/05/2026,Email,Pending,absent ,Non-Vegetarian,200,2.5,2
S12704,Naveen Sharma,FEMALE,6/15/2026,17,Kochi,Mechanical,Hackathon,9/6/2026,Mobile App,Waived,Registered,No-meal,0,3,5
S12935,Vikram Das,Other,3/8/2026,17,Coimbatore,Civil Engineering,Cultural Fest,18/06/2026,Mobile App,Pending,Attended,No-meal,250,1.5,5
S11346,Vijay Menon,Other,19/01/2026,25,Chennai,Electronics,Seminar,23/11/2025,Campus Desk,Waived,cancelled,Vegan,300,4,5
S12701,Swetha Menon,Other,3/11/2026,25,Kochi,Management,Sports Meet,15/01/2026,Mobile App,Paid,Registered,Vegetarian,750,1,
S11077,Arun Kumar,Female,3/7/2026,26,Trichy,Commerce,Cultural Fest,16/06/2026,Email,Refunded,Attended,Non-Vegetarian,0,3,5
S12174,Swetha Menon,MALE,7/27/2026,17,Mysuru,Computer Science,Sports Meet,29/06/2026,Mobile App,Pending,Attended,Vegetarian,250,1,4
S12083,Pooja Das,,8/28/2026,27,Chennai,Civil Engineering,Workshop,30/06/2026,Walk-in,Pending,Registered,Non-Vegetarian,750 rupees,1.0 hours,4
S10399,Naveen Sharma,Male,2/9/2026,21,Hyderabad,Management,Hackathon,6/1/2026,Website,Waived,Registered,Vegetarian,300,6,4
S12301,Anitha Nair,Male,31-Jul-26,17,Mysuru,Management,Career Fair,6/7/2026,Campus Desk,Waived,Absent,Non-Vegetarian,500,6,2
S10557,Karthik Rao,Female,4/7/2026,19,Coimbatore,Arts,Cultural Fest,4/6/2026,Website,Waived,Registered,No Meal,750,2,4
S12695,Pooja Das,Male,28/01/2026,20,  Madurai  ,Civil Engineering,Workshop,18/12/2025,Walk-in,Paid,Cancelled,Vegan,300,3,4.0 / 5
S12351,  Arun Kumar  ,Male,28-Apr-26,21,Coimbatore,Management ,Seminar,21/04/2026,Walk-in,Paid,Cancelled,No-meal,300,1.5,
S11435,Vikram Das, Female,17-Jan-26,25,Salem,Computer Science,Seminar,24/11/2025,Mobile App,Pending,Cancelled,Vegetarian,0,3,2.0 / 5
S12440,Deepa Sharma,Female,4/14/2026,22,,Arts,Sports Meet,17/03/2026,Email,waive,Cancelled,Non-Vegetarian,200,3,4
S10918,Suresh Kumar,Other,4/22/2026,20,Kochi,Computer Science,  Seminar  ,16/03/2026,Walk-in,Paid,Registered,Non-Vegetarian,INR 500,6.0 hours,2
S10985,Ravi Patel,Other,8/19/2026,18,Chennai,Management,Sports Meet,15/08/2026,Email,Waived,Absent,Non-Vegetarian,₹250,3.0 hr,1
S12865,Vijay Menon,Other,2/4/2026,24,Bengaluru,Civil Engineering,Career Fair,25/02/2026,Walk-in,Pending,Attended,Vegan,300,3,3.0 / 5
S11670,Vijay Menon, Female,25-May-26,17,Coimbatore,Arts,Seminar,28/03/2026,Website,pending,cancelled,Vegetarian,0,1.5,5
S10372,Karthik Rao,Male,9/2/2026,26,Madurai,Management,Seminar,21/08/2026,Campus Desk,Refunded,Cancelled,Non-Vegetarian,0,3,2
S11541,Deepa Sharma,MALE,7/20/2026,24,Kochi,Commerce,Hackathon,11/7/2026,  Website  ,Pending,Attended,No-meal,500,4,4
S11196,Naveen Sharma,Female,25/01/2026,19,Madurai,Computer Science,Career Fair,28/11/2025,Walk-in,Waived,Registered,Vegetarian,200,4,5
S10861,Vijay Menon,Male,5/12/2026,18,Chennai,Electronics,Career Fair,7/5/2026,Campus Desk,PAID,Attended,Non-Vegetarian,150,1.5,1
S12881,Naveen Sharma,Other,2/21/2026,17,Pune, Computer Science,seminar,11/2/2026,Email,Pending,Cancelled,Vegetarian,750,1.5,3
S11996,Karthik Rao,MALE,4/7/2026,24,Hyderabad,Commerce,Seminar,5/3/2026,Email,Refunded,Registered,Vegan,750,2,
S12108,Priya Sharma,Female,17/01/2026,20,,Civil Engineering,Hackathon,27/11/2025,Email,paid,Attended,No-meal,100,1,4
S10083,Naveen Sharma,Other,6/7/2026,25,Trichy,Arts,  Cultural Fest  ,30/06/2026,Website,Refunded,Attended,Vegan,150,1,2
S12987,Divya Iyer,Female,2/27/2026,20,Bengaluru,Civil Engineering,Workshop,24/01/2026,Website,Waived,Registered,Non-Vegetarian,300,1.5,2
S11275,Lakshmi Rao,Other,2/10/2026,19,Hyderabad,Mechanical,Seminar,19/01/2026,Mobile App,PAID,absent ,Vegetarian,200,3,3
S10819,Vikram Das, Male,2/26/2026,27,Bengaluru,Mechanical,Cultural Fest,20/01/2026,Walk-in,Paid,Registered,No Meal,0,1,4
S12825,Rahul Menon,female,6/22/2026,26,Trichy,Electronics,Cultural Fest,24/04/2026,Walk-in,Refunded,Absent,Non-Vegetarian,150,2,3.0 / 5
S12120,Priya Sharma,Other,6-Aug-26,17,Mysuru,Electronics,Career Fair,23/07/2026,Walk-in,Paid,Attended,Non-Vegetarian,300,6,1
S10259,Keerthi Rao,Other,4-Jul-26,27,Pune,Commerce,Cultural Fest,31/05/2026,Website,Paid,Absent,Vegetarian,250,6,3
S11664,Ajay Nair,Female,6/13/2026,23,Kochi,Civil Engineering,Hackathon,9/5/2026,Walk-in,waive,cancelled,Non-Vegetarian,150,1.5,1
S11166,Priya Sharma,Male,19-Jun-26,25,Bengaluru,Commerce,Workshop,25/04/2026,Mobile App,Refunded,Attended,Vegan,200,3,5
S12803,Manoj Kumar, Female,23-Mar-26,26,Mysuru,Electronics,Career Fair,14/03/2026,Website,Refunded,absent ,No Meal,200,1.5,4
S11369,Priya Sharma,MALE,4/19/2026,20,Hyderabad,Civil Engineering,Career Fair,24/03/2026,Website,Refunded,Cancelled,Vegetarian,150,6,1
S11595,Anitha Nair,Male,4/21/2026,20,Mysuru,Computer Science,Career Fair,22/03/2026,Mobile App,Refunded,Registered,Vegetarian,200,2.5,3
S10705,Arun Kumar,Male,3/28/2026,24,Hyderabad,Mechanical,Career Fair,26/02/2026,Campus Desk,Refunded,absent,Non-Vegetarian,100,1,4
S12555,Anitha Nair,Female,13-Mar-26,19,Kochi,Civil Engineering,Cultural Fest,6/2/2026,Mobile App,Refunded,Cancelled,Vegan,250,1.5,3
S11146,Rahul Menon,female,22-Apr-26,17,Trichy,Commerce,Cultural Fest,21/03/2026,Mobile App,PAID,Registered,Vegetarian,0,2,4.0 / 5
S12190,Rahul Menon,Other,5/29/2026,17,Coimbatore,Mechanical,Seminar,8/4/2026,Campus Desk,Pending,Attended,Vegan,0,2.5,1
S10470,Naveen Sharma,Other,5/31/2026,21,Salem,Management,Workshop,20/04/2026,Walk-in,Paid,Registered,Vegetarian,100,4,5
S10383,Swetha Menon,Other,9/2/2026,20,Mysuru,Computer Science,Sports Meet,18/01/2026,Walk-in,Pending,Attended,Non-Vegetarian,100,4,4
S12761,Vikram Das,Female,3/23/2026,26,Salem,Mechanical,Workshop,7/2/2026,Mobile App,Pending,cancelled,Non-Vegetarian,500,2,1
S12246,Manoj Kumar, Female,7/4/2026,18,Coimbatore,Computer Science,Sports Meet,31/03/2026,Campus Desk,Pending,Registered,Vegetarian,150,1,2
S11219,Ajay Nair,Male,1/5/2026,20,Kochi,Computer Science,Career Fair,24/04/2026,Website,Refunded,Registered,No Meal,500,3,3
S12821,Keerthi Rao, Female,8/26/2026,24,Trichy,Commerce,Workshop,21/07/2026,Campus Desk,Paid,Absent,Vegan,300,1.5,1
S12910,Keerthi Rao,Other,7/31/2026,18,Kochi,Computer Science,Workshop,10/7/2026,Website,Pending,Registered,Vegan,150,3,5
S12065,Priya Sharma,FEMALE,8/4/2026,24,Hyderabad,Electronics,Hackathon,13/06/2026,Walk-in,Refunded,absent ,Vegan,INR 500,3.0 hours,1
S11112,Arun Kumar,MALE,21-Jan-26,23,Trichy,Mechanical,Seminar,11/12/2025,Email,Paid,ATTENDED,Vegetarian,200,4,3
S11746,Manoj Kumar,Other,3/10/2026,19,Mysuru,Arts,Sports Meet,17/01/2026,Mobile App,Refunded,Registered,Vegetarian,250,3,3
S11325,Karthik Rao, Male,1/20/2026,19,Coimbatore,Mechanical,Cultural Fest,5/12/2025,Mobile App,Refunded,Registered,Non-Vegetarian,150,4,2
S10974,Harini Iyer,male,4/9/2026,17,Trichy,Mechanical,WORKSHOP,25/02/2026,Mobile App,waive,Registered,Vegan,Rs 300,2.0 hours,2
S11125,Ravi Patel,Female,7/28/2026,27,Chennai,Electronics ,workshop,16/06/2026,Walk-in,Pending,Registered,Vegan,250,2.5,5
S10179,Deepa Sharma,MALE,14/02/2026,18,Bengaluru,Commerce,Cultural Fest,28/01/2026,Website,Refunded,Registered,Vegan,100,1.5,5
S12911,Swetha Menon,Female,20/06/2026,21,Hyderabad,Arts,workshop,19/05/2026,Mobile App,Refunded,Attended,Vegan,150,2,1
S10237,Pooja Das,male,8/7/2026,24,Mysuru,Arts,Career Fair,30/06/2026,Email,Paid,ATTENDED,No Meal,150,4,
S12576,Deepa Sharma,Male,8/18/2026,25,Hyderabad,Management,Career Fair,11/8/2026,Website,Refunded,Absent,Vegan,Rs 150,2.5 hours,4
S12893,Rahul Menon,Female,1/28/2026,18,Kochi, nan,Workshop,21/12/2025,,Paid,Cancelled,No Meal,₹100,4.0 hours,3
S12801,Harini Iyer,Male,6/17/2026,20,Chennai,Civil Engineering,Career Fair,14/05/2026,Website,Paid,cancelled,Vegetarian,250,1.5,3
S10096,Lakshmi Rao,Female,8/20/2026,24,Pune,Civil Engineering,Workshop,25/07/2026,Walk-in,Paid,absent ,No-meal,500,2,2
S12882,Naveen Sharma,Other,20/07/2026,20,Coimbatore,Computer Science,Hackathon,5/7/2026,Website,Refunded,Registered,,500,1,
S11180,Harini Iyer,Male,19-Apr-26,22,Pune,Management,Cultural Fest,3/4/2026,Walk-in,waive,Attended,Vegetarian,300,4,2
S12654,Ravi Patel, Male,15-Aug-26,24,Coimbatore,Mechanical,Sports Meet,11/8/2026,Campus Desk,Refunded,Attended,Vegan,100,6,1
S12348,Ravi Patel,Female,,27,Trichy,Management,workshop,22/03/2026,Email,Waived,absent ,Non-Vegetarian,100,6,4
S11942,Ajay Nair,Male,31/08/2026,19,Salem,Computer Science,Sports Meet,24/08/2026,Walk-in,Pending,Registered,Vegan,100,6,5
S10810,Vijay Menon,Female,18/04/2026,27,Coimbatore,Computer Science,Seminar,12/3/2026,Website,Waived,Attended,Vegetarian,500,6,4
S12368,Naveen Sharma,Other,30-Jul-26,27,Kochi,Management,Sports Meet,23/07/2026,Mobile App,Paid,absent ,Non-Vegetarian,750,4,4
S11408,Harini Iyer,Male,6/19/2026,23,Kochi,Commerce,Seminar,9/5/2026,Walk-in,PAID,Registered,Vegetarian,250,6,1
S12751,Ravi Patel,Female,25-Jul-26,21,Pune,Civil Engineering,Cultural Fest,21/07/2026,Email,Paid,absent ,Vegetarian,100,1.5,4
S10652,Vijay Menon,Other,5/15/2026,25,Bengaluru,Mechanical,Cultural Fest,28/03/2026,Mobile App,Pending,Registered,Non-Vegetarian,200,2.5,4
S12677,Vikram Das,Male,13/08/2026,22,Mysuru,Mechanical,Workshop,22/06/2026,Campus Desk,Refunded,Attended,Vegetarian,200,3,2
S10447,Manoj Kumar,Other,1-Jul-26,27,Chennai,,WORKSHOP,5/6/2026,Website,Pending,Cancelled,No-meal,750,2,5
S12620,Ravi Patel,Female,18/06/2026,17,Bengaluru,Mechanical,Workshop,13/05/2026,Email,Waived,Cancelled,Vegan,250 rupees,1.5 hr,4
S12168,Anitha Nair,Male,25-Jan-26,22,Mysuru,Management,Seminar,3/12/2025,Email,pending,Cancelled,Non-Vegetarian,100,1,1
S10387,Ravi Patel,Female,5/30/2026,21,Trichy,Management,Hackathon,21/05/2026,Email,Refunded,Cancelled,Vegan,150,6,3.0 / 5
S10313,Vikram Das,Male,4/11/2026,27,Salem,Civil Engineering,Sports Meet,4/3/2026,Campus Desk,Refunded,Registered,Vegetarian,Rs 0,2.0 hr,2
S10720,Deepa Sharma,Other,2/21/2026,26,Bengaluru,,Sports Meet,31/01/2026,Website,Paid,Registered,Vegetarian,0,6,2
S10779,Keerthi Rao,male,29-Jul-26,23,Pune,Electronics,Cultural Fest,2/7/2026,  Email  ,Paid,ATTENDED,No-meal,100,2,
S12573,Suresh Kumar,female,5/8/2026,17,Madurai,Arts,Hackathon,30/06/2026,Walk-in,Refunded,Attended,Vegetarian,0 rupees,2.0 hr,3
S12319,Anitha Nair, Male,3/30/2026,18,Chennai,Arts,Hackathon,16/03/2026,Campus Desk,Paid,Attended,Non-Vegetarian,150,3,2
S12634,Karthik Rao,MALE,not available,17,Madurai,,Hackathon,27/03/2026,Walk-in,Paid,Cancelled,Vegetarian,500,6,2
S11148,Ravi Patel,MALE,3-Apr-26,21,Kochi,Management,seminar,2/4/2026,Campus Desk,Pending,Registered,No-meal,500,1.5,4
S10030,Anitha Nair,Female,1-Jul-26,20,Hyderabad,Electronics,Hackathon,21/06/2026,Mobile App,PENDING,Registered,No Meal,100,2.5,4
S10851,Harini Iyer,Other,14-Feb-26,25,Mysuru,Electronics,Seminar,25/01/2026,Mobile App,PAID,Cancelled,No-meal,250,1.5,2
S10834,Harini Iyer,Male,7/19/2026,24,Trichy,Mechanical,seminar,20/05/2026,Walk-in,Refunded,Registered,  Non-Vegetarian  ,300,3,5
S11521,Arun Kumar,Male,3/14/2026,24,,Mechanical,Hackathon,22/02/2026,Email,Pending,Cancelled,Vegan,750,6,2
S11705,Pooja Das ,Other,4/10/2026,25,Madurai,Management,Sports Meet,18/03/2026,Mobile App,Pending,Registered,Vegan,0,6,5
S12133,Karthik Rao,Other,29-Apr-26,19,Bengaluru,Mechanical,Sports Meet,26/04/2026,Website,waive,Attended,Vegetarian,Rs 250,2.5 hours,1
S12711,Naveen Sharma,Male,3/9/2026,27,Bengaluru,Mechanical,Hackathon,25/02/2026,Walk-in,waive,Registered,Vegetarian,500,2,5.0 / 5
S10405,Swetha Menon,Male,28/02/2026,20,Trichy,Commerce,Seminar,26/01/2026,Mobile App,waive,Cancelled,No Meal,500,1,3
S10117,Anitha Nair,FEMALE,27/03/2026,22,Hyderabad,Electronics,Sports Meet,24/02/2026,Walk-in,Waived,Registered,No Meal,250,2,1
S12950,Suresh Kumar,Other,1/24/2026,17,Chennai,Computer Science,Hackathon,23/12/2025,Campus Desk,Paid,Registered,No-meal,INR 0,1.0 hours,3
S11840,Divya Iyer,Male,4/20/2026,24,Madurai,Arts,Cultural Fest,10/4/2026,Website,Waived,cancelled,No Meal,250,2,1.0 / 5
S11161,Ajay Nair,Other,6/23/2026,20,Coimbatore,Mechanical,Career Fair,29/04/2026,Walk-in,Pending,Absent,No-meal,100,2.5,1.0 / 5
S12128,Lakshmi Rao,Female,11/7/2026,17,Pune,Management,Workshop,2/6/2026,Email,pending,cancelled,Vegan,Rs 300,4.0 hours,1
S12167,Naveen Sharma,Female,27/07/2026,19,Trichy,Mechanical,Hackathon,9/7/2026,Email,Refunded,Cancelled,No Meal,200,3,2
S12671,Swetha Menon,Other,8/3/2026,24,Madurai,Mechanical,seminar,28/02/2026,Walk-in,Paid,Registered,No Meal,300,1.5,3
S11884,Suresh Kumar,Male,1/6/2026,26,Pune,Electronics,Sports Meet,29/12/2025,Walk-in,Paid,Registered,Vegan,150,4,5.0 / 5
S12556,Divya Iyer, Male,17-Mar-26,18,Kochi, Mechanical,Hackathon,13/02/2026,Email,Refunded,cancelled,Non-Vegetarian,500,2,5.0 / 5
S11632,Divya Iyer, Female,15-May-26,18,Mysuru,Management,Cultural Fest,10/5/2026,Walk-in,Paid,Cancelled,No Meal,200,1.5,5
S12951,Karthik Rao,Male,3/27/2026,20,Madurai,Electronics,Career Fair,6/3/2026,Website,waive,absent,Non-Vegetarian,500,1.5,3
S11025,Naveen Sharma,Other,14-Jan-26,22,Chennai,Arts,Workshop,25/11/2025,Mobile App,Paid,Absent,Vegetarian,150,2.5,4
S10869,Rahul Menon,male,8/31/2026,21,Trichy,Computer Science,WORKSHOP,,Campus Desk,paid,Attended,Vegan ,750,2.5,5
S11773,Divya Iyer,Male,4/25/2026,20,Pune,Commerce,Career Fair,4/3/2026,Walk-in,Refunded,Attended,No Meal,150,3,2
S10997,Swetha Menon,Other,5/25/2026,19,Kochi,Computer Science,Career Fair,3/4/2026,Campus Desk,Refunded,absent,Vegetarian,500,3,3
S12930,Rahul Menon, Female,5/5/2026,23,Mysuru,Civil Engineering,Workshop,24/03/2026,Email,Paid,absent ,No Meal,₹200,6.0 hours,1
S11432,Meena Patel,Other,22-Mar-26,27,Mysuru,Management,Cultural Fest,10/3/2026,Mobile App,PENDING,Absent,No Meal,150,2,4
S12472,Divya Iyer,Male,13/04/2026,25,Madurai,Mechanical,Hackathon,7/4/2026,Mobile App,Waived,Absent,Vegan,200,1.5,
S11640,Vijay Menon,female,23/04/2026,19,Madurai,Mechanical,Hackathon,10/3/2026,Mobile App,waive,ATTENDED,No Meal,200,2,4.0 / 5
S12509,Lakshmi Rao,FEMALE,6/17/2026,25,,Civil Engineering,Career Fair,17/05/2026,Website,PAID,Cancelled,Vegetarian,500,3,3
S12069,Priya Sharma,Female,23/08/2026,23,Salem,Management,Workshop,26/07/2026,Mobile App,Pending,Registered,No Meal,200,1.5,4
S11123,Divya Iyer,Male,30-Jul-26,24,Mysuru,Commerce,Sports Meet,11/7/2026,Campus Desk,Paid,Registered,,500,1,2
S11798,Suresh Kumar, Female,3/29/2026,24,Pune,Electronics,Cultural Fest,14/02/2026,Email,Pending,Registered,No Meal,250,6,
S11506,Vijay Menon,Male,1/4/2026,22,Kochi,Mechanical,Career Fair,21/03/2026,Website,Refunded,Absent,Vegan,INR 150,6.0 hr,4
S12207,Arun Kumar,Other,2/9/2026,21,Trichy,Management,Seminar,23/01/2026,Mobile App,Paid,absent ,Vegetarian,Rs 0,2.0 hours,2.0 / 5
S11586,Suresh Kumar,Female,6/15/2026,23,Salem,Civil Engineering,Seminar,4/6/2026,Campus Desk,PENDING,Absent,No Meal,750,1.5,4
S12039,Karthik Rao,MALE,7/6/2026,19,Trichy,Management,Sports Meet,unknown,Email,Pending,Registered,Vegetarian,Rs 200,2.0 hr,4
S10850,Karthik Rao,Male,4/8/2026,23,Kochi,,Cultural Fest,7/4/2026,Walk-in,Refunded,Registered,No Meal,150,1.5,5
S11032,Meena Patel,Female,6/9/2026,27,Salem,Management,Workshop,30/05/2026,Mobile App,PAID,Registered,Non-Vegetarian,0,4,
S10605,Meena Patel,Other,22-Apr-26,24,Chennai,Commerce,Workshop,22/03/2026,Walk-in,Pending,Registered,Vegan,150,4,4
S11920,Priya Sharma, Male,14/08/2026,18,Chennai,Computer Science,Cultural Fest,16/06/2026,Campus Desk,PAID,Attended,No Meal,250,4,1
S11468,Arun Kumar,female,4/11/2026,24,Trichy,Management,Career Fair ,13/03/2026,Mobile App,Paid,Registered,No Meal,Rs 100,3.0 hr,4
S12071,Pooja Das,Male,5/6/2026,19,Hyderabad,Civil Engineering,Sports Meet,4/5/2026,Walk-in,Paid,cancelled,Non-Vegetarian,300,3,5
S10875,Manoj Kumar,Female,29/08/2026,27,Kochi,Commerce,Hackathon,6/8/2026,Campus Desk,waive,Registered,Vegan,750,2.5,5.0 / 5
S12927,Karthik Rao,Other,15/04/2026,24,Hyderabad,Commerce,Cultural Fest,20/02/2026,Email,Paid,absent ,Vegetarian,100,4,3
S10881,Ravi Patel,Male,7/18/2026,18,Trichy,Electronics,Sports Meet,21/05/2026,Website,Refunded,ATTENDED,No Meal,750,2,5
S10378,Meena Patel, Female,4/20/2026,25,Pune,Electronics,SEMINAR,24/02/2026,Campus Desk,PENDING,Registered,Vegetarian,750,6,
S12566,Vijay Menon,Male,7/14/2026,24,Kochi,Civil Engineering,Sports Meet,23/06/2026,Walk-in,PENDING,absent ,   ,200,1,5.0 / 5
S12606,Vikram Das,Female,19-Aug-26,17,Mysuru,Arts,Seminar,25/06/2026,Campus Desk,Pending,Registered,Non-Vegetarian,750,1,1
S12463,Lakshmi Rao,Other,10-Jul-26,21,Coimbatore,Electronics,Hackathon,7/7/2026,Email,Pending,Attended,Vegetarian,300 rupees,1.5 hours,5.0 / 5
S11549,Lakshmi Rao,Female,5/19/2026,25,Kochi,Commerce,workshop,2/4/2026,Campus Desk,PAID,Attended,Non-Vegetarian,0,2,3
S11663,Swetha Menon,Male,16/03/2026,19,Coimbatore,Commerce,Hackathon,29/01/2026,Campus Desk,Waived,Attended,Vegetarian,200,4,2
S10568,Harini Iyer,Female,14-Aug-26,23,Chennai,,Hackathon,10/8/2026,Email,Paid,Registered,Vegetarian,500,3,3.0 / 5
S10602,Divya Iyer,Other,30-Mar-26,22,Bengaluru,Management,seminar,25/03/2026,Email,Refunded,Registered,No Meal,₹300,3.0 hours,4
S12723,Priya Sharma,Other,8/23/2026,17,Bengaluru,Arts,Hackathon,26/07/2026,Email,PAID,Cancelled,Vegan,0,4,3
S12613,Pooja Das,MALE,7/25/2026,24,Bengaluru,Commerce,Seminar,4/7/2026,Website,waive,Attended,Vegan,100,1.5,4
S12947,Keerthi Rao,Other,5/6/2026,17,Kochi,Management,Sports Meet,4/6/2026,Walk-in,pending,absent ,Non-Vegetarian,150,2,5
S12958,Meena Patel,Other,8/24/2026,26,Mysuru,Computer Science,Hackathon,29/06/2026,Walk-in,Paid,Absent,No Meal,100 rupees,2.0 hours,3.0 / 5
S11488,Anitha Nair,Male,29-Aug-26,23,Kochi,Management,Sports Meet,11/7/2026,Mobile App,waive,Cancelled,Vegan,Rs 500,4.0 hr,3
S10888,Rahul Menon,Male,2/11/2026,19,Coimbatore,Commerce,Sports Meet,22/01/2026,Campus Desk,Paid,Registered,Non-Vegetarian,500 rupees,1.0 hr,3
S10951,Priya Sharma,Other,3/16/2026,26,Madurai,Management,Seminar,8/3/2026,Website,Refunded,Registered,Non-Vegetarian,0,4,2
S10803,Manoj Kumar,Female,3/3/2026,17,Pune,Mechanical, Cultural Fest,2/2/2026,Website,waive,Attended,Vegan,200,3,2.0 / 5
S11674,Naveen Sharma,Female,2/4/2026,25,Pune,Commerce,Cultural Fest,15/12/2025, Mobile App,waive,Absent,Vegan,150,3,5
S11254,Karthik Rao,Male,8/4/2026,18,Pune,Computer Science,Hackathon,30/06/2026,Email,Paid,Attended,Vegan,100,1,3.0 / 5
S11743,Priya Sharma,female,1/2/2026,26,Kochi,Electronics,Hackathon,24/01/2026,Walk-in,Refunded,Absent,Non-Vegetarian,0,2,2
S12435,Harini Iyer,Other,20-May-26,18,Hyderabad,Civil Engineering,Hackathon,19/05/2026,,Paid,Attended,Vegan,0,3,5
S12513,Vijay Menon,Other,8/5/2026,26,Pune,Arts,Seminar,10/3/2026,Walk-in,Waived,Attended,Vegan,150,3,
S12230,Keerthi Rao,Other,7/17/2026,27,Salem,Arts,Cultural Fest,1/7/2026,Walk-in,Waived,absent,Vegetarian,₹300,1.0 hr,5.0 / 5
S10199,Meena Patel,male,1/31/2026,22,Mysuru,Civil Engineering,Workshop,26/01/2026,Walk-in,Paid,Absent,Vegan,150,2.5,
S10674,Priya Sharma,Male,30-May-26,22,Trichy, Electronics,Hackathon,17/04/2026,Walk-in,Paid,ATTENDED,Vegan,250 rupees,6.0 hr,2
S10398,Meena Patel,Male,5/20/2026,18,Chennai,Electronics,Hackathon,9/4/2026,Walk-in,Paid,Absent,Vegan,Rs 200,6.0 hr,2
S10085,Swetha Menon,Other,18-Jun-26,22,Hyderabad,Management,Career Fair,28/04/2026,Mobile App,Paid,absent ,No Meal,150,4,5
S10392,Suresh Kumar,Other,27-Mar-26,26,Madurai,Computer Science,Workshop,16/02/2026,Website,Refunded,Registered,No Meal,₹0,4.0 hours,3
S10882,Pooja Das,Other,25/03/2026,24,Kochi,Electronics,Career Fair,17/02/2026,Campus Desk,Refunded,attended,Vegan,200,3,4
S11994,Anitha Nair,FEMALE,3/13/2026,20,Bengaluru,Management,Hackathon,27/01/2026,Walk-in ,Paid,cancelled,Non-Vegetarian,750,6,4.0 / 5
S11450,Karthik Rao,Female,16-Aug-26,25,Coimbatore,Commerce,Seminar,25/06/2026,Website,Refunded,absent,Vegan,750,1,5.0 / 5
S11088,Manoj Kumar,Other,31-Aug-26,21,Coimbatore,Civil Engineering,Seminar,10/7/2026,Mobile App,Waived,Cancelled,Vegetarian,750,1.5,4.0 / 5
S10773,Manoj Kumar,Female,7/20/2026,23,Bengaluru,Mechanical,Sports Meet,6/6/2026,Campus Desk,Refunded,Registered,Vegetarian,250,2.5,4
S12226,Lakshmi Rao,MALE,8/30/2026,17,Hyderabad,Commerce,Cultural Fest,17/07/2026,Email,Waived,Registered,No-meal,250,1.5,5.0 / 5
S10145,Priya Sharma,Male,16-Jun-26,24,Bengaluru,Mechanical,Cultural Fest,29/05/2026,Walk-in,Refunded,absent ,Vegetarian,750,1.5,3
S12995,Swetha Menon,Male,8/1/2026,26,Mysuru,Mechanical,Seminar,7/12/2025,Walk-in,Pending,Cancelled,No Meal,200,1.5,
S11367, Rahul Menon,Female,13/05/2026,22,Trichy,Civil Engineering,workshop,25/03/2026,Campus Desk,Refunded,ABSENT,Non-Vegetarian,0,2.5,4
S11880,Vikram Das,Female,3/13/2026,22,Hyderabad,Civil Engineering,Career Fair,3/3/2026,Website,Pending,Registered,No-meal,750,4,2
S11380,Vikram Das,Other,3/9/2026,19,Kochi,Computer Science,Sports Meet,8/3/2026,Mobile App,Pending,absent ,Vegan,250,3,4.0 / 5
S10590,Karthik Rao,Other,5/5/2026,19,Bengaluru,Computer Science,seminar,18/03/2026,Campus Desk,Refunded,Registered,Non-Vegetarian,250 rupees,2.5 hr,4
S12909,Meena Patel,Other,not available,26,Salem,Mechanical,Career Fair,10/12/2025,Walk-in,Pending,Attended,No Meal,100,3,1
S12648,Keerthi Rao,Other,4-Apr-26,27,Pune,Management,Workshop,29/03/2026,Website,waive,Attended,Non-Vegetarian,100,6,1
S11481,Divya Iyer,Male,26-Mar-26,21,Hyderabad,Computer Science,Seminar,21/03/2026,Email,Refunded,ATTENDED,Vegetarian,300,4,5
S10342,Karthik Rao,Male,5/9/2026,18,Trichy,Electronics,Hackathon,7/5/2026,Mobile App,waive,Absent,No Meal,750,1,3.0 / 5
S12787,Ajay Nair,Other,1/15/2026,24,Mysuru,Arts,Sports Meet,11/1/2026,Website,waive,Attended,Vegetarian,150,6,5.0 / 5
S10253,Lakshmi Rao,FEMALE,6-Feb-26,27,Bengaluru,Computer Science,Hackathon,25/12/2025,Campus Desk,Refunded,ABSENT,Vegan,200,1,3
S11140,Meena Patel,Male,7/8/2026,24,Salem,Electronics,Hackathon,20/05/2026,Website,Paid,Registered,Non-Vegetarian,150,1,1
S10230,Meena Patel,Other,8/28/2026,18,Trichy,Civil Engineering,Cultural Fest,27/07/2026,Campus Desk,Paid,Registered,No-meal,500,2.5,1
S10525,Ajay Nair,Other,8/29/2026,23,Madurai,Mechanical,SEMINAR,2/8/2026,Website,Waived,cancelled,No Meal,300,2.5,4
S10965,Ravi Patel,Male,1/2/2026,20,Bengaluru,Civil Engineering,Workshop,4/1/2026,Mobile App,Paid,Registered,No-meal,INR 150,2.0 hours,5
S11934,Lakshmi Rao,Other,4/2/2026,25,Coimbatore,Management,Workshop,22/03/2026,,Refunded,Registered,No Meal,0,1,1.0 / 5
S12656,Vijay Menon,Other,15/03/2026,23,Trichy,Commerce,Hackathon,3/2/2026,Website,Refunded,Attended,No Meal,100,6,2.0 / 5
S10514,Manoj Kumar,Female,28/04/2026,26,Madurai,Management,Cultural Fest,24/04/2026,Campus Desk,Paid,cancelled,Vegan,0,1,4
S11421,Vijay Menon,Male,6/13/2026,19,Trichy,Mechanical,Career Fair,14/04/2026,Mobile App,Refunded,Cancelled,Non-Vegetarian,200,4,5
S11458,Karthik Rao,Female,16-Jan-26,22,Bengaluru ,Commerce,Sports Meet,27/12/2025,Campus Desk,Waived,absent,Vegan,200,1,1
S11152,Keerthi Rao,Other,8/27/2026,26,Mysuru,Computer Science,Cultural Fest,13/07/2026,Walk-in,waive,absent ,No-meal,250,2.5,3
S12418,Vijay Menon,,4/6/2026,19,Hyderabad,Mechanical,Sports Meet,5/5/2026,Walk-in,Paid,Cancelled,Vegetarian,300,1,2
S11582,Priya Sharma,,2/15/2026,20,Mysuru,Mechanical,Hackathon,31/01/2026,Email,Waived,Registered,Non-Vegetarian,500 rupees,3.0 hr,2
S10084,Swetha Menon,Male,30/03/2026,25,,Commerce,Hackathon,23/03/2026,Walk-in,Paid,ABSENT,Vegetarian,500,2,3
S11237,Vijay Menon,Male,31-Aug-26,18,Chennai,Management,WORKSHOP,6/7/2026,Email,Pending,Registered,Vegetarian,750,1.5,2
S11786,Pooja Das, Male,4/15/2026,17,Madurai,Arts,Sports Meet,1/4/2026,Mobile App,Waived,Cancelled,Vegetarian,200,6,3
S11699,Vijay Menon,Male,5/31/2026,21,Salem,Commerce,Workshop,17/04/2026,Walk-in ,waive,Attended,Non-Vegetarian,250,1,3
S11936,Ravi Patel,Other,4/28/2026,24,Hyderabad,Arts,Career Fair,27/04/2026,Website,Paid,Attended,Vegetarian,100,1.5,5
S12495,Naveen Sharma,Female,26/05/2026,26,Mysuru,Electronics,Career Fair,21/05/2026,Walk-in,Paid,Absent,Vegetarian,0,1,3
S10129,Manoj Kumar, Female,10/7/2026,17,Coimbatore,Civil Engineering,Career Fair,25/06/2026,Website,Pending,absent ,Non-Vegetarian,0,2,4
S12192,Naveen Sharma,Other,29-Jun-26,21,Kochi,Arts,Sports Meet,7/5/2026,Campus Desk,Paid,Attended,No-meal,300,2.5,4
S12422,Anitha Nair,Other,17-Jul-26,23,Pune,Commerce,Cultural Fest,4/7/2026,Website,PENDING,Registered,Vegan,300,4,2
S10895,Naveen Sharma,Female,29/07/2026,21,Salem,Commerce,Career Fair,9/6/2026,Walk-in,Refunded,Registered,Non-Vegetarian,INR 200,4.0 hours,
S11073,Arun Kumar,,18-Aug-26,19,Salem,Civil Engineering,Sports Meet,21/07/2026,Walk-in,Refunded,Registered,Vegetarian,250,2.5,4.0 / 5
S12077,Naveen Sharma,Male,1/5/2026,26,Mysuru,Civil Engineering,workshop,6/3/2026,Mobile App,Paid,Attended,No-meal,200,6,2.0 / 5
S11355,Vikram Das,Female,4/26/2026,19,Madurai,Computer Science,Cultural Fest,6/4/2026,Campus Desk,Waived,Absent,Vegetarian,INR 200,4.0 hours,1
S12248,Pooja Das,FEMALE,8/26/2026,25,Chennai,Commerce,Career Fair,24/07/2026,Campus Desk,waive,Cancelled,No Meal,500,1.5,1
S10356,Pooja Das,Other,16-Feb-26,23,Coimbatore,Arts,Seminar,17/01/2026,Website,waive,attended,Vegetarian,INR 750,2.0 hr,4.0 / 5
S12619,Manoj Kumar,Other,6-Apr-26,21,Salem,Mechanical,seminar,23/02/2026,Mobile App,Refunded,Registered,Non-Vegetarian,INR 500,4.0 hours,5
S11400,Anitha Nair,Female,12-Feb-26,22,Salem,Civil Engineering,Hackathon,17/01/2026,Walk-in,Paid,Cancelled,Vegetarian,150,3,3
S11810,Pooja Das,Female,15/04/2026,26,Trichy,Computer Science,Seminar,1/3/2026,Email,Pending,absent,Vegetarian,200,2,3.0 / 5
S11891,Meena Patel,Other,4/14/2026,26,Salem,Arts,Career Fair,7/3/2026,Email,Paid,Absent,Vegan,250,1.5,5
S12292,Ravi Patel,Other,28-Jul-26,21,Mysuru,Civil Engineering,Seminar,13/06/2026,  Website  ,Pending,Attended,Vegetarian,100,2.5,4
S10209, Naveen Sharma, Female,13-Jul-26,25,Hyderabad,Commerce,Career Fair,11/6/2026,Mobile App,Refunded,Registered,No Meal,300,6,1
S12570,Suresh Kumar,Male,5/3/2026,19,Trichy,Computer Science,Seminar,4/3/2026,Walk-in,Refunded,Attended,No Meal,100,4,4
S11344,Pooja Das,male,7/5/2026,21,Trichy,Electronics,Seminar,13/05/2026,Mobile App,Pending,attended,Non-Vegetarian,300,4,5
S10796,Ravi Patel,Female,22/04/2026,21,Kochi,  Management  ,Workshop,10/3/2026,Walk-in,Waived,ABSENT,Vegan,300 rupees,1.0 hr,1.0 / 5
S11436,Karthik Rao,Female,3/17/2026,24,Chennai,Commerce,Workshop,23/02/2026,Walk-in,Waived,Cancelled,No Meal,500,2,3.0 / 5
S12988,Priya Sharma,female,3/17/2026,27,Hyderabad,Civil Engineering,Hackathon,9/2/2026,Email,PENDING,Registered,Vegan,500 rupees,3.0 hr,3
S11222,Rahul Menon,Female,5/4/2026,23,Trichy,Commerce,Seminar,26/02/2026,Email,Paid,absent ,Vegetarian,200,3,3
S10363,Priya Sharma,Other,6/21/2026,17,Bengaluru,Arts,Workshop,11/5/2026,Email,Paid,Cancelled,Non-Vegetarian,0,4,4
S11598,Priya Sharma,Male,6/27/2026,18,Pune,Arts,Career Fair,6/5/2026,Mobile App,Refunded,Cancelled,Non-Vegetarian,150,6,2
S11097,Keerthi Rao,Female,24/03/2026,24,,Electronics,Career Fair,3/3/2026,Campus Desk,Refunded,Registered,Vegetarian,150,6,4
S12578,Naveen Sharma,Other,6/13/2026,21,Chennai,Electronics,Hackathon,14/04/2026,Website,Waived,cancelled, Non-Vegetarian,150,4,4
S10367,Manoj Kumar,Other,1/4/2026,17,Hyderabad,Arts,Cultural Fest,9/2/2026,Website,Paid,cancelled,Vegetarian,500,1,2
S11718,Rahul Menon,Other,19-Jan-26,25,Madurai,Commerce,Cultural Fest,5/1/2026,Campus Desk,paid,ABSENT,Non-Vegetarian,100,4,5
S10318,Ravi Patel,Female,27-Mar-26,19,Coimbatore,Arts,Career Fair,1/2/2026,Walk-in,PAID,attended,   ,0,6,3
S11697,  Priya Sharma  ,Female,5/1/2026,22,Coimbatore,Electronics,Workshop,9/4/2026,Mobile App,pending,attended,No Meal,₹150,1.0 hours,2
S11626,Meena Patel,Male,5/5/2026,25,Bengaluru,Mechanical,Cultural Fest,26/03/2026,  Email  ,paid,Registered,Vegetarian,300,2,5
S12743,Lakshmi Rao,Female,25/06/2026,17,Salem,Mechanical,Cultural Fest,8/5/2026,Campus Desk,Paid,Attended,No Meal,300,2.5,1
S10992,Vijay Menon,Other,29-May-26,18,Bengaluru,Computer Science,Workshop,21/04/2026,Email,PAID,attended,Vegan,250,2,5
S10147,Arun Kumar,Other,4/25/2026,25,Hyderabad,Electronics,Cultural Fest,27/03/2026,Website,PENDING,Attended,Non-Vegetarian,500,1,
S11734,Manoj Kumar, Female,8/8/2026,25,Hyderabad,Civil Engineering,Sports Meet,31/07/2026,Campus Desk,waive,Cancelled,Non-Vegetarian,100,2,4
S11561,Divya Iyer,Male,4-Apr-26,23,Trichy,Management,Sports Meet,13/02/2026,Website,Refunded,cancelled,No Meal,500 rupees,6.0 hours,4
S11981,Priya Sharma,Other,20/01/2026,22,Bengaluru,Computer Science,Sports Meet,8/1/2026,Mobile App,PENDING,Registered,Non-Vegetarian,₹300,3.0 hr,5
S11350,Suresh Kumar,female,4/15/2026,24,Bengaluru,Arts,Hackathon,4/4/2026,Campus Desk,PAID,Attended,No Meal,0,1.5,4.0 / 5
S11377,Deepa Sharma,Male,23-May-26,23,Coimbatore,Management,Career Fair,22/05/2026,Walk-in,paid,Attended,No-meal,100,4,5
S10295,Anitha Nair,Male,7/1/2026,26,Kochi,Computer Science,Hackathon,4/1/2026,Walk-in,PAID,Cancelled,Non-Vegetarian,750,4,5.0 / 5
S12590,Naveen Sharma,Other,,24,Hyderabad,Computer Science,Hackathon,6/4/2026,Email,Waived,attended,No Meal,200,6,5
S12367,Divya Iyer,male,25-Aug-26,23,Chennai,Mechanical,Career Fair,28/06/2026,Website,Waived,cancelled,Non-Vegetarian,100,1,5.0 / 5
S11997,Keerthi Rao,Male,3/21/2026,19,Salem,Mechanical,Sports Meet,1/2/2026,,Pending,Absent,Vegan,150,4,3
S10006,Deepa Sharma,female,13-Aug-26,19,Kochi,Mechanical,Hackathon,5/8/2026,Campus Desk,Refunded,ATTENDED,Vegetarian,150,6,4
S11675,Naveen Sharma,Male,31/01/2026,23,Coimbatore,Commerce,workshop,3/12/2025,Website,Paid,Attended,No Meal,500,4,5
S10949,Ajay Nair,Other,4/3/2026,23,Salem,Computer Science,Seminar,25/03/2026,Mobile App,Refunded,Registered,Vegan,500,3,3
S12607, Priya Sharma,Other,7-Aug-26,23,Mysuru,Computer Science,Hackathon,25/07/2026,Mobile App,Paid,attended,No-meal,750,3,2.0 / 5
S12747,Anitha Nair,Other,7/9/2026,25,Salem,Mechanical,Sports Meet,5/7/2026,Campus Desk,Refunded,Cancelled,,100,3,4.0 / 5
S12280,Rahul Menon,Male,6/20/2026,22,Salem,Commerce,Sports Meet,26/05/2026,Mobile App,Refunded,Registered,Non-Vegetarian,200,4,2.0 / 5
S11360,Manoj Kumar,,1/21/2026,17,Trichy,Electronics,Workshop,10/12/2025,Mobile App,Pending,absent ,Vegan,0,3,3
S12049,Vijay Menon,Female,25/05/2026,21,Chennai,Commerce,WORKSHOP,1/4/2026,Walk-in,Waived,cancelled,Vegan,500,2.5,3
S11135,Rahul Menon,Male,5-Mar-26,20,Coimbatore,Management,Sports Meet,10/1/2026,Walk-in,Pending,absent ,Vegetarian,500,4,2
S10661,Rahul Menon,FEMALE,18-Jan-26,25,Trichy,Mechanical,Workshop,10/12/2025,Website,PAID,cancelled,Non-Vegetarian,300,1,2.0 / 5
S10221,Arun Kumar,Female,31-Jan-26,25,,Management,Career Fair,6/1/2026,Mobile App,waive,ABSENT,Non-Vegetarian,250,1.5,1
S10859,Karthik Rao,Male,1/9/2026,24,Mysuru,Commerce,Career Fair,14/08/2026,Campus Desk,Refunded,cancelled,Vegetarian,250,1.5,5.0 / 5
S10229,Divya Iyer,Other,2-Feb-26,17,Kochi,Commerce,Cultural Fest,24/01/2026,Email,Refunded,cancelled,Non-Vegetarian,150,1,4
S12417,Swetha Menon,Female,12/8/2026,27,   ,Commerce,Career Fair,29/06/2026,Walk-in,Pending,Registered,No-meal,250,4,5
S12824,Priya Sharma,Female,8/19/2026,27,Trichy,Commerce,seminar,18/07/2026,  Campus Desk  ,Refunded,ABSENT,Vegetarian,150,1,1
S11899,Lakshmi Rao,Other,2/21/2026,19,Hyderabad,Management,Sports Meet,6/1/2026,Email,Refunded,Registered,Non-Vegetarian,100,4,2
S12999,Deepa Sharma,Other,14/02/2026,23,Coimbatore,Mechanical,Career Fair,13/01/2026,Campus Desk,waive,Absent,Vegan,150,3,2
S10486,Naveen Sharma,Male,2/6/2026,18,Chennai,Arts,Hackathon,25/05/2026,Website,Refunded,Attended,No Meal ,0,1,4
S11814, Karthik Rao, Male,24/06/2026,26,Bengaluru,Computer Science,Seminar,30/05/2026,Campus Desk,Pending,Registered,Vegan,0,6,5
S12528,Divya Iyer,Other,30-Jul-26,19,Salem,Management,Workshop,31/05/2026,,Pending,Absent,Vegetarian,250 rupees,2.5 hr,4
S10281,Ajay Nair,MALE,3/10/2026,26,Chennai,Commerce,Seminar,2/2/2026,Mobile App,Waived,Cancelled,Vegan,0,2.5,1.0 / 5
S12477,Vijay Menon,Female,6/17/2026,24,Trichy,  Civil Engineering  ,Seminar,21/04/2026,Mobile App,Refunded,cancelled,Vegan,150,6,4.0 / 5
S10611,Vikram Das,Male,4/4/2026,24,Madurai,Arts,Cultural Fest,12/2/2026,Website,Pending,Cancelled,Vegetarian,500,6,4
S11748,Meena Patel,female,6/28/2026,27,,Electronics,Cultural Fest,17/06/2026,Website,Pending,Attended,,0,1,4.0 / 5
S10414,Swetha Menon,Other,4/3/2026,23,Pune,Arts,Career Fair,11/3/2026,Walk-in,Refunded,Attended,No-meal,300,1,2
S10609,Swetha Menon,Other,10-Apr-26,25,Salem,Arts,Cultural Fest,29/03/2026,Website,PENDING,Cancelled,No Meal,150,3,4
S12317,Swetha Menon,Female,22-Jun-26,22,Kochi,Computer Science,Cultural Fest,28/04/2026,Website,paid,Absent,No-meal,750,6,3.0 / 5
S10527,Anitha Nair, Male,6/28/2026,21,Mysuru,Civil Engineering,Workshop,18/06/2026,Website,Pending,Absent,No Meal,200,3,5.0 / 5
S11347,Manoj Kumar,Other,9/1/2026,25,Coimbatore,Management,Hackathon,22/11/2025,Email,PENDING,Cancelled,Non-Vegetarian,₹250,2.5 hours,4
S11483,Priya Sharma,Male,18/07/2026,21,Pune,Mechanical,Cultural Fest,4/7/2026,Website,Paid,Attended,Vegetarian,250,1.5,2
S11270,Priya Sharma,,5/6/2026,19,Madurai,  Commerce  ,Hackathon,5/5/2026,Website,Refunded,Registered,Vegetarian,500,2.5,2
S11946,Ajay Nair,Female,11/8/2026,21,Hyderabad,Commerce,Sports Meet,11/7/2026,Mobile App,Refunded,ABSENT,Vegetarian,250 rupees,6.0 hours,3
S12159,Lakshmi Rao,Female,24/05/2026,19,,Commerce,Workshop,26/04/2026,Email,PENDING,cancelled,Vegan,750,2,3.0 / 5
S12236,Pooja Das, Female,11-Mar-26,25,Kochi,Civil Engineering,Hackathon,25/02/2026,Mobile App,Waived,Absent,Non-Vegetarian,750,1,3
S12752,Ajay Nair,FEMALE,7-May-26,24,Trichy,Civil Engineering,Hackathon,23/04/2026,Mobile App,Pending,absent,No-meal,100,3,4
S12136,Rahul Menon,Male,8/4/2026,24,Chennai,Electronics,Career Fair,17/03/2026,,Paid,Registered,Vegan,250,1.5,1
S10666,Manoj Kumar,female,4/2/2026,17,Coimbatore,Commerce,Workshop,5/3/2026,Campus Desk,Waived,Absent,Non-Vegetarian,200,1.5,1
S11888,Pooja Das,Other,3/22/2026,22,Coimbatore,Management,Career Fair,20/02/2026,Website,Refunded,Registered,Vegan,500,1.5,1
S10334,Ravi Patel,Female,28/07/2026,22,Chennai,Electronics,Sports Meet,30/05/2026,Campus Desk,paid,Registered,Vegan,100,1.5,3
S10795,Suresh Kumar,Other,3-Mar-26,18,Bengaluru,Commerce,Career Fair,28/01/2026,Campus Desk,Pending,Cancelled,Vegan,100,4,5
S10809,Karthik Rao,Male,22/07/2026,26,Salem,Arts,Career Fair,17/07/2026,Website,paid,absent,Vegetarian,100,3,4
S11960,Vijay Menon,Female,11-Feb-26,24,Bengaluru,Computer Science,Career Fair,18/12/2025,Campus Desk,waive,Registered,Vegan,500,1.5,2.0 / 5
S10714,Ajay Nair,Other,11/8/2026,27,Hyderabad,Computer Science,Career Fair,12/7/2026,Walk-in,Pending,attended,Vegan,300,4,4.0 / 5
S10121,Meena Patel,Male,5/1/2026,25,Hyderabad,Computer Science,Workshop,20/03/2026,Campus Desk,Paid,cancelled,Vegan,750,1.5,5
S12034,Keerthi Rao, Female,8/9/2026,22,Mysuru,Electronics,Workshop,28/06/2026,Email,PAID,Attended,No Meal,100,1,4.0 / 5
S10561,Lakshmi Rao,FEMALE,8/29/2026,27,,Electronics,Cultural Fest,9/8/2026,Mobile App,Paid,Cancelled,Non-Vegetarian,0,2.5,5
S11218,Priya Sharma,Male,12/8/2026,19,Mysuru,Arts,Cultural Fest,28/07/2026,Mobile App,Refunded,Cancelled,Non-Vegetarian,200,6,5.0 / 5
S12993,Meena Patel,Other,2/3/2026,22,Kochi,Arts,Cultural Fest,22/01/2026,Website,Paid,cancelled,Vegan,150,4,4
S10358,Naveen Sharma,Other,7/11/2026,26,Hyderabad,Civil Engineering,Hackathon,28/05/2026,Walk-in,Refunded,Cancelled,Non-Vegetarian,200,3,3
S11512,Meena Patel,Male,8/14/2026,25,Coimbatore,Mechanical,Sports Meet,4/8/2026,Website,waive,cancelled,Vegan,200,2,5
S12005,Vikram Das,Other,2/28/2026,19,   ,Mechanical,Cultural Fest,20/02/2026,Email,waive,Attended,Non-Vegetarian,150,1.5,2.0 / 5
S12012,Manoj Kumar,Female,28/08/2026,20,Pune,Electronics,Sports Meet,21/08/2026,Website,Pending,Cancelled,Non-Vegetarian,INR 500,1.5 hours,4
S12253,Keerthi Rao,Other,3/7/2026,27,Mysuru,Commerce,Seminar,2/6/2026,Campus Desk,Pending,Registered,Vegan,0,1.5,3
S11629,Naveen Sharma,Other,2-Aug-26,19,Salem,Management,Workshop,17/06/2026,Email,Refunded,Registered,Vegetarian,200,2.5,1.0 / 5
S10556,Manoj Kumar,Male,3/4/2026,27,Hyderabad,Computer Science,Sports Meet,10/2/2026,Mobile App,Waived,absent ,Non-Vegetarian,500,2.5,5
S10270,Ajay Nair,Other,6/9/2026,23,Trichy,Computer Science,Cultural Fest,6/6/2026,Walk-in,pending,ABSENT,Vegetarian,500 rupees,3.0 hours,5.0 / 5
S11036,Vikram Das,Other,20-Feb-26,19,Mysuru,Management,Career Fair,8/2/2026,Campus Desk,Pending,attended,Vegan,200,4,4
S10485,Meena Patel,Female,5/6/2026,27,Pune,Computer Science,Hackathon,14/04/2026,Website,Refunded,Cancelled,Vegetarian,300,6,3
S12048,Ajay Nair,Other,1-Mar-26,24,Mysuru,Electronics,Hackathon,27/01/2026,Walk-in ,waive,Attended,Non-Vegetarian,150,6,3
S10207,Ravi Patel,Male,3/16/2026,19,Hyderabad,Management,Cultural Fest,18/02/2026,Campus Desk,Refunded,Attended,Non-Vegetarian,INR 500,1.0 hr,4.0 / 5
S10653,Deepa Sharma,Other,21-Apr-26,23,Mysuru,Management,Hackathon,27/02/2026, Email,Refunded,Attended,No-meal,150,1,3
S10570,Naveen Sharma,male,10/3/2026,22,Madurai,Commerce, Hackathon,6/2/2026,Campus Desk,Paid,cancelled,Non-Vegetarian,300,2,1
S10680,Harini Iyer,Other,6/22/2026,25,Bengaluru,Mechanical,Workshop,19/05/2026,Campus Desk,Paid,Attended,No Meal,INR 750,2.0 hours,3
S10221,Arun Kumar,Female,31-Jan-26,25,,Management,Career Fair,6/1/2026,Mobile App,waive,ABSENT,Non-Vegetarian,250,1.5,1
S10522,Vikram Das,Female,25-Mar-26,20,Coimbatore,Mechanical,Workshop,14/03/2026,,Paid,Cancelled,,200,2.5,2.0 / 5
S10574,Meena Patel,Other,1/5/2026,26,Mysuru,Commerce,Sports Meet,25/12/2025,Email,waive,Registered,Non-Vegetarian,200,3,1
S12524,Keerthi Rao,Male,2/2/2026,25,Pune,Commerce,Sports Meet,5/1/2026,Email,Pending,Attended,Non-Vegetarian,150,1.5,4
S11928,Naveen Sharma,Male,13-Jul-26,25,Pune,Management,Hackathon,17/06/2026,Email,Waived,Absent,Non-Vegetarian,200,2.5,5
S10634,Keerthi Rao,Other,7/11/2026,23,Pune ,Commerce,Workshop,12/5/2026,Walk-in,Paid,Attended,No-meal,200,2,2
S11298,Lakshmi Rao,,3/24/2026,23,Coimbatore,Mechanical,Seminar,5/2/2026,Walk-in,Pending,ABSENT,Vegetarian,500,3,2
S11047,Pooja Das, Male,3/18/2026,25,Hyderabad,Computer Science,Sports Meet,16/03/2026,,Pending,attended,Vegetarian,500,4,5.0 / 5
S12182,Keerthi Rao,Male,6/25/2026,19,Mysuru,Commerce,Hackathon,9/5/2026,Email,Pending,Attended,Non-Vegetarian,750,1.5,3
S12750,Pooja Das,Other,17/04/2026,25,Trichy,Arts,Sports Meet,23/03/2026,Website,Refunded,Registered,Vegan,750,1.5,2
S11650,Ravi Patel,Female,17/05/2026,21,Coimbatore,Civil Engineering,Cultural Fest,5/4/2026,Campus Desk,Paid,absent , Non-Vegetarian,200,6,4
S11769,Lakshmi Rao,Male,2/22/2026,24,Bengaluru,Mechanical,Seminar ,7/1/2026,Email,waive,Attended,Vegan,150,1,2
S11991,Karthik Rao,Male,1/5/2026,22,Hyderabad,Mechanical,seminar,2/12/2025,Mobile App,Waived,Cancelled,Vegetarian,250,3,4
S11388,Lakshmi Rao,Male,4-Feb-26,20,Madurai,Civil Engineering,Workshop,2/2/2026,Campus Desk,Paid,Registered,Vegan,750,2,2
S11600,Anitha Nair,,4/11/2026,19,Bengaluru,Electronics,Seminar,12/3/2026,Email,waive,absent ,No Meal,₹100,1.0 hr,3.0 / 5
S10205,Karthik Rao, Female,8/26/2026,18,Chennai,Computer Science,Cultural Fest,10/7/2026,Mobile App,Pending,absent,Vegan,100,2.5,5
S10114,Ravi Patel,Other,8/7/2026,26,Trichy, Civil Engineering,Hackathon,4/7/2026,Campus Desk,Refunded,absent ,Non-Vegetarian,750,1.5,5
S11132,Karthik Rao,Male,6/14/2026,27,Kochi,Electronics,seminar,2/6/2026,Email,waive,Registered,Vegetarian,150,1.5,2
S11782,Swetha Menon,Male,8/30/2026,18,Kochi,Electronics,Workshop,12/7/2026,Email,Pending,ABSENT,Non-Vegetarian,0,4,4
S12404,Ravi Patel,Other,3/14/2026,20,Coimbatore,Electronics,Sports Meet,12/2/2026,Website,Pending,Cancelled,Vegan,300,4,2
S10658,Divya Iyer,Female,1-Feb-26,24,Chennai,Computer Science,Career Fair,18/12/2025,Walk-in,Paid,Registered,Vegan,500,1.5,5
S11783,Priya Sharma,Male,7/21/2026,24,Coimbatore,Arts,Hackathon,20/06/2026,Email,waive,Registered,Non-Vegetarian,750,6,2
S10509,Pooja Das,Female,15/04/2026,19,Mysuru,Computer Science, Sports Meet,6/3/2026,Walk-in,Refunded,absent ,Vegan,INR 500,1.5 hr,2
S10109,Deepa Sharma,Other,5/12/2026,18,Pune,Civil Engineering,SEMINAR,10/5/2026,Email,Refunded,Cancelled,Vegan,500,3,4
S12599,Pooja Das,Male,10-Aug-26,26,Madurai,Commerce ,Sports Meet,27/07/2026,Website,Pending,absent,Non-Vegetarian,0,2.5,1
S11796,Lakshmi Rao,Other,8/16/2026,27,Chennai,Computer Science,Hackathon,9/7/2026,Mobile App,waive,ATTENDED,No Meal,Rs 0,2.0 hours,3
S10450,Lakshmi Rao,Other,10-Aug-26,26,Trichy,Computer Science,Cultural Fest,9/7/2026,Website,Paid,Cancelled,No-meal,250,1,4
S12130,Pooja Das,Female,17/08/2026,18,Bengaluru,Civil Engineering,Sports Meet,8/8/2026,Walk-in,Waived,Cancelled,Vegan,100,1.5,4.0 / 5
S12631,Lakshmi Rao,Other,13/01/2026,26,Bengaluru,Civil Engineering,Sports Meet,5/12/2025,Email,Refunded,Attended,Vegetarian,750,3,3
S12025,Naveen Sharma,Other,10/4/2026,25,Chennai,Commerce,Seminar,26/03/2026,Walk-in,Paid,absent ,Vegetarian,200,1.5,
S12379,Arun Kumar,Male,16/05/2026,27,Kochi,Mechanical,Hackathon,10/4/2026,Mobile App,paid,Absent,Non-Vegetarian,100,2.5,4.0 / 5
S10838,Deepa Sharma,Other,6/27/2026,19,Pune,Computer Science,Hackathon,1/6/2026,Website,Pending,Registered,Vegan,100,6,2
S11116,Vikram Das,Other,5/8/2026,27,Chennai,Commerce,Workshop,21/04/2026,Email,waive,Attended,Vegetarian,100,3,5
S11448,Harini Iyer,FEMALE,5/23/2026,19,Coimbatore,Mechanical,Sports Meet,20/04/2026,Walk-in,Paid,Attended,No Meal,250,6,2
S12386,Swetha Menon,Other,21-May-26,21,Mysuru,,WORKSHOP,19/04/2026,Campus Desk,waive,Attended,No-meal,250,1,2
S10297,Pooja Das,Male,5/9/2026,24,Madurai,Management,Workshop,24/03/2026,Walk-in,Pending,absent,Vegetarian,250,3,4
S11754, Karthik Rao,MALE,6/1/2026,20,Madurai,Management,Seminar,20/04/2026,Campus Desk,Refunded,Attended,Vegan,Rs 750,3.0 hours,3
S10641,Ajay Nair,male,8/28/2026,27,,Arts,SEMINAR,3/8/2026,Walk-in,Pending,Attended,Non-Vegetarian,₹100,2.0 hours,5
S10785,Rahul Menon,male,3/10/2026,27,Bengaluru,Commerce,Career Fair,26/02/2026,Campus Desk,paid,Registered,Non-Vegetarian,250,2,4.0 / 5
S12652,Keerthi Rao,Male,21-Aug-26,23,Pune,Computer Science,Sports Meet,26/06/2026,Mobile App,PENDING,Attended,Vegan,150,1,3.0 / 5
S11755,Manoj Kumar,female,1/26/2026,26,Pune,Civil Engineering,Hackathon,unknown,Website,Refunded,Registered,No-meal,150,1,4
S11250,Suresh Kumar,Female,2/20/2026,20,Madurai,Commerce,Cultural Fest,4/1/2026,Campus Desk,Refunded,Attended,Vegetarian,0,1.5,5
S12936,Rahul Menon,Male,6/18/2026,27,Bengaluru,Civil Engineering,Sports Meet,30/04/2026,Walk-in,Refunded,Absent,Non-Vegetarian,300,1,4
S12042,Lakshmi Rao,Female,22-Mar-26,21,Salem,Civil Engineering,workshop,16/02/2026,Campus Desk,Pending,Attended,,750,1.5,5.0 / 5
S11984,Suresh Kumar,Female,3/11/2026,25,Hyderabad,Civil Engineering,Career Fair,8/3/2026,Website,paid,Cancelled,Vegetarian,200,2,4
S12489,Anitha Nair,Female,24-May-26,17,Bengaluru,Arts,Sports Meet,20/05/2026,Walk-in,Waived,cancelled,,INR 750,6.0 hr,
S10824,Ajay Nair,Other,19/07/2026,18,Mysuru,Computer Science,Workshop,4/6/2026,Website,Refunded,Registered,Vegetarian,200,2.5,5
S12340,Priya Sharma,Female,25-Apr-26,20,,Commerce,Hackathon,25/03/2026,Website,Pending,Registered,Non-Vegetarian,300,4,3
S12548,Ravi Patel,Male,25/04/2026,23,,Arts,Sports Meet,28/03/2026,Walk-in,Refunded,Cancelled,No Meal,0,4,5
S10562,Vijay Menon,Other,17/04/2026,17, Mysuru,Electronics,Hackathon ,25/03/2026,Website,Paid,Absent,Non-Vegetarian,100,2.5,4.0 / 5
S11211,Rahul Menon,Female,5/22/2026,23,Pune,Electronics,Career Fair,20/04/2026,Walk-in,Pending,Cancelled,No-meal,250,1,1
S12975,Naveen Sharma,Other,6/23/2026,26,Hyderabad,Civil Engineering,workshop,25/05/2026,Walk-in,waive,ABSENT,Vegan,750,4,1
S11261,Keerthi Rao,Female,5-Jun-26,20,Bengaluru,Management,Hackathon,15/05/2026,Walk-in,Refunded,Attended,Non-Vegetarian,0,3,4
S11210,Divya Iyer,Male,31/05/2026,20,Madurai,Management,Seminar,26/04/2026,Mobile App,PAID,ATTENDED,Vegan,150,1,1
S10867,Priya Sharma,Male,4/7/2026,17,Kochi,Management,workshop,8/3/2026,Mobile App,Waived,Registered,Vegan,200,3,3
S10571,Naveen Sharma,Other,27/02/2026,23,Pune,Civil Engineering,Career Fair,20/01/2026,Campus Desk,waive,Registered,Vegan,100,1,2
S12565,Keerthi Rao,Other,28/08/2026,18,Kochi,Mechanical,Cultural Fest,19/07/2026,Email,Waived,Cancelled,No-meal,0,2,1
S10672,Vijay Menon,Female,24-Jul-26,17,Pune,Civil Engineering,Hackathon,7/6/2026,Website,Waived,Cancelled,No-meal,100,3,4
S10160,Divya Iyer,Other,6/6/2026,26,Madurai,Computer Science,Hackathon,28/05/2026,Walk-in,PENDING,Cancelled,No-meal,500,2.5,2
S10438,Manoj Kumar,Other,26/02/2026,21,Mysuru,Commerce,Cultural Fest,1/1/2026,Mobile App,Paid,Absent,Vegetarian,150 rupees,6.0 hr,2
S11552,Priya Sharma,female,8-May-26,18,Bengaluru,Computer Science,Sports Meet,24/03/2026,Email,Paid,cancelled,Non-Vegetarian,500,1,1
S10319,Suresh Kumar ,Other,6-Jun-26,20,Coimbatore,Computer Science,Seminar,22/05/2026,Mobile App,PAID,cancelled,Non-Vegetarian,0,2,1
S12166,Naveen Sharma,Female,2/5/2026,22,Pune,Computer Science,Workshop,3/2/2026,Campus Desk,Refunded,Registered,Vegetarian,0,1.5,2
S10380,Keerthi Rao,Female,3/7/2026,25,Chennai,Arts,Cultural Fest,1/3/2026,Email,Paid,cancelled,   ,0,4,4
S10620,Rahul Menon,Other,8/29/2026,21,Pune,,Career Fair,16/08/2026,Email,Refunded,absent ,No-meal,150,1.5,3
S10926,Vikram Das,Other,8/5/2026,21,Coimbatore,Civil Engineering ,Cultural Fest,unknown,Website,Waived,cancelled,Vegetarian,150,1,4.0 / 5
S10931,Ravi Patel,Other,28-Jan-26,22,Pune,Civil Engineering,Sports Meet ,27/12/2025,Website,Pending,absent,No-meal,150,1,2
S11807,Swetha Menon,Other,31-Jan-26,20,Madurai ,Commerce,Career Fair,1/1/2026,Campus Desk,Refunded,absent ,Non-Vegetarian,250,6,4
S12409,Meena Patel,Other,2/22/2026,20,Bengaluru,Electronics,WORKSHOP,19/01/2026,Email,Paid,Registered,No-meal,INR 500,4.0 hr,5
S12512,Naveen Sharma,Other,5/17/2026,26,Chennai,Computer Science,Hackathon,26/04/2026,Email,Paid,Attended,Vegetarian,500,3,5.0 / 5
S10963,Suresh Kumar,Female,4/8/2026,20,Madurai,Civil Engineering,Seminar,21/07/2026,Mobile App,Paid,Registered,Non-Vegetarian,150,2,4.0 / 5
S12127,Vikram Das,Female,27-Feb-26,22,Chennai,Electronics,Career Fair,15/01/2026,Walk-in,waive,Attended,No-meal,100,4,1
S12504,Arun Kumar,FEMALE,,24,Bengaluru,Computer Science,Sports Meet,8/5/2026,Walk-in,Pending,Cancelled,Vegetarian,150,6,3
S10309,Harini Iyer,Other,26/01/2026,25,Coimbatore,Electronics,Seminar,31/12/2025,Email,Paid,Cancelled,   ,500,6,2.0 / 5
S10629,Suresh Kumar,Female,16-Jul-26,23,Coimbatore,Arts,Seminar,8/6/2026,Website,Pending,Absent,Non-Vegetarian,750,4,1
S12448,Arun Kumar,Other,26/07/2026,17,Trichy,Management,Cultural Fest,30/05/2026,Campus Desk,Waived,Absent,Vegetarian,250,2,3
S12826,Manoj Kumar,Male,2/6/2026,20,Hyderabad,Civil Engineering,Cultural Fest,18/12/2025,Website,Paid,absent ,Vegetarian,500,6,2
S11869,Deepa Sharma,Male,8/31/2026,18,Trichy,Arts,workshop,17/07/2026,Campus Desk,Paid,cancelled,Vegetarian,750,1,5
S10173,Karthik Rao,Other,3/9/2026,27,Bengaluru,Management,Sports Meet,19/02/2026,Walk-in,Refunded,Absent,Non-Vegetarian,100,1.5,5
S10684,Divya Iyer,Other,16/05/2026,25,Coimbatore,Civil Engineering,Workshop,21/03/2026,Website,pending,attended,Non-Vegetarian,500,2.5,3
S11503,Keerthi Rao,Other,10/8/2026,21,Salem,Computer Science,Career Fair,30/06/2026,Website,paid,Registered,No-meal,INR 300,1.5 hours,4
S12259,Ajay Nair,Male,4/11/2026,25,Hyderabad,Civil Engineering,Seminar,26/03/2026,Campus Desk,waive,Registered,Vegan,100,2,1.0 / 5
S12739,Divya Iyer,Male,7/9/2026,20,Mysuru, Mechanical,Sports Meet,8/7/2026,Campus Desk,PAID,Cancelled,Vegetarian,750,4,4
S10753,Pooja Das,Other,7/25/2026,21,Mysuru,Civil Engineering,SEMINAR,26/06/2026,Walk-in,Waived,Cancelled,Vegan,250,3,1
S12056,Manoj Kumar,Other,16/01/2026,23,Madurai,Computer Science,Sports Meet,5/1/2026,Website,waive,Registered,Non-Vegetarian,250,1,1
S11198,Lakshmi Rao,Other,5/8/2026,24,Chennai,Computer Science,Hackathon,7/6/2026,Email,waive,cancelled,Vegetarian,750,2,3
S10421,Suresh Kumar,Other,3/8/2026,21,Trichy,Commerce,Seminar,15/01/2026,Website,Pending,Registered,Vegetarian,INR 750,2.5 hr,5
S10002,Rahul Menon,Male,5/22/2026,23,Kochi,,workshop,14/05/2026,Campus Desk,waive,Attended,No-meal,100,3,3
S12346,Keerthi Rao,Other,5/21/2026,22,Hyderabad,Civil Engineering,Hackathon,10/4/2026,Walk-in,PAID,cancelled,Vegetarian,Rs 750,3.0 hours,4
S11876,Pooja Das,Female,16-Mar-26,26,Hyderabad,Management,Sports Meet,26/02/2026,Walk-in,waive,absent ,Vegetarian,0,3,1.0 / 5
S11885,Vijay Menon,Female,4/11/2026,20,Kochi,Management,Seminar,12/2/2026,Walk-in,Paid,Registered,Vegan,0,1,2.0 / 5
S12302,Vikram Das,male,4/15/2026,21,Pune,Commerce,Cultural Fest,6/3/2026,Walk-in,Refunded,Cancelled,Vegan,150,6,5
S10451,Anitha Nair,Other,21-Aug-26,23,Chennai,Computer Science,Sports Meet,10/7/2026,Campus Desk,waive,Attended,Vegan,Rs 750,1.0 hr,4
S12968,Rahul Menon,Male,1/15/2026,-5,Kochi, Management,Cultural Fest,14/12/2025,Walk-in,waive,Cancelled,No-meal,100,3,5
S12584,Karthik Rao,Male,3/12/2026,17,Bengaluru,Management,Sports Meet,26/02/2026,Mobile App,Pending,absent,Vegetarian,Rs 150,1.0 hours,3
S10142,Lakshmi Rao,Female,5/26/2026,17,Bengaluru,Civil Engineering,Career Fair,25/04/2026,Website,Refunded,Cancelled,No-meal,0,4,2
S10777,Vikram Das,Male,15/08/2026,20,Pune,Mechanical,Workshop,28/06/2026,Website,Refunded,Attended,No-meal,500,1,4
S11910,Arun Kumar,MALE,29/03/2026,23,Hyderabad,Arts,Cultural Fest,9/3/2026,Website,pending,Registered,Non-Vegetarian,0,1,
S10762,Meena Patel,Male,16-Mar-26,25,Pune,Commerce,Sports Meet,31/01/2026,Walk-in,Waived,Registered,Vegan,INR 250,4.0 hours,4
S11538,Priya Sharma,Male,7/3/2026,23,Bengaluru,Civil Engineering,Workshop,5/6/2026,Website,Refunded,Absent,Non-Vegetarian,250,1.5,
S10467,Deepa Sharma,Other,23-Mar-26,24,Hyderabad,Arts,WORKSHOP,4/3/2026,Website,waive,ABSENT,Vegan,INR 0,6.0 hours,2
S12138,Pooja Das,Female,9-Jun-26,18,Pune,Mechanical,WORKSHOP,5/5/2026,Email,Paid,Registered,,200,3,4
S10427,Vikram Das,Female,8/3/2026,24,Coimbatore,Management,Cultural Fest,14/06/2026,Email,Paid,absent,Vegetarian,750,4,4
S11870,Meena Patel,Female,18-Mar-26,20,Chennai,Commerce,Cultural Fest,3/3/2026,Website,Refunded,absent,Vegetarian,500,3,5
S10150,Vijay Menon,FEMALE,31/03/2026,26,Trichy,Commerce,Seminar,5/2/2026,Mobile App,waive,Attended,No Meal,500,6,3
S11656,Vijay Menon,Male,10-Aug-26,24,Hyderabad,Electronics,Career Fair,28/07/2026,Walk-in,waive,Registered,Vegan,750,6,3
S11238,Suresh Kumar,Female,26/05/2026,19,Salem,Arts,Career Fair,5/5/2026,Campus Desk,waive,Absent,Vegan,150,3,3
S12387,Meena Patel,Male,11-Jan-26,23,Pune,Commerce,Sports Meet,8/1/2026,Email,Pending,Absent,No Meal,150,2,3
S11605,Priya Sharma,Female,20-Aug-26,21,Chennai,Computer Science,Seminar,6/8/2026,Email,Pending,cancelled,Vegetarian,300,1,2.0 / 5
S12194,Lakshmi Rao,FEMALE,5/31/2026,25,Pune,Mechanical,Hackathon,21/04/2026,Email,waive,ATTENDED,Vegan,750,3,2
S11171,Karthik Rao,Female,15-May-26,21,Chennai,Computer Science,Career Fair,25/03/2026,Email,Pending,Cancelled,Vegetarian,500,1.5,5
S12361,Suresh Kumar,Female,17/05/2026,20,Bengaluru,Computer Science,Seminar,8/4/2026,Campus Desk,Paid,Registered,No Meal,150,2,2
S12651,Lakshmi Rao,Male,,24,Mysuru,Commerce,Hackathon,23/04/2026,Walk-in,Refunded,Registered,Non-Vegetarian,750,2,1
S12139,Anitha Nair,Male,7/13/2026,23,Chennai,Electronics,Hackathon,10/6/2026,Campus Desk,Waived,Absent,Vegan,INR 100,4.0 hours,
S10249,Deepa Sharma,Other,1/9/2026,27,Madurai,Commerce,Hackathon,15/12/2025,Email,Refunded,Cancelled,Vegan,100 rupees,3.0 hr,1
S12804,Arun Kumar,Other,26/06/2026,25,Trichy,Management,Career Fair,15/06/2026,Campus Desk,waive,Attended,No-meal,INR 0,3.0 hr,3
S10756,Deepa Sharma,Female,18/02/2026,23,Salem,Arts,Hackathon,18/01/2026,Email,Refunded,Registered,,0,4,1
S10192,Deepa Sharma,Other,6/1/2026,23,Madurai,Computer Science,seminar,7/4/2026,Mobile App,Waived,ATTENDED,Non-Vegetarian,300,6,2
S10188,Swetha Menon, Female,8/24/2026,24,Bengaluru,Arts,Sports Meet,13/07/2026,Website,Paid,ATTENDED,Non-Vegetarian,150,1,3
S10442,Karthik Rao,Female,6-Aug-26,25,Bengaluru,Commerce,Hackathon,13/07/2026,Walk-in,pending,cancelled,Vegetarian,₹200,2.5 hours,4
S12790,Ajay Nair,MALE,5/22/2026,21,Salem,Arts,Hackathon,21/05/2026,Walk-in,Pending,Registered,Vegetarian,300,6,2
S11584,Lakshmi Rao,Other,15-Apr-26,26,Chennai,Civil Engineering,Career Fair,3/3/2026,Email,paid,Absent,Vegan,300,2.5,4
S12641,Meena Patel,Other,23/02/2026,18,Mysuru,Commerce,Hackathon,9/2/2026,Website,waive,Absent,Non-Vegetarian,INR 750,3.0 hr,2
S10745,Vikram Das,Other,7/16/2026,23,Bengaluru,Electronics,Sports Meet,2/7/2026,Mobile App,Refunded,absent ,Vegan,250,2,3.0 / 5
S10929,Karthik Rao,MALE,4/26/2026,18,Coimbatore,Computer Science,Career Fair,30/03/2026,Walk-in,waive,Registered,No Meal,250,4,2
S11182, Priya Sharma,Male,2/15/2026,19,Pune,Commerce,Sports Meet,12/1/2026,Mobile App,Waived,Absent,Vegetarian,750,2.5,2
S11788,Naveen Sharma,FEMALE,1/30/2026,26,Hyderabad,Civil Engineering,Cultural Fest,27/12/2025,Mobile App,Refunded,Registered,Vegan,500,1.5,2
S12792,Lakshmi Rao,Male,8/11/2026,19,Bengaluru,Mechanical,Cultural Fest,19/06/2026,Walk-in,Paid,ATTENDED,No-meal,200,1,2
S12554, Karthik Rao,Female,1/20/2026,25,Salem,Management,Career Fair,5/12/2025,Email,Refunded,Absent,No-meal,250 rupees,6.0 hours,2.0 / 5
S11312,Vikram Das,male,12/6/2026,20,Pune,Civil Engineering,Workshop,8/5/2026,Mobile App,waive,Registered,Vegetarian,150 rupees,2.0 hours,5
S10288,Rahul Menon,Female,5-Jan-26,19,Mysuru,Electronics,Hackathon,2/12/2025,Walk-in,pending,absent ,Vegetarian,INR 300,2.0 hours,
S12147,Pooja Das, Female,22-Jun-26,20,Chennai,Mechanical,Seminar,3/6/2026,Walk-in,Refunded,Attended,Vegan,0,2.5,2
S10370,Naveen Sharma,Male,2/10/2026,23,Madurai,Arts,WORKSHOP,23/12/2025,Walk-in,Paid,ATTENDED,Vegan,150,4,0
S12587, Ravi Patel,MALE,26-Jul-26,23,Bengaluru,Computer Science,Career Fair,21/07/2026,Mobile App,Waived,Cancelled,Vegetarian,150,4,1
S10317,Ravi Patel,Other,2/6/2026,27,Hyderabad,Electronics,Sports Meet,28/04/2026,Campus Desk,Pending,Registered,Non-Vegetarian,200 rupees,6.0 hr,2
S10516,Naveen Sharma,Female,2/4/2026,20,Pune,Management,Sports Meet,20/01/2026,Campus Desk,Pending,Cancelled,No Meal,100,2,3
S12831,Swetha Menon,Male,11-Jan-26,23,Pune,Electronics,Seminar,25/11/2025,Campus Desk,waive,Cancelled,Vegan,500,2,5
S10793,Harini Iyer,Female,8/21/2026,18,Trichy,Mechanical,SEMINAR,26/07/2026,Website,Pending,Absent,Non-Vegetarian,150,1.5,4
S11649,Meena Patel,female,5-Feb-26,17,Salem,Computer Science,Cultural Fest,16/01/2026,  Campus Desk  ,PENDING,absent ,No-meal,INR 150,2.0 hours,1
S10567,Keerthi Rao,Male,6/5/2026,18,Coimbatore,Electronics,Seminar,21/03/2026,Walk-in,Pending,cancelled,Non-Vegetarian,150,1.5,5
S11464,Manoj Kumar,Other,3/20/2026,23,Madurai,Commerce,Sports Meet,28/01/2026,Website,Refunded,Registered,Vegan,Rs 750,4.0 hr,3
S10172,Karthik Rao,Male,4/4/2026,20,Kochi,Management,seminar,16/02/2026,Website,paid,Registered,No Meal,150,2.5,5.0 / 5
S11889,Vikram Das,Other,8/24/2026,23,Salem,Computer Science,Career Fair,29/07/2026,Campus Desk,Pending,Cancelled,Vegetarian,100,2,3
S12643,Meena Patel,Other,7/20/2026,22,Mysuru,Commerce,Sports Meet,19/07/2026,Campus Desk,waive,Cancelled,Vegetarian,100,4,2
S11628,Karthik Rao,Other,22/07/2026,22,Mysuru,Management,Hackathon,25/05/2026,Campus Desk,Pending,Registered,Vegan,Rs 100,2.5 hours,3
S12251,Ravi Patel,Female,24/06/2026,25,Hyderabad,Computer Science,Hackathon,10/6/2026,Email,Paid,Registered,Non-Vegetarian,0,2,3
S10669,Priya Sharma,FEMALE,,20,Pune,Management,Cultural Fest,5/7/2026,Walk-in,Paid,Registered,Non-Vegetarian,250 rupees,4.0 hours,5.0 / 5
S11375,Pooja Das,Other,1/15/2026,17,Chennai,Commerce,Workshop,17/12/2025,Campus Desk,Pending,cancelled,Vegan,200,1,5.0 / 5
S10340,Vijay Menon,Other,1-Feb-26,17,Pune,Commerce,Sports Meet,7/1/2026,Mobile App,Paid,cancelled,Vegetarian,100,2.5,4
S10308,Priya Sharma,Female,2/13/2026,27,Hyderabad,Computer Science,Sports Meet,9/2/2026,Campus Desk,PENDING,Absent,Non-Vegetarian,500,2.5,5
S10456,Divya Iyer,Other,15-Jun-26,20,Trichy,Civil Engineering,Sports Meet,7/6/2026,Campus Desk,Paid,Attended,Non-Vegetarian,300,1.5,3
S10958,Deepa Sharma,Male,8/20/2026,22,Madurai,Commerce,Career Fair,4/8/2026,Website,Refunded,Cancelled,Non-Vegetarian,0,6,3
S12293,Anitha Nair,Other,1/30/2026,27,Hyderabad,Civil Engineering,Career Fair,15/01/2026,Website,Pending,Attended,No-meal,250,1,4
S11954,Manoj Kumar,Male,4/7/2026,24,Salem,Arts,seminar,24/02/2026,Walk-in,Refunded,Attended,Non-Vegetarian,INR 0,2.0 hr,4.0 / 5
S12425,Suresh Kumar,,15/04/2026,23,Madurai,Civil Engineering,Sports Meet,17/02/2026,Campus Desk,waive,Attended,Vegan,200,1,
S12416,Naveen Sharma,Other,4/28/2026,27,Mysuru,Arts,Hackathon,21/04/2026,Website,waive,Attended,No-meal,0,4,5
S10351,Ravi Patel,Other,6/2/2026,18,Salem,Electronics,Sports Meet,2/5/2026,Website,Refunded,Absent,Vegetarian,Rs 150,4.0 hr,5
S12559,Lakshmi Rao,Other,1/30/2026,17,Madurai,Civil Engineering,SEMINAR,25/12/2025,Campus Desk,Pending,Absent,Vegan,100,4,4.0 / 5
S11630,Anitha Nair, Male,3/27/2026,18,Trichy,Electronics,Sports Meet,12/3/2026,Walk-in,Paid,Registered,Vegan,300,2.5,2
S11081,Vikram Das,Other,4/10/2026,17,Kochi,Mechanical,Hackathon,2/3/2026,Mobile App,Paid,Absent,Vegan,500,2.5,1
S12618,Ravi Patel,Male,22-Jul-26,18,Mysuru,Electronics,Sports Meet,5/7/2026,Email,Paid,Attended,Vegan,200,3,2.0 / 5
S10536,Pooja Das,Male,2/9/2026,24,Madurai,Commerce,  Sports Meet  ,4/7/2026,Campus Desk,PAID,Absent,No Meal,100 rupees,4.0 hours,4
S12311,Harini Iyer,Other,5/15/2026,19,Bengaluru,Civil Engineering,Cultural Fest,18/03/2026,Email,Refunded,absent ,Non-Vegetarian,150,4,4
S10722,Suresh Kumar,Other,5/4/2026,22,Madurai,Electronics,Seminar,26/02/2026,Email,Waived,Attended,No Meal,300,6,
S10233,Pooja Das,Other,5/12/2026,27,Mysuru,Commerce,Sports Meet,25/03/2026,Email,Refunded,absent ,Vegetarian,0,1,4
S10565,Ajay Nair,Male,16/07/2026,23,Hyderabad,Commerce,WORKSHOP,28/05/2026,Campus Desk,Refunded,Registered,Vegan,500,1.5,1
S10329,Priya Sharma,female,20/03/2026,19,Bengaluru,Electronics,Hackathon,17/02/2026,Email,paid,absent ,Vegetarian,100,4,3
S10690,Pooja Das,Male,27/01/2026,19,Hyderabad,Management,Workshop,2/12/2025,Email,Refunded,Cancelled,Vegan,250,4,1
S11924,Priya Sharma,FEMALE,20/04/2026,21,Hyderabad,Mechanical,Career Fair,24/03/2026,Walk-in,Refunded,Absent,Vegan,500,4,
S11016,Ajay Nair,Other,7/7/2026,19,Trichy,Commerce,Sports Meet,13/05/2026,Campus Desk,Pending,cancelled,No-meal,150,2,5
S11074,Vijay Menon, Male,23-Jan-26,18,Trichy,Commerce,Workshop,9/1/2026,Campus Desk,Paid,attended,Vegan,200,2,5
S12702,Anitha Nair,Female,8/7/2026,24,Hyderabad,Commerce,Cultural Fest,23/05/2026,  Website  ,waive,Absent,Non-Vegetarian,100,4,
S12243,Vijay Menon,Other,3/28/2026,22,Salem,Civil Engineering,Hackathon,5/2/2026, Website,Waived,Attended,No Meal,0,3,3
S10662,Swetha Menon,male,6/12/2026,25,Bengaluru,Electronics,Seminar ,8/6/2026,Campus Desk,Pending,Absent,No-meal,100,3,4
S11320,Naveen Sharma,Other,16-Jan-26,23,Hyderabad,Management,Cultural Fest,18/12/2025,Mobile App,Refunded,Registered,,500,2,
S12788,Ajay Nair,Other,7/12/2026,23,Trichy,Management,Sports Meet,19/06/2026,Website,Paid,Cancelled,Vegetarian,250,2.5,4
S10474,Karthik Rao,Female,7/16/2026,26,Kochi,Electronics,Hackathon,7/6/2026,Website,Paid,Registered,Non-Vegetarian,200,2.5,5.0 / 5
S12657,Arun Kumar,Other,10-Aug-26,25,Salem,Civil Engineering,Career Fair,4/7/2026,Campus Desk,Waived,Cancelled,No-meal,₹150,2.0 hr,2
S10941,Divya Iyer,Male,8/6/2026,24,Salem,Mechanical,Cultural Fest,24/06/2026,Mobile App,Refunded,Attended,Non-Vegetarian,750,2.5,3
S12334,Rahul Menon,Male,27/03/2026,23,Trichy,Electronics,SEMINAR,22/02/2026,Walk-in,Paid,Registered,,0 rupees,1.5 hr,3.0 / 5
S12907,Ravi Patel,Male,14-Jun-26,21,Pune,Mechanical,Sports Meet,2/5/2026,Campus Desk,waive,Absent,Vegetarian,250,4,3
S12978,Naveen Sharma, Female,2/13/2026,27,Bengaluru, Commerce,Cultural Fest,15/12/2025,Campus Desk,Waived,Cancelled,Vegan,500,2,2
S10403,Arun Kumar,Other,12/1/2026,19,Bengaluru,Arts,Workshop,6/1/2026,Campus Desk,Pending,Registered,Vegan,INR 250,3.0 hours,3
S10668,Rahul Menon ,Other,7/6/2026,22,Bengaluru,Arts,Hackathon,16/06/2026,Email,waive,Registered,No-meal,250,6,2
S12763,Pooja Das,MALE,8/27/2026,19,Kochi,Computer Science,Seminar,25/07/2026,Website,Pending,Registered,Vegan,0,1,
S11683,Divya Iyer,Female,8/24/2026,18,Madurai,Commerce,Sports Meet,28/06/2026,Walk-in,Refunded,cancelled,No-meal,0,1.5,5
S12200,Naveen Sharma,Other,24-Jun-26,18,Pune,Commerce,Cultural Fest,7/6/2026,Mobile App,Pending,cancelled,No Meal,750,4,5
S10506,Priya Sharma,Male,26/02/2026,21,Trichy,Computer Science,Cultural Fest,11/2/2026,Mobile App,Paid,Cancelled,Vegan,Rs 100,2.5 hours,1.0 / 5
S11905,Harini Iyer,Other,8/17/2026,21,Coimbatore,Management,Sports Meet,21/06/2026,Email,Paid,ABSENT,Vegan,100,3,2
S11195,Vikram Das,,4/8/2026,17,Hyderabad,Commerce,Cultural Fest,7/2/2026,Website,Paid,cancelled,No-meal,750,6,0
S11052,Naveen Sharma,Other,9-Mar-26,18,Pune,Civil Engineering,Hackathon,5/3/2026,Website,PENDING,Absent,Vegetarian,0,3,
S10498,Deepa Sharma, Male,24/03/2026,23,Chennai,Mechanical,SEMINAR,24/02/2026,Email,Pending,cancelled,Non-Vegetarian,150,6,3
S12016,Suresh Kumar,Female,8/14/2026,25,Mysuru,Mechanical,Sports Meet,28/06/2026,Walk-in,paid,Attended,Vegetarian,500,1,4
S12989,Meena Patel,Other,3-Jun-26,20,Kochi,Commerce ,Workshop,18/05/2026,Walk-in,waive,Registered,No Meal,₹750,1.0 hr,2.0 / 5
S12272,Ravi Patel,Male,1/9/2026,24,Chennai,Commerce,Sports Meet,11/11/2025,Walk-in,Waived,cancelled,No Meal,300,6,1
S12954,  Karthik Rao  ,MALE,1/5/2026,18,Bengaluru,Civil Engineering,Cultural Fest,31/12/2025,Campus Desk,waive,Attended,Vegetarian,150,4,2
S10306,Suresh Kumar,Other,7/26/2026,19,Hyderabad,Arts,Workshop,25/06/2026,Campus Desk,PENDING,Attended,Vegan,750,6,5
S11571,Naveen Sharma,Female,29-Aug-26,20,Hyderabad,Electronics,Workshop,12/8/2026,Campus Desk,Paid,Registered,,₹750,2.5 hours,4
S10298, Naveen Sharma,,8/2/2026,25,Mysuru,Civil Engineering,Hackathon,16/07/2026,Website,Pending,Cancelled,Vegan,300,2.5,1
S11194,Keerthi Rao,Male,30/03/2026,26,Coimbatore,Civil Engineering,Sports Meet ,4/3/2026,Website,Pending,Attended,Non-Vegetarian,100,1.5,2.0 / 5
S12332,Naveen Sharma,Female,8/2/2026,22,Coimbatore,Commerce,Career Fair,25/07/2026,,waive,ATTENDED,Vegetarian,500 rupees,2.5 hours,2
S10148,Vijay Menon,Female,23/07/2026,25,Trichy,Civil Engineering,Hackathon,32/13/2026,Website,waive,Cancelled,No Meal,Rs 200,3.0 hours,5
S12258,Swetha Menon,Other,1/26/2026,18,Pune,Computer Science,Career Fair,21/01/2026,Mobile App,waive,absent ,Non-Vegetarian,750,2,3
S11634,Vijay Menon, Female,4/26/2026,21,Salem,Mechanical,Career Fair,5/4/2026,Email,Pending,Registered,Non-Vegetarian,0,1,5
S11307,Anitha Nair,Female,6-Aug-26,19,Mysuru,Commerce,Workshop,27/07/2026,Email,Paid,ATTENDED,No Meal,200,4,5
S10187,  Lakshmi Rao  ,Male,31-Jan-26,19,Hyderabad,Computer Science,seminar,10/12/2025,Email,PENDING,attended,No Meal,100 rupees,1.0 hr,1
S12829,Manoj Kumar,Female,14/03/2026,24,Trichy,Arts,workshop,31/01/2026,Website,PAID,Cancelled,Non-Vegetarian,Rs 250,4.0 hr,1.0 / 5
S10656,Harini Iyer,Male,4/6/2026,22,Mysuru,Management,Sports Meet,27/04/2026,Campus Desk,Waived,Registered,Vegan,500,1,1.0 / 5
S12362,Deepa Sharma,FEMALE,5/8/2026,22,Madurai,Computer Science,Hackathon,9/4/2026,Website,Pending,cancelled,Vegan,150,4,
S10381,Anitha Nair,Other,5/3/2026,19,Bengaluru,  Commerce  ,workshop,14/03/2026,Mobile App,Refunded,Attended,No-meal,Rs 500,1.5 hr,3
S11156,Suresh Kumar,FEMALE,22/07/2026,21,Salem,Mechanical, Sports Meet,1/7/2026,Mobile App,Refunded,Attended,Vegan,200,4,1
S12075,Swetha Menon,Male,30-Mar-26,19,Pune,Computer Science,Sports Meet,8/3/2026,Mobile App,waive,absent ,Vegan,500,2.5,2
S11737,Suresh Kumar,Other,13-Jul-26,17,Chennai,Arts,Seminar,16/06/2026,Campus Desk,waive,cancelled,Vegan,500,2.5,5
S10697,Naveen Sharma,MALE,11-Jun-26,22,Chennai,Commerce,Hackathon,2/5/2026,Mobile App,Pending,Registered,Vegetarian,150,3,5
S11368,Lakshmi Rao,Male,10-Aug-26,27,Coimbatore,Arts,Career Fair,8/8/2026,Email,PAID,absent ,Vegan,250,3,2
S12916,Rahul Menon,Female,22/08/2026,17,Mysuru,Electronics,Career Fair,6/7/2026,Campus Desk,Refunded,Absent,Vegetarian,0,6,5
S12693,Ravi Patel,MALE,1/11/2026,23,Madurai,Management,Career Fair,3/1/2026,Mobile App,Pending,Registered,Vegan,INR 150,2.5 hours,2
S12378,Ajay Nair,Other,8/18/2026,26,Mysuru,Mechanical,Hackathon,20/07/2026,,Refunded,Attended,Non-Vegetarian,750,1,4
S10761,Vijay Menon,Female,23-Jul-26,20,Mysuru,,Hackathon,11/6/2026,Campus Desk,Refunded,attended,No-meal,750,1,3
S12064,Anitha Nair,Other,16/05/2026,24,Mysuru,Arts,Career Fair,19/04/2026,Website,Refunded,Attended,Non-Vegetarian,250,4,5
S10512,Arun Kumar,Female,22/01/2026,25,Hyderabad,Management,workshop,16/01/2026,Walk-in,Refunded,Cancelled,No-meal,200,4,4
S10201,Anitha Nair,male,4/24/2026,21,Bengaluru,Commerce,WORKSHOP,18/04/2026,Mobile App,Paid,Absent,Vegetarian,750,1.5,1
S11988,Lakshmi Rao,FEMALE,20-Aug-26,22,Mysuru,Arts,seminar,17/07/2026,Website,Refunded,absent ,No Meal,0,1.5,4
S11256,Deepa Sharma,Male,5/24/2026,23,Madurai,Electronics,Seminar,3/5/2026,Campus Desk,paid,Attended,Vegan,100,2,3
S12298,Rahul Menon,Male,6/2/2026,25,Trichy,Computer Science,Seminar,1/5/2026,Email,Refunded,Absent,No-meal,250,3,4
S10829,Pooja Das,Female,1/5/2026,22,Madurai,Commerce,Career Fair,27/03/2026,Walk-in,Refunded,Cancelled,Non-Vegetarian,200,1.5,
S12220,Swetha Menon,Female,25/07/2026,27,Trichy,Arts,Hackathon,26/05/2026,Walk-in,Refunded,ATTENDED,Vegetarian,INR 200,4.0 hours,2
S12365,Anitha Nair,Other,6-Aug-26,21,Hyderabad,Civil Engineering,Career Fair,20/06/2026,Website,Paid,ABSENT,No Meal,750,2,3
S12254,Deepa Sharma,,21/05/2026,21,Salem,Management,Cultural Fest,2/5/2026,,Waived,Cancelled,Vegan,150,4,4
S11217,Naveen Sharma,Other,9/1/2026,25,Chennai,Civil Engineering,Hackathon,9/8/2026,Walk-in,Pending,Registered,Vegetarian,150,2.5,5
S10375,Manoj Kumar,Male,7/8/2026,26,Coimbatore,Civil Engineering,Seminar,9/6/2026,Email,Paid,Attended,Non-Vegetarian,300,2.5,2.0 / 5
S10505,Harini Iyer,Other,30/05/2026,27,Madurai,Computer Science,Cultural Fest,1/5/2026,Mobile App,Refunded,attended,Vegan,250,1,2
S12691,Meena Patel,Male,2/19/2026,26,,Arts,Seminar,17/02/2026,Website,Pending,Cancelled,Vegetarian,₹100,6.0 hours,5
S11659,Ravi Patel,Male,8/3/2026,22,Pune,Electronics,Cultural Fest,2/2/2026,Mobile App,waive,Absent,Vegan,500,2,2
S12546,Harini Iyer,,28-May-26,27,Pune,Electronics,Sports Meet,26/05/2026,Mobile App,Pending,cancelled,No-meal,750,6,2
S11134,Rahul Menon,Other,29/08/2026,-5,Kochi,Commerce,Cultural Fest,1/7/2026,Mobile App,Paid,Absent,Vegan,₹300,6.0 hr,5.0 / 5
S10087,Naveen Sharma,FEMALE,8-Jul-26,17,Trichy,Arts,seminar,9/6/2026,Mobile App,Pending,Registered,Non-Vegetarian,500,2,2
S11732,Pooja Das,Female,21/06/2026,26,Kochi,Computer Science ,Workshop,28/04/2026,Walk-in,Pending,cancelled,Vegan,750,4,2
S12793,Ajay Nair,Female,5/22/2026,25,Coimbatore,Mechanical,Cultural Fest,26/03/2026,Website,Paid,Absent,Vegetarian,₹500,4.0 hours,
S10987,Rahul Menon,Male,3/11/2026,17,Madurai,Electronics,Cultural Fest,10/1/2026,Walk-in,Refunded,Attended,Vegetarian,250 rupees,1.5 hours,5
S10285,Arun Kumar,Female,1/31/2026,18,Coimbatore,Mechanical,Career Fair,24/01/2026,Website,pending,Registered,  No Meal  ,750,3,1.0 / 5
S10983,Rahul Menon,Male,7/23/2026,25,Trichy,Commerce,Sports Meet,17/06/2026,Email,Paid,Cancelled,No-meal,0,1,2
S11335,Swetha Menon,Male,18/02/2026,19,,Arts,Seminar,22/12/2025,,Waived,attended,Non-Vegetarian,300,1.5,2.0 / 5
S12171,Anitha Nair,Other,5/17/2026,17,Bengaluru,Arts,Seminar,25/04/2026,Mobile App,waive,Attended,Vegan,₹150,4.0 hr,4
S10276,Deepa Sharma,Male,8/16/2026,20,Hyderabad,Management,Seminar,30/07/2026,Email,Pending,Registered,Non-Vegetarian,200,1.5,2
S12101,Pooja Das,Other,6/5/2026,22,Coimbatore,Arts,Workshop,21/04/2026,Campus Desk,Paid,Registered,No-meal,750,4,3.0 / 5
S12683,Meena Patel,Other,28-Jan-26,17,Salem,Arts,Sports Meet,2/12/2025,Campus Desk,Refunded,Attended,Vegetarian,750,1,3.0 / 5
S12738,Manoj Kumar,,14/03/2026,17,Trichy,Mechanical,Seminar,21/02/2026,Website,waive,Registered,Vegan,150,2,4.0 / 5
S11422,Karthik Rao,MALE,21/01/2026,26,Madurai,Mechanical,Career Fair,24/12/2025,Campus Desk,Paid,ABSENT,Vegetarian,200,1.5,2.0 / 5
S11443,Anitha Nair,Male,1/5/2026,26,Trichy,Management,Hackathon,25/12/2025,Walk-in,Paid,Registered,No-meal,INR 250,2.0 hours,2
S12245,Suresh Kumar,Other,12/5/2026,19,Hyderabad,,Workshop,15/03/2026,Walk-in,waive,Attended,Vegetarian,Rs 750,1.5 hr,4.0 / 5
S11684,Suresh Kumar,MALE,1/23/2026,18,Salem,Civil Engineering,Sports Meet,16/12/2025,Mobile App,Pending,Absent,Vegan,250,2.5,5.0 / 5
S12084,Pooja Das,female,7/13/2026,26,Kochi,Commerce,Sports Meet,27/06/2026,Website,Waived,Attended,No Meal,200,1,
S10220,Ajay Nair,Other,13/04/2026,17,Bengaluru,Arts,SEMINAR,12/4/2026,Email,Refunded,Cancelled,No-meal,200,4,3
S11577,Harini Iyer,Female,29/05/2026,18,Pune,Mechanical,Seminar,24/04/2026,Email,Waived,Registered,Vegan,INR 150,2.0 hours,3.0 / 5
S10061,Rahul Menon,Female,5/20/2026,21,Hyderabad,Management,Hackathon,17/04/2026,Mobile App,Pending,Registered,Vegan,150,2,4
S12580,Priya Sharma,Other,8/16/2026,17,Hyderabad,Electronics,SEMINAR,18/06/2026,Email,Paid,absent,Non-Vegetarian,750,2.5,5.0 / 5
S11872,Manoj Kumar,Male,4/4/2026,21,Pune,Management,Workshop,20/02/2026,Website,waive,Attended,Non-Vegetarian,Rs 750,1.5 hr,2
S10279,Deepa Sharma,FEMALE,5/5/2026,22,Bengaluru,Electronics,Hackathon,26/03/2026,Mobile App,Waived,Registered,Vegan,INR 300,1.5 hr,4.0 / 5
S12848,Priya Sharma,Female,4/8/2026,25,Kochi,Computer Science,Workshop,25/02/2026,Campus Desk,Paid,ATTENDED,Vegan,150,2.5,3
S11465,Swetha Menon,Male,4/23/2026,24,Trichy ,Arts,Hackathon,18/04/2026,Website,Refunded,Absent,Vegetarian,0,2,1
S11459,Priya Sharma,Male,3-Feb-26,27,Bengaluru,Mechanical,Seminar,32/13/2026,Website,Pending,Cancelled,No-meal,500,6,5
S10037,Pooja Das,Female,4/8/2026,26,,Mechanical,Cultural Fest,18/06/2026,Campus Desk,Refunded,Cancelled,No-meal,250,2,2
S11165,Keerthi Rao,Male,15-May-26,23,nan ,Commerce,Workshop,3/5/2026,Website,Paid,Cancelled,Vegetarian,750,6,1
S10840,Lakshmi Rao,Other,3/31/2026,17,Hyderabad,Commerce,Cultural Fest,23/02/2026,Website,waive,Cancelled,,₹150,6.0 hours,5
S10022,Harini Iyer,Female,3/3/2026,27,Chennai,Mechanical,Cultural Fest,1/3/2026,Email,waive,ABSENT,Non-Vegetarian,200,2.5,3
S12614,Meena Patel,Other,6/6/2026,21,Bengaluru,Management,Cultural Fest,28/04/2026,Email,Pending,absent ,No-meal,250,1.5,2.0 / 5
S11738,Rahul Menon,Other,19/08/2026,24,Madurai,Mechanical,Sports Meet,21/07/2026,Campus Desk,Refunded,Attended,   ,Not Available,3,3
S11322,Vijay Menon,Female,1/19/2026,22,Chennai,Management,Cultural Fest,5/12/2025,Walk-in,Refunded,Registered,Non-Vegetarian,300,6,2
S11427,Rahul Menon,Female,9-Jan-26,27,Chennai,Commerce,Career Fair,26/11/2025,Website,PENDING,Cancelled,Vegan,INR 500,2.5 hours,3
S11490,Pooja Das,Male,20-Apr-26,22,Kochi,Management,Seminar,15/03/2026,Walk-in,Waived,Registered,Vegan,500,1.5,5
S10003,Priya Sharma,Female,6/16/2026,22,Madurai,Computer Science,Hackathon,23/04/2026,Website,Refunded,Absent,No Meal,150,2,3
S11761,Priya Sharma,Other,8/26/2026,27,Madurai,Civil Engineering,Cultural Fest,,Website,Paid,ABSENT,Vegetarian,300,1.5,4.0 / 5
S10676,Ajay Nair,Other,21/06/2026,19,,Management,Seminar,18/06/2026,Mobile App,Paid,Registered,Vegetarian,750,3,3
S12638,Karthik Rao,Other,13-Jul-26,17,Kochi,Commerce,Hackathon,11/6/2026,Website,Refunded,Attended,Vegan,750,3,5
S12808,Arun Kumar,Female,7/5/2026,17,Pune,Management,Workshop,1/6/2026,Walk-in,Refunded,Absent,Vegan,₹750,2.5 hr,4
S10175,Naveen Sharma,Female,1/9/2026,18,Coimbatore,Civil Engineering,Cultural Fest,2/12/2025,Walk-in,PENDING,absent ,Vegetarian,0 rupees,2.0 hours,2
S10440,Naveen Sharma, Male,3/30/2026,27,Coimbatore,Computer Science,Workshop,27/03/2026,Email,Refunded,Absent,Vegetarian,750,2,5
S12067,Ravi Patel,Male,2/12/2026,27,Pune,Electronics,Seminar,6/2/2026,Mobile App,Paid,Attended,Vegan,Not Available,2.5,3
S11792,Lakshmi Rao,Male,22-May-26,23,Hyderabad,Computer Science,SEMINAR,17/04/2026,Mobile App,waive,Registered,Vegan,200,4,1
S11054,Ravi Patel,male,11-Jan-26,23,Chennai,Computer Science,Workshop,20/11/2025,Website,paid,ATTENDED,Non-Vegetarian,200,1,4
S11563,Meena Patel,Male,1/10/2026,21,Coimbatore,Arts,WORKSHOP,17/12/2025,Walk-in,Pending,Attended,No Meal,750,4,2
S12960,Karthik Rao,Female,8/21/2026,26,Hyderabad,Commerce,Sports Meet,11/8/2026,Campus Desk,Paid,Registered,Vegetarian,100,4,4
S11943,Harini Iyer,Other,7/10/2026,19,Mysuru,Arts,Sports Meet,8/7/2026,  Campus Desk  ,Refunded,Cancelled,No Meal,500,2,2.0 / 5
S10870,Vikram Das,male,3/22/2026,17,Madurai,Management,Cultural Fest,31/01/2026,Website,Waived,Cancelled,Vegetarian,100,2,2
S12432,Manoj Kumar,Other,25-May-26,19,Mysuru,Computer Science,Career Fair,5/4/2026,Mobile App,PAID,Registered,Non-Vegetarian,200,6,2
S10894,Manoj Kumar,Female,6/6/2026,20,Salem,Management,Sports Meet,4/5/2026,Walk-in,waive,ABSENT,Vegan,300,2,2.0 / 5
S10526,Ravi Patel,Other,15/05/2026,24,Chennai,Commerce,Workshop,30/03/2026,Mobile App,Refunded,Absent,Vegan,300,4,1.0 / 5
S11395,Suresh Kumar,Other,3/26/2026,17,Mysuru,Computer Science,Cultural Fest,21/03/2026,Campus Desk,Refunded,Registered,Non-Vegetarian,750,2.5,3
S11508,Ravi Patel,Female,19-Aug-26,19,Mysuru,Management,Hackathon,9/8/2026,Mobile App,Waived,Absent,Vegan,750 rupees,4.0 hours,1
S11186,Divya Iyer,Female,18-Jul-26,24,Chennai,Commerce,Sports Meet,15/07/2026,Website,Pending,Attended,No Meal,300,2,5
S12148,Keerthi Rao,Other,12/3/2026,20,Trichy,Civil Engineering,Sports Meet,19/01/2026,,Paid,Registered,Vegetarian,100,6,4
S11290,Anitha Nair,female,7/21/2026,19,Pune,Computer Science,Cultural Fest,15/06/2026,Walk-in,Paid,Registered,Vegetarian,INR 300,1.0 hours,5
S11824,Vijay Menon,Male,8-Jul-26,21,Pune,Civil Engineering,Cultural Fest,9/6/2026,Walk-in,Paid,Registered,Vegan,INR 100,1.0 hr,1
S10478,Divya Iyer,FEMALE,6/16/2026,24,Coimbatore,Arts,Career Fair,30/05/2026,Email,Pending,absent,Vegan,250,1.5,3
S10792,Arun Kumar,Male,9-Feb-26,24,Bengaluru,Management,Hackathon,30/01/2026,Mobile App,Paid,Attended,No-meal,₹150,6.0 hr,2
S10604,Vikram Das,Male,1/22/2026,23,Chennai,Commerce,Career Fair,4/1/2026,Walk-in,Pending,attended,Non-Vegetarian,100,2,4
S11735,Ajay Nair ,Female,5-Aug-26,18,Chennai,Arts,Cultural Fest,28/07/2026,Campus Desk,waive,absent ,No-meal,100,1,
S12622,Rahul Menon, Female,6/6/2026,23,Hyderabad,Civil Engineering,Sports Meet,30/05/2026,Campus Desk,Paid,Attended,Vegetarian,500,2,5
S11497,Deepa Sharma,MALE,3/15/2026,20,Trichy,,Hackathon,25/02/2026,Website,Pending,Registered,Non-Vegetarian,₹750,4.0 hours,4
S12383,Harini Iyer,Female,14/02/2026,27,Pune,Management,Hackathon,4/1/2026,,Pending,Registered,Vegan,₹100,4.0 hr,4.0 / 5
S10152,Swetha Menon,,4/27/2026,21,Bengaluru,Mechanical,Sports Meet,6/3/2026,,paid,absent ,Non-Vegetarian,100,6,4
S10806,Rahul Menon,Female,5/22/2026,18,Coimbatore,Civil Engineering,Hackathon,1/5/2026,Campus Desk,pending,Attended,No-meal,200,4,3
S12299,Deepa Sharma,Female,5/7/2026,23,Kochi,Computer Science,SEMINAR,21/06/2026,Mobile App,Refunded,Attended,Vegan,150,1.5,3
S12639,Ajay Nair,Other,29/05/2026,18,Pune,Management,SEMINAR,7/4/2026,Campus Desk,Refunded,Registered,No-meal,250,2,3
S10266,Anitha Nair,,7/20/2026,18,Mysuru,Electronics,Cultural Fest,5/7/2026,Email,PENDING,ABSENT,No Meal,INR 250,3.0 hours,5
S11669,Ajay Nair,female,8/27/2026,25,,Electronics,Sports Meet,16/08/2026,Campus Desk,Paid,Absent,Vegetarian,INR 500,2.0 hours,3
S10610,Lakshmi Rao,Female,12-May-26,26,Trichy,Computer Science,Workshop,25/03/2026,Website,Paid,Cancelled,Vegetarian,100,4,4.0 / 5
S12274,Priya Sharma,Female,1-Apr-26,21,Salem,Civil Engineering,Hackathon,21/03/2026,Walk-in,Refunded,absent,Non-Vegetarian,200,2.5,4
S10768,Suresh Kumar,Male,7/23/2026,23,Bengaluru,Mechanical,WORKSHOP,10/6/2026,Walk-in,Refunded,absent ,Vegetarian,750,1.5,3
S10494,Suresh Kumar,Male,8/8/2026,18,Coimbatore,Civil Engineering,Hackathon,22/07/2026,Mobile App,Pending,Attended,Non-Vegetarian,0,6,2
S10234,  Rahul Menon  ,Other,8-Apr-26,17,Trichy,Management,Sports Meet,14/02/2026,Campus Desk,Pending,Cancelled,Vegan,200,6,4
S12783,Karthik Rao,Female,1/21/2026,24,   ,Management,Workshop,19/01/2026,Email,Refunded,Absent,No Meal,200,2,2
S12585,Vijay Menon,Other,8/22/2026,27,Mysuru,Mechanical,Sports Meet,19/07/2026,Email,Refunded,ABSENT,Vegetarian,100,1.5,1
S11244,Ravi Patel, Female,16-May-26,18,Pune,Mechanical,Career Fair,9/4/2026,Mobile App,Refunded,ATTENDED,Vegetarian,300,2.5,4
S10097,Keerthi Rao,Other,28-Mar-26,18,Hyderabad,Management ,Workshop,21/03/2026,Website,Refunded,Registered,Vegan,300,4,3
S12288,Ravi Patel,FEMALE,14/02/2026,22,Trichy,Civil Engineering,Hackathon,30/01/2026,Mobile App,Waived,Registered,Vegetarian,200 rupees,2.5 hours,4.0 / 5
S11039,Meena Patel,Other,22-Jan-26,17,Mysuru,Civil Engineering,Sports Meet,11/1/2026,Website,Pending,Registered,No-meal,300,1.5,5
S11031,Ravi Patel,Other,7/2/2026,25,Mysuru,Civil Engineering,Career Fair,14/01/2026,Walk-in,Refunded,Registered,Vegetarian,150,2,3
S11248,Meena Patel,Other,8-Aug-26,17,,Civil Engineering,Hackathon,1/7/2026,Walk-in,Waived,Registered,Vegetarian,150,1.5,1
S11588,Suresh Kumar,male,11/1/2026,21,Hyderabad,Civil Engineering,Seminar,23/11/2025,Campus Desk,Waived,Attended,Vegan,300,6,1.0 / 5
S10449,Rahul Menon,MALE,24/08/2026,24,Hyderabad,Mechanical,Cultural Fest,14/08/2026,Email,Paid,Attended,Non-Vegetarian,750,2.5,1.0 / 5
S10048,Vijay Menon,Other,19-Jul-26,19,Hyderabad,Computer Science,Workshop,31/05/2026,Campus Desk,Paid,Absent,Vegetarian,750,3,4
S11900,Swetha Menon,FEMALE,3/7/2026,26,Salem,Management,Cultural Fest,22/01/2026,Website,Paid,Cancelled,,250,2,5
S10517,Arun Kumar,Other,22/01/2026,20,Kochi,Commerce,seminar,26/11/2025,Website,waive,absent ,Vegetarian,500,2,5
S11745,Meena Patel, Male,27/08/2026,17,Chennai,Management,Seminar,27/07/2026,Mobile App,Paid,Registered,Vegetarian,₹100,3.0 hours,3
S12019,Meena Patel,Other,6/12/2026,19,Hyderabad,Arts,Hackathon,30/05/2026,Website,waive,ABSENT,No Meal,750,2.5,1
S11982,Priya Sharma,Male,8/9/2026,26,Kochi,Mechanical,Seminar,7/8/2026,Walk-in,Waived,Cancelled,Vegetarian,500,4,1
S11020,Suresh Kumar,Male,26/08/2026,23,Bengaluru,Management,Career Fair,4/8/2026,Mobile App,waive,cancelled,Non-Vegetarian,150,3,2.0 / 5
S12563,Arun Kumar,Male,17-Apr-26,22,Coimbatore,Commerce,Cultural Fest,6/4/2026,Website,Refunded,Registered,Vegetarian,0,6,3
S11067,Deepa Sharma,Male,12/3/2026,17,Mysuru,Electronics,Sports Meet,5/2/2026,Website,Pending,Attended,,500,2.5,3.0 / 5
S12593,Manoj Kumar,Male,2/14/2026,24,Madurai,Electronics,Workshop,21/12/2025,Website,Pending,cancelled,Vegetarian,500,2,3
S12849,  Keerthi Rao  ,Male,4/8/2026,23,Mysuru,Civil Engineering,Workshop,16/03/2026,Email,Pending,Registered,Vegan,₹200,3.0 hr,3
S11407,Rahul Menon,Male,3/1/2026,23,,Computer Science,Hackathon,1/1/2026,,Refunded,Cancelled,Vegetarian,₹500,1.0 hr,3.0 / 5
S12534,Ravi Patel ,Other,6/13/2026,18,Pune,Arts,SEMINAR,3/5/2026,Walk-in,Pending,Cancelled,No Meal,150,1,4.0 / 5
S12461,Karthik Rao,Male,31-Mar-26,27, Mysuru,Commerce,Workshop,3/3/2026,,waive,absent ,Non-Vegetarian,Rs 300,4.0 hr,5
S11963,Anitha Nair, Male,10-Jul-26,21,Coimbatore,Management,Hackathon,26/06/2026,Email,Pending,Registered,Non-Vegetarian,Rs 750,2.0 hours,5
S12382,Priya Sharma,Female,28-Jan-26,19,Coimbatore,Computer Science,Cultural Fest,3/12/2025,Walk-in,paid,Cancelled,Non-Vegetarian,INR 150,6.0 hours,1
S11418,Vikram Das,Other,10-Apr-26,24,Pune,Arts,Career Fair,25/02/2026,Walk-in,Refunded,Cancelled,Vegetarian,0,6,2.0 / 5
S11676,Meena Patel,Female,12-Feb-26,18,Hyderabad,Civil Engineering,Seminar,30/12/2025,Email,Pending,cancelled,Non-Vegetarian,Rs 750,2.0 hours,4
S12401,Keerthi Rao,Other,10-Jun-26,22,Salem,Arts,Hackathon,16/05/2026,Campus Desk,Pending,Attended,No-meal,500,3,2
S11829,  Vikram Das  ,Male,1/28/2026,17,Kochi,Computer Science,Hackathon,15/12/2025,Campus Desk,waive,Absent,Vegan,0,2,1
S12081,Vikram Das,Female,7/19/2026,17,Hyderabad,Civil Engineering,Cultural Fest,3/7/2026,Mobile App,PENDING,Cancelled,Non-Vegetarian,₹300,2.5 hours,3
S10360,Vijay Menon,Female,6/22/2026,27,Madurai,Management,Sports Meet,4/5/2026,Website,PAID,Registered,No-meal,150,1,2
S12644,Ravi Patel,Female,6/7/2026,19,Madurai,Arts,workshop,24/05/2026,,Pending,Cancelled,No Meal,750,4,5
S11216,Ravi Patel,Male,9/1/2026,19,Kochi,Management,Workshop,19/08/2026,Website,PAID,ATTENDED,Vegan,300,1.5,5
S10341,Vijay Menon,MALE,28/01/2026,24,Pune,Electronics,Hackathon,6/12/2025,Campus Desk,paid,absent ,Non-Vegetarian,100,2.5,3.0 / 5
S11043,Deepa Sharma,Other,28/01/2026,20,Bengaluru,Civil Engineering,WORKSHOP,8/1/2026,Campus Desk,Pending,Absent,Vegetarian,750,2,5
S12470,Rahul Menon,Male,5-Aug-26,19,,Civil Engineering,Workshop,8/7/2026,Email,Paid,Absent,No Meal,0,3,2.0 / 5
S10047,Priya Sharma,Other,7/3/2026,21,Coimbatore,,Hackathon,7/6/2026,Email,Paid,Cancelled,Vegan,750,2.5,
S11398,Swetha Menon,FEMALE,1/5/2026,21,Madurai,Management,Sports Meet,1/1/2026,Email,Paid,Cancelled,No Meal,0,3,2
S11648,Deepa Sharma,Male,4/19/2026,26,Salem,Computer Science,Hackathon,unknown,Walk-in,Paid,Absent,No Meal,200,2.5,3
S12057,Vikram Das,Other,24/06/2026,20,Trichy,Mechanical,Cultural Fest,12/5/2026,Campus Desk,Paid,Registered,Vegetarian,750,3,2
S10291,Suresh Kumar,,21/02/2026,21,Trichy,Mechanical,Cultural Fest,14/02/2026,Website,PENDING,Attended,Vegetarian,250,1.5,4.0 / 5
S11922,Deepa Sharma,Male,14-Jul-26,22,Mysuru,Mechanical,Seminar,26/06/2026,Campus Desk,Pending,cancelled,Vegan,300,6,1
S11749,Rahul Menon ,Other,8/15/2026,21,Kochi,Arts,Hackathon,19/06/2026,Campus Desk,pending,Attended,Vegetarian,500,2.5,2.0 / 5
S10711,Suresh Kumar,Male,30/07/2026,26,  Coimbatore  ,Arts,Hackathon,12/6/2026,  Mobile App  ,Refunded,absent ,Vegan,750,1.5,2
S12381,Karthik Rao,Other,6/28/2026,23,Pune,Computer Science,Cultural Fest,14/06/2026,Email,Refunded,Registered,Vegetarian,INR 0,2.5 hr,1
S12360,Ajay Nair,female,6-Jan-26,19,Madurai,Electronics,Cultural Fest,8/12/2025,Campus Desk,Refunded,Cancelled,No-meal,200,2.5,4
S10530,Keerthi Rao,Other,4/7/2026,20,Kochi,Electronics,Career Fair,25/06/2026,Mobile App,PENDING,absent,Non-Vegetarian,750,1.5,5
S11507,Swetha Menon,Other,4/14/2026,21,Hyderabad,Management,Cultural Fest,6/3/2026,Email,waive,Absent,No Meal,200,1,1
S11040,Divya Iyer,Other,1/12/2026,27,Madurai,Management,Cultural Fest,21/11/2025,Mobile App,Pending,Registered,Non-Vegetarian,100,1.5,3
S10747,Pooja Das,Other,22-Feb-26,17,Coimbatore,Computer Science,Career Fair,12/1/2026,Campus Desk,Refunded,Cancelled,No Meal,200,1.5,5.0 / 5
S10300,Priya Sharma,FEMALE,30/01/2026,26,Coimbatore,Civil Engineering,Seminar,,Mobile App,paid,Cancelled,Non-Vegetarian,500,4,4
S10537,Keerthi Rao,Other,6/8/2026,25,Trichy,Arts,Career Fair,23/06/2026,Mobile App,Refunded,Attended,Vegan,750,1.5,4
S10993,Suresh Kumar,Female,27/01/2026,25,Trichy,Commerce,Seminar,1/12/2025,Campus Desk,Refunded,cancelled,No Meal,250 rupees,1.5 hours,5.0 / 5
S10814,Pooja Das,Male,6/28/2026,26,Chennai,Computer Science,Sports Meet,16/06/2026,Walk-in,Waived,attended,Vegan,150,1,4
S11139,Ajay Nair,Male,27-Aug-26,24,Coimbatore,Management,Career Fair,11/8/2026,Email,Paid,Attended,Vegan,200,1,5
S12627,Lakshmi Rao,Female,14-Feb-26,22,Mysuru,Management,Cultural Fest,12/1/2026,Website,paid,Cancelled,Vegetarian ,300,1.5,5.0 / 5
S10493,Arun Kumar,Male,15/06/2026,22,Bengaluru,Computer Science,Hackathon,8/5/2026,Mobile App,waive,Cancelled,Non-Vegetarian,0,1,
S11351,Priya Sharma,Male,19/06/2026,17,Trichy,Commerce,Hackathon,16/06/2026,Mobile App,Paid,Cancelled,Vegan,₹200,3.0 hours,1
S10591,Lakshmi Rao,Male,16-Apr-26,23,,Computer Science,Seminar,21/02/2026,Campus Desk,Pending,Registered,Vegetarian,750,3,3
S10521,Naveen Sharma,,20/02/2026,27,,Mechanical,SEMINAR,22/01/2026,Mobile App,Pending,Cancelled,Vegan,0,1,4
S12687,Keerthi Rao,Male,5/2/2026,23,Mysuru,Commerce,Hackathon,25/01/2026,Campus Desk,paid,Registered,Vegetarian,300,3,4.0 / 5
S12684,Arun Kumar,Male,24/07/2026,21,Madurai,Arts,Cultural Fest,4/6/2026,Campus Desk,Waived,ABSENT,Vegan,200,6,4
S11847,Anitha Nair,Other,31/07/2026,26,Pune,Management,Sports Meet,22/06/2026,Campus Desk,Waived,ATTENDED,,500,2,5
S10558,Lakshmi Rao,Male,28-Jan-26,26,Bengaluru,Commerce,Hackathon,17/01/2026,Website,Paid,Attended,Non-Vegetarian,0,1,3
S10390,Karthik Rao,Other,8/22/2026,26,Mysuru,Mechanical,Hackathon,3/8/2026,Campus Desk,Waived,absent ,No-meal,150,6,5
S10866,Vikram Das,Male,6/20/2026,24,Trichy,Electronics,Hackathon,1/6/2026,Walk-in,waive,Cancelled,Vegetarian,0,2.5,5.0 / 5
S10533,Divya Iyer,MALE,7/17/2026,26,Madurai,Civil Engineering,Sports Meet,25/06/2026,Email,Waived,Cancelled,No-meal,500,2,3
S10735,Vikram Das,Female,1/15/2026,24,Salem,Management,Sports Meet,7/1/2026,Email,Paid,Cancelled,,INR 750,2.0 hours,1
S12530,Ravi Patel, Female,1/30/2026,18,Kochi,Commerce,Career Fair,24/12/2025,Email,Pending,Registered,Vegetarian,500 rupees,4.0 hours,1
S10839,Swetha Menon,Other,16/05/2026,25,Trichy,Computer Science,Cultural Fest,28/04/2026,Mobile App,Waived,Absent,Non-Vegetarian,0,2.5,3
S10712,Rahul Menon,Other,8/22/2026,19,Trichy,Mechanical,Seminar,18/08/2026,Email,Paid,absent ,Vegetarian,₹750,2.5 hours,4.0 / 5
S10252,Vikram Das,Other,2/23/2026,19,Kochi,Civil Engineering,Career Fair,15/02/2026,Mobile App,Pending,Registered,Vegan,0,6,5.0 / 5
S10984,Deepa Sharma,Female,6/30/2026,22,Bengaluru,Civil Engineering,Hackathon,5/6/2026,Website,Pending,attended,Non-Vegetarian,INR 750,4.0 hours,4.0 / 5
S10781,Ajay Nair,,4/22/2026,19,, Arts,WORKSHOP,10/4/2026,Walk-in,Waived,Cancelled,Non-Vegetarian,150,4,2
S12414,Ajay Nair,Female,20/07/2026,26,Trichy,Mechanical,Cultural Fest,13/06/2026,Mobile App,Refunded,absent,Vegan,750,4,4
S10444,Lakshmi Rao,Male,8/8/2026,25,Mysuru,Computer Science, Cultural Fest,23/07/2026,Walk-in,Pending,Registered,Vegan,500,2,5
S10699,Naveen Sharma,Male,13/05/2026,24,Kochi,Arts,SEMINAR,17/04/2026,Website,Paid,Attended,Vegetarian,0,1.5,3
S11207,Naveen Sharma,Other,4/4/2026,18,Coimbatore,Electronics,SEMINAR,28/02/2026,Website,Refunded,Attended,No-meal,150,6,5
S12123,Keerthi Rao,Male,8/24/2026,24,Chennai,Management,Cultural Fest,26/06/2026,Walk-in,Pending,Registered,Vegan,200,1,5
S10011,Anitha Nair,Male,2/28/2026,19,Bengaluru,Civil Engineering,workshop,24/01/2026,Website,pending,Absent,No-meal,750 rupees,1.5 hours,4.0 / 5
S11647,Arun Kumar,Other,23-Jun-26,21,Pune,Arts,Workshop,4/6/2026,Website,paid,Cancelled,No-meal,150,1.5,3
S12496,Swetha Menon,Other,7/28/2026,20,Coimbatore,Mechanical,Cultural Fest,30/06/2026,Campus Desk,waive,ATTENDED,No-meal,300,1.5,3
S11389,Naveen Sharma,Female,19-Jan-26,19,Kochi,Mechanical,Hackathon,16/12/2025,Walk-in,Paid,Absent,Non-Vegetarian,200,2,2.0 / 5
S10079,Naveen Sharma,FEMALE,26/04/2026,23,,Commerce,Sports Meet,19/03/2026,Website,Refunded,attended,Non-Vegetarian,100,2.5,3
S11208,Deepa Sharma,Female,1/3/2026,19,Coimbatore,Arts,Seminar,26/02/2026,,Paid,ABSENT,No-meal,300,2,5
S10831,Ravi Patel,Male,29/03/2026,23,Mysuru,Commerce,Career Fair,14/02/2026,Email,Refunded,Absent,Vegan,150,4,5
S11045,Pooja Das,Other,2/2/2026,23,   ,Civil Engineering,Cultural Fest,8/1/2026,Website,paid,Attended,Vegetarian,100,1.5,2
S11383,Suresh Kumar,Female,4/12/2026,24,Kochi,Mechanical,Cultural Fest,17/03/2026,Mobile App,Pending,cancelled,Vegetarian,500,2,5
S11162,Vikram Das,Other,2/5/2026,23,Kochi,Civil Engineering,Sports Meet,23/01/2026,Email,Pending,Attended,Non-Vegetarian ,300,2,
S11317,Arun Kumar,Male,7/21/2026,24,Coimbatore,Civil Engineering,Hackathon,21/06/2026,Email,waive,ABSENT,No-meal,150,1,3
S11372,Naveen Sharma,Other,30-Apr-26,23,Hyderabad,Management,Career Fair,28/04/2026,Website,waive,absent,,150,1,5
S10194,Arun Kumar,,7/7/2026,22,Salem,Computer Science,Cultural Fest,25/06/2026,Campus Desk,PENDING,Registered,,0,1,2
S11779,Arun Kumar,Other,2/27/2026,23,Salem,Management,workshop,4/2/2026,Email,Pending,Registered,No-meal,Rs 250,1.0 hr,
S11980,Meena Patel,Male,23-Jan-26,22,Kochi,Mechanical,Career Fair,26/12/2025,Mobile App,Paid,cancelled,Vegan,750,4,1
S11722,Ravi Patel, Male,22/06/2026,18,Coimbatore,Commerce,Workshop,2/6/2026,Website,waive,Cancelled,Vegetarian ,500,6,5
S10439,Deepa Sharma,Other,6/27/2026,22,Chennai,Civil Engineering,Sports Meet,20/06/2026,Email,Paid,Registered,No-meal,0,2,1
S10026,Lakshmi Rao,Male,5/15/2026,19,Hyderabad,Commerce,Seminar,14/04/2026,Email,Refunded,Cancelled,Non-Vegetarian,100,2,5
S12558,Keerthi Rao,Male,10-Jan-26,18,Chennai,Arts,Cultural Fest,7/12/2025,,PAID,Cancelled,Vegetarian,200,1.5,3
S10104,Keerthi Rao,Male,9/1/2026,20,Chennai,Arts,Workshop,17/07/2026,Walk-in,Pending,Registered,Vegan,300,3,
S11137,Anitha Nair,Male,1/22/2026,25,Salem,Mechanical,Workshop,30/12/2025,Email,Pending,ATTENDED,Non-Vegetarian,100 rupees,3.0 hours,5
S12706,Arun Kumar,Male,2/22/2026,18,Coimbatore,Electronics,seminar,5/2/2026,Walk-in,waive,Registered,Vegetarian,750,2.5,2
S12408,Karthik Rao,Male,5/1/2026,22,Hyderabad,Electronics,Seminar,14/04/2026,Email,Refunded,Registered,No-meal,750,4,3
S11606,Harini Iyer,Female,4/19/2026,24,Chennai,Management,seminar,6/3/2026,Walk-in,Paid,Registered,Vegan,300,2,1
S10905,Rahul Menon,Female,10/1/2026,23,Mysuru,Civil Engineering,Career Fair,9/12/2025,Email,waive,Absent,No Meal,750,2.5,1
S11739,Deepa Sharma, Male,8/18/2026,24, Trichy,Mechanical,Cultural Fest,1/7/2026,Mobile App,Refunded,Cancelled,Non-Vegetarian,100,4,1.0 / 5
S12904,Pooja Das,Other,7/16/2026,18,Pune,Civil Engineering,Seminar,2/7/2026,Campus Desk,waive,Cancelled,No-meal,200,4,3
S11906,Karthik Rao,Female,20-Jun-26,18,Pune,  Civil Engineering  ,Seminar,30/05/2026,Email,Pending,ATTENDED,No-meal,100,3,2
S10073,Karthik Rao, Female,5/31/2026,23,Mysuru,Civil Engineering,Seminar,16/05/2026,Walk-in,waive,Attended,Vegan,0,3,3
S12773,Deepa Sharma,Other,3/5/2026,22,Mysuru,Management,Seminar,25/02/2026,Mobile App,Waived,Registered,Vegetarian,₹250,2.5 hours,3.0 / 5
S11175,Karthik Rao,Female,18-Apr-26,26,Hyderabad,Mechanical,Workshop,15/04/2026,Email,Refunded,absent ,No-meal,750,1.5,1.0 / 5
S11023,Vijay Menon,Female,7/27/2026,18,Mysuru,Computer Science,Seminar,24/07/2026,Campus Desk,waive,Registered,Vegan,300 rupees,1.5 hr,4
S11890,Keerthi Rao,Male,5/18/2026,17,Kochi,Mechanical,Cultural Fest,19/03/2026,Email,Waived,Absent,Vegetarian,150,4,5
S10457,Divya Iyer,Other,21/04/2026,17,Coimbatore,Electronics,Career Fair,2/3/2026,Mobile App,paid,Registered,No-meal,200,6,4
S10004,Vijay Menon,Male,8/29/2026,25,Coimbatore,Management,Sports Meet,19/07/2026,Mobile App,Refunded,cancelled,Vegan,₹200,4.0 hours,3.0 / 5
S12484,Ajay Nair,Female,5/29/2026,24,Trichy,,Sports Meet,19/04/2026,,pending,Attended,Vegetarian,INR 300,1.5 hours,4.0 / 5
S10928,Ravi Patel, Male,4-Jul-26,17,Madurai,Management,Hackathon,32/13/2026,Mobile App,Pending,Cancelled,Non-Vegetarian,100,1,
S11396,Ajay Nair,male,8/14/2026,26,Chennai,Arts,Career Fair,10/7/2026,Website,Refunded,Registered,Non-Vegetarian,300,1,3
S10412,Priya Sharma,Other,25-Mar-26,23,Coimbatore,Management,Sports Meet,7/2/2026,Mobile App,Refunded,cancelled,Non-Vegetarian,Rs 750,6.0 hr,1.0 / 5
S11297,Ajay Nair,Other,8-Jan-26,23,Mysuru,Management,Workshop,5/1/2026,Campus Desk,PAID,Registered,Vegan,100,6,5
S11333,Meena Patel ,Other,13-Jun-26,27,Mysuru,Arts,Seminar,26/04/2026,Walk-in,Pending,Cancelled,Vegan,300,1,4.0 / 5
S11844,Keerthi Rao,female,1/18/2026,26,Bengaluru,Civil Engineering,Sports Meet,3/12/2025,Mobile App,Refunded,Cancelled,Non-Vegetarian,0,4,1
S12753,Deepa Sharma,Other,22-May-26,26,Bengaluru,Computer Science,Seminar,6/4/2026,Walk-in,Waived,Attended,Non-Vegetarian,Rs 250,2.0 hours,2
S12905,Arun Kumar,FEMALE,21-Mar-26,27,Coimbatore,Arts,Hackathon,23/02/2026,Email,Waived,Registered,Non-Vegetarian,100,2,1
S12296,Manoj Kumar,Other,19-Apr-26,17,Trichy,Computer Science,Hackathon,9/3/2026,Email,Pending,Cancelled,,300,3,3
S12748,Lakshmi Rao,,19/05/2026,21,Bengaluru,Management,Hackathon ,20/04/2026,Mobile App,Refunded,Registered,Vegan,300,1,2
S11417,Naveen Sharma,Other,9/8/2026,23,Mysuru,Arts,Workshop,24/06/2026,Campus Desk,Refunded,Cancelled,Vegan,200,2.5,3.0 / 5
S10491,Vikram Das,Male,11-Jun-26,23,Madurai,Electronics,WORKSHOP,22/05/2026,Email,Refunded,absent,Vegan,300,1.5,1
S12300,Anitha Nair,Other,9-May-26,20,Chennai,Mechanical,Workshop,14/04/2026,Walk-in,Refunded,Attended,Vegetarian,100,6,5
S12234,Vikram Das,Male,5/9/2026,19,Bengaluru,Civil Engineering ,Hackathon,6/5/2026,Campus Desk,Pending,attended,Non-Vegetarian,200,1,5
S11391,Anitha Nair,Female,7-May-26,27,Chennai,Arts,Cultural Fest,27/04/2026,Email,Paid,cancelled,Vegan,250,6,1
S10495,Vikram Das,Female,2/4/2026,19,Hyderabad,Mechanical,Cultural Fest,25/01/2026,Walk-in,Pending,Cancelled,Vegetarian,200,1.5,5
S10707,Harini Iyer,Other,5/29/2026,19,Chennai,Computer Science,Hackathon,17/04/2026,Walk-in,waive,Absent,Vegan,150,2,5
S12397,Ajay Nair,Other,19-Mar-26,26,Bengaluru, Commerce,Cultural Fest,10/2/2026,Email,Paid,Registered,Vegetarian,300,6,1
S11855,Arun Kumar,male,1-Sep-26,22,Pune,Electronics,Cultural Fest,15/08/2026,Email,Waived,Registered,Vegetarian,300,2,3
S10614,Keerthi Rao,Other,1/28/2026,17,Bengaluru,Arts,Career Fair,22/01/2026,Walk-in,Pending,Absent,Non-Vegetarian,₹500,1.0 hr,5
S12014,Vijay Menon,Female,25-Apr-26,24,Bengaluru,Electronics,Sports Meet,5/3/2026,Campus Desk,paid,cancelled,Non-Vegetarian,150,1.5,2
S11998,Pooja Das,female,9/3/2026,22,Salem,Arts,Career Fair,20/02/2026,Campus Desk,Paid,Absent,Vegetarian,300,1.5,5.0 / 5
S11893,Vikram Das,MALE,24-May-26,19,,Arts,Cultural Fest,29/04/2026,Walk-in,Pending,Cancelled,No Meal,500,3,3.0 / 5
S10830,Swetha Menon,Female,5-Jul-26,25,Chennai,Civil Engineering,Cultural Fest,9/5/2026,Mobile App,Paid,cancelled,No-meal,200,2.5,2
S11667,Anitha Nair,Other,23/03/2026,20,Pune,Arts,Workshop,16/03/2026,Email,Waived,Cancelled,No-meal,Rs 100,1.5 hours,3
S12686,Keerthi Rao,Male,7/21/2026,25,Hyderabad,Mechanical,Career Fair ,26/06/2026,Campus Desk,Refunded,Cancelled,Vegan,250,1.5,1
S11652,Arun Kumar,Male,5/19/2026,24,Hyderabad,Arts,Career Fair,24/04/2026,Mobile App,Refunded,Cancelled,Vegan,0,1.5,4
S10650,Manoj Kumar,Male,6/13/2026,20,Mysuru,Mechanical,Seminar,29/04/2026,Walk-in,Waived,Attended,No Meal,100,1,1
S11348,Swetha Menon,MALE,27/05/2026,19,Hyderabad,Civil Engineering,Seminar,16/05/2026,Walk-in,Paid,Cancelled,Non-Vegetarian,150,6,
S12316,Deepa Sharma,Male,9-Jan-26,27,Trichy,Commerce,Cultural Fest,27/12/2025,Email,Pending,cancelled,Non-Vegetarian,750,1.5,3
S11948,Lakshmi Rao,Female,4/16/2026,20,Pune,Civil Engineering,Seminar,7/3/2026,Website,pending,Cancelled,Non-Vegetarian,0,1.5,
S12503,Pooja Das,Female,1/12/2026,22,Madurai,Mechanical,Sports Meet,27/12/2025,Campus Desk,Paid,Cancelled,Non-Vegetarian,750,3,0
S11956,Pooja Das,Other,7/6/2026,27,Trichy,Mechanical,Career Fair,26/06/2026,Walk-in,PAID,cancelled,Non-Vegetarian,750,1.5,5
S11607,Priya Sharma, Male,8/16/2026,22,Bengaluru,Civil Engineering,SEMINAR,28/06/2026,Email,Pending,ATTENDED,Vegetarian,100,1.5,2
S11725,Manoj Kumar,male,5/24/2026,26,Bengaluru,Civil Engineering,Career Fair,14/05/2026,Campus Desk,Paid,Registered,No Meal,500,2.5,0
S10429,Lakshmi Rao,Other,7/26/2026,24,Pune,Computer Science,  Sports Meet  ,5/7/2026,Mobile App,Pending,Registered,No Meal,750,6,2
S12843,Suresh Kumar,Other,2/8/2026,17,Madurai,Computer Science,Hackathon,7/1/2026,Campus Desk,pending,Cancelled,Non-Vegetarian,INR 150,1.5 hours,1
S11236,Vijay Menon,Male,10/5/2026,18,Kochi,Mechanical,Hackathon,17/03/2026,Mobile App,Pending,absent ,Vegetarian,150,2,3
S11929,Pooja Das,Male,17/03/2026,26,Bengaluru,Civil Engineering,Hackathon,23/02/2026,Mobile App,waive,Absent,  Vegan  ,300,4,4
S11612,Rahul Menon,Female,3/12/2026,22,Bengaluru,Civil Engineering,Sports Meet,11/1/2026,Campus Desk,Waived,Absent,Vegan,500,3,4
S10395,Suresh Kumar,Other,6-Aug-26,21,Kochi,Arts,Seminar,12/7/2026,Campus Desk,Pending,Registered,Non-Vegetarian,750,1,3
S10621,Meena Patel,Other,6/13/2026,26,Madurai,Commerce,Career Fair,6/6/2026,Email,Refunded,ABSENT,Vegan,500,2.5,2.0 / 5
S10434,Vijay Menon,Female,8/25/2026,26,Hyderabad,Computer Science,workshop,2/8/2026,Website,Waived,Registered,No-meal,0,1,3.0 / 5
S11787,Arun Kumar,Other,12-Jun-26,20, Chennai,Computer Science,Sports Meet,13/04/2026,Mobile App,waive,Registered,Vegan,0,2.5,3
S11791,Ajay Nair,Other,4/21/2026,22,Salem,Electronics,Sports Meet,15/04/2026,,Paid,cancelled,Non-Vegetarian,150,2.5,4
S12531,Anitha Nair,Male,29/06/2026,20,Chennai,Mechanical,Sports Meet,25/06/2026,Mobile App,Paid,Registered,Vegan,750,2.5,5
S10403,Arun Kumar,Other,12/1/2026,19,Bengaluru,Arts,Workshop,6/1/2026,Campus Desk,Pending,Registered,Vegan,INR 250,3.0 hours,3
S11611,Priya Sharma,Male,8/16/2026,17,Mysuru,Commerce,workshop,26/06/2026,Email,Pending,Absent,Vegan,300,1,2
S12740,Arun Kumar,Other,28-Jan-26,19,Madurai,Civil Engineering,Sports Meet,18/12/2025,Walk-in,Pending,cancelled,Vegan,INR 500,3.0 hr,5.0 / 5
S11164,Anitha Nair,female,6/30/2026,20,Trichy,Arts,Seminar,16/05/2026,Website,Waived,Absent,No-meal,INR 300,1.5 hours,2
S11000,Anitha Nair,Other,1/19/2026,23,Chennai,Management,Workshop,11/1/2026,Campus Desk,Refunded,Cancelled,Vegetarian,200,1,1.0 / 5
S12552,Pooja Das,Other,1-Sep-26,25,Pune,Electronics,SEMINAR,15/07/2026,Mobile App,Refunded,Absent,Vegan,250,2,3
S11111,Pooja Das,Other,28/06/2026,22,Chennai,Electronics,Career Fair,9/6/2026,Walk-in,Pending,Attended,Vegan,Rs 750,6.0 hr,1
S12935,Suresh Kumar,Female,1/8/2026,18,Mysuru,Computer Science,Sports Meet,14/11/2025,Campus Desk,Waived,Attended,Vegan,250,2.5,1
S11887,Ravi Patel,Male,13/01/2026,19,Pune,Electronics,Sports Meet,4/1/2026,Walk-in,Pending,Attended,No-meal,750,4,0
S12665,Ajay Nair,Female,27/06/2026,21,Chennai,Computer Science,Sports Meet,26/06/2026,Campus Desk,Waived,Registered,  Vegan  ,750,2.5,5
S10480,Divya Iyer,Female,5/3/2026,20,Pune,Civil Engineering,Cultural Fest,9/4/2026,Email,Pending,Attended,Vegetarian,Rs 750,1.0 hr,2
S10726,Harini Iyer,female,3/22/2026,20,Mysuru,Electronics,Seminar,19/03/2026,Campus Desk,Waived,Cancelled,No-meal,100,2.5,4.0 / 5
S11672,Karthik Rao,Male,2/24/2026,18,Mysuru,Electronics,Seminar,8/2/2026,Website,waive,Cancelled,Vegetarian,300,4,3
S11542,Arun Kumar,male,7/2/2026,18,Trichy,Arts,Cultural Fest,1/1/2026,Walk-in,Waived,Registered,Vegetarian,250,2.5,3
S10702,Rahul Menon,MALE,1/9/2026,23,Madurai,Arts,Cultural Fest,8/12/2025,Email,waive,Registered,No-meal,300,6,5.0 / 5
S12169,Pooja Das,male,3/1/2026,24,Coimbatore,Electronics,Workshop,4/1/2026,Walk-in,Refunded,Cancelled,Vegan,INR 100,2.0 hr,3
S11812,Divya Iyer,Other,3/30/2026,26,Salem,Commerce,Cultural Fest,28/03/2026,Walk-in,Waived,Registered,,150,2.5,1
S10957,Ajay Nair,Other,5/8/2026,19,Salem,Mechanical,Workshop,25/04/2026,Walk-in,Refunded,ABSENT,,INR 100,4.0 hours,3
S10217,Manoj Kumar,Male,22-Apr-26,22,Coimbatore,Electronics,Career Fair,2/3/2026,Mobile App,Waived,Registered,Vegan,300,2,5
S11726,Naveen Sharma,Other,4/17/2026,17,Madurai,Arts,Workshop,25/02/2026,Email,Pending,Absent,Non-Vegetarian,150,1.5,1
S11301,Keerthi Rao,Male,4/18/2026,21,Salem,Management,Seminar,23/03/2026,Campus Desk,Waived,absent ,Vegetarian,0,2,1.0 / 5
S10511,Keerthi Rao,Female,1/11/2026,27,Pune,Commerce,Cultural Fest,6/1/2026,Walk-in,Pending,Attended,No Meal,750,2.5,3
S11907,Lakshmi Rao,Other,15/06/2026,26,Hyderabad,Mechanical,Hackathon,21/05/2026,Mobile App,Paid,Registered,No Meal,250 rupees,2.5 hours,2
S10359,Arun Kumar,Male,3/2/2026,21,Bengaluru,Commerce,workshop,14/01/2026,Campus Desk,Paid,Cancelled,Vegan,250,1.5,1
S10737,Anitha Nair,Other,21-Aug-26,22,Coimbatore,Arts,WORKSHOP,3/8/2026,Mobile App,Pending,cancelled,No-meal,Rs 750,4.0 hr,5
S12345,Anitha Nair,Male,6/7/2026,18,Hyderabad,Management,Career Fair,22/05/2026,Website,PENDING,Attended,Vegetarian,500,2.5,2.0 / 5
S12078,Anitha Nair,Female,15/08/2026,23,Chennai,Civil Engineering,Career Fair,20/06/2026,Walk-in,Waived,absent ,Vegetarian,300,2.5,1.0 / 5
S10860,Naveen Sharma,Male,3/26/2026,23,Chennai,Computer Science,Workshop,31/01/2026,Campus Desk,Refunded,Absent,Non-Vegetarian,0,4,4.0 / 5
S10251,Manoj Kumar,,1/15/2026,26,Hyderabad,Mechanical,Career Fair,14/01/2026,Walk-in,paid,Registered,Vegetarian,Rs 500,3.0 hr,5
S11293,Karthik Rao,Other,16/07/2026,20,Chennai,Electronics,Career Fair,25/06/2026,Website,Refunded,Cancelled,No Meal,250,2,4
S11543,Lakshmi Rao,Other,8/12/2026,19,Mysuru,Arts,Cultural Fest,16/06/2026,Walk-in,waive,absent ,No Meal,300,1,5
S12866,Swetha Menon,FEMALE,6-Jan-26,23,Mysuru,Mechanical,Seminar,1/12/2025,Mobile App,Paid,Attended,No Meal,Rs 100,3.0 hr,4
S11282,Meena Patel,Other,5-Jan-26,20,Bengaluru,Mechanical,Seminar,9/11/2025,Mobile App,Paid,Absent,Vegan,200,1,1
S10094,Swetha Menon,male,5/4/2026,22,Bengaluru,Mechanical,Hackathon,1/3/2026,Campus Desk,Waived,Registered,Vegetarian,150,6,4
S12785,Priya Sharma,Female,25-May-26,17,Mysuru,Computer Science,Hackathon,30/04/2026,Email,waive,Registered,Vegetarian,Rs 250,1.5 hours,5.0 / 5
S12370,Manoj Kumar,Female,5/25/2026,18,Kochi,,Cultural Fest,1/4/2026,Email,waive,Cancelled,Non-Vegetarian,150,6,5
S11516,Suresh Kumar, Female,18-Feb-26,27,Hyderabad,Arts,Cultural Fest,12/2/2026,Email,Waived,Registered,Vegetarian,200,1,4
S10137,Divya Iyer,Male,13/07/2026,17,Mysuru,Mechanical,Hackathon,3/7/2026,Walk-in,Refunded,ATTENDED,Non-Vegetarian,250,3,5
S10292,Arun Kumar,Female,7/2/2026,17,Mysuru,Electronics,Seminar,12/5/2026,Walk-in,Refunded,ABSENT,No-meal,300,1,2
S10998,Rahul Menon,Other,1/8/2026,24,Salem,Arts,Cultural Fest,3/12/2025,Walk-in,Refunded,Attended,Non-Vegetarian,Rs 500,1.0 hours,2
S12653,Divya Iyer,Other,7/22/2026,21,Kochi,Mechanical,Hackathon,26/05/2026,Mobile App,Paid,Absent,Non-Vegetarian,INR 150,3.0 hours,5
S11750,Divya Iyer,Other,4/3/2026,23,Pune,Commerce,Seminar,7/1/2026,Walk-in,Waived,Registered,Vegetarian,0,2.5,5
S10472,Harini Iyer,,11/1/2026,25,Trichy,Commerce,WORKSHOP,16/11/2025,Walk-in,Refunded,Registered,No-meal,300,2.5,3
S12085,Deepa Sharma,Female,8/20/2026,21,Bengaluru,Arts,Cultural Fest,26/07/2026,Mobile App,paid,absent ,Non-Vegetarian,750,1,5
S12268,Suresh Kumar,Other,3/9/2026,25,Coimbatore,Commerce,Hackathon,22/01/2026,Email,pending,cancelled,Non-Vegetarian,500,1,3
S11378,Harini Iyer,Other,6/13/2026,24,Kochi,Computer Science,Seminar,5/6/2026,Campus Desk,PENDING,Attended,,0 rupees,4.0 hr,2
S12091,Naveen Sharma,Other,5-Apr-26,18,Trichy,Commerce,Hackathon,8/2/2026,Campus Desk,Pending,Registered,Vegetarian,₹200,2.0 hours,4
S12527,Arun Kumar,Other,6/20/2026,25,Mysuru,Computer Science,Cultural Fest,18/05/2026,Walk-in,Pending,ABSENT,Vegan,150,6,2
S12851,Vijay Menon,,10-Mar-26,22,Coimbatore,Management,Cultural Fest,8/2/2026,Website,waive,Attended,Vegan,0 rupees,1.0 hours,4
S12338,Ravi Patel, Female,28/01/2026,19,Salem,Arts,Workshop,9/12/2025,Website,Pending,Registered,Vegan,200,1.5,5
S11518,Naveen Sharma,Female,5/24/2026,21,Pune,Electronics,Sports Meet,5/4/2026,Email,waive,Absent,Vegetarian,150,3,1
S12405,Anitha Nair,Female,7-Aug-26,23,Trichy,Computer Science, Workshop,25/06/2026,Mobile App,Pending,ATTENDED,No-meal,750,6,5
S12335,Vikram Das,Other,20-Jul-26,24,Salem,Mechanical,Sports Meet,29/06/2026,Walk-in,Waived,Registered,Vegan,0,2,1
S11551,Naveen Sharma,Female,5/17/2026,22,Pune,Computer Science,Sports Meet,18/03/2026,Website,Paid,Attended,No-meal,500,2,4
S12501,Rahul Menon,Other,6/6/2026,21,Mysuru,Electronics,Career Fair,16/05/2026,Campus Desk,paid,Cancelled,No-meal,300,4,1
S10435,Karthik Rao,Female,8/17/2026,19,Salem,Arts,WORKSHOP,18/07/2026,Walk-in,Pending,Cancelled,Vegan,100,2,5.0 / 5
S10058,Pooja Das,Female,28/04/2026,26,Hyderabad,Electronics,Cultural Fest,5/4/2026,Email,waive,Registered,Vegetarian,250,4,4
S11703,Priya Sharma,Male,6/11/2026,-5,Bengaluru,Electronics,Workshop,25/05/2026,Email,Refunded,Registered,Vegan,100,6,3
S11944,Pooja Das,Male,5/8/2026,20,Bengaluru,Electronics,Cultural Fest,4/8/2026,Campus Desk,Pending,Attended,Vegetarian,750,1,5
S12854,Deepa Sharma,Other,25-May-26,18,Bengaluru,Civil Engineering,Career Fair,29/04/2026,Walk-in,PENDING,Attended,,150,6,2
S10441,Naveen Sharma,Female,3/7/2026,23,nan ,Computer Science,Career Fair,16/01/2026,Website,Refunded,Absent,Non-Vegetarian,100,1,2
S11114,Pooja Das,Other,5/8/2026,17,Madurai,Mechanical,Workshop,3/5/2026,Website,Refunded,Absent,Vegetarian,300,3,
S10628,Ravi Patel,Female,19-Aug-26,17,Madurai,Computer Science,SEMINAR,29/06/2026,Walk-in,Paid,ATTENDED,Vegan,100,1,3
S10910,Priya Sharma,Other,3/8/2026,19,Mysuru,Civil Engineering,Seminar,6/2/2026,Mobile App,Waived,Absent,No-meal,100,4,2
S11189,Vikram Das,FEMALE,22/01/2026,22,Pune,Electronics,Sports Meet,5/1/2026,Website,Refunded,Attended,Non-Vegetarian,₹250,1.5 hr,3
S12043,Vikram Das, Male,19/05/2026,18,Trichy,Management,Sports Meet,26/03/2026,Walk-in ,waive,Absent,Non-Vegetarian,300,6,1
S10970,Naveen Sharma,MALE,28-Mar-26,27,Chennai,Civil Engineering,workshop,17/03/2026,Website,Paid,ATTENDED,Vegetarian,100,1,2
S10335,Deepa Sharma,Other,4/20/2026,24,Trichy,Mechanical,Cultural Fest,14/04/2026,Walk-in,waive,ATTENDED,Vegan,200 rupees,2.0 hours,4.0 / 5
S12401,Deepa Sharma,Female,8/4/2026,27,Salem,Electronics ,Seminar,25/06/2026,Website,Refunded,Cancelled,Vegan,100,1.5,1
S12131,Ajay Nair,Female,8/22/2026,25,Madurai,Computer Science,Workshop,20/08/2026,Campus Desk,Pending,Registered,Vegetarian,500,1.5,2
S10257,Karthik Rao,Male,10/8/2026,26,Mysuru,Arts,Sports Meet,19/06/2026,Email,waive,attended,Non-Vegetarian,INR 150,6.0 hours,5
S12024,Karthik Rao,Male,6/7/2026,17,Hyderabad,Civil Engineering,Workshop,26/04/2026,Mobile App,Refunded,cancelled,Non-Vegetarian,250,4,5
S10586,Karthik Rao,Other,23-Apr-26,23,Bengaluru,,Hackathon,23/03/2026,Email,Waived,ABSENT,No Meal,300,1.5,2
S11694,Suresh Kumar,,15-Aug-26,24,Chennai,Mechanical,Seminar,31/07/2026,Campus Desk,Paid,Attended,Vegan,200,2,5.0 / 5
S10818,Naveen Sharma, Female,5/22/2026,27,Chennai,Computer Science,Sports Meet,18/05/2026,Walk-in,Refunded,Registered,Vegan,500,4,5
S12029,Suresh Kumar, Female,8/17/2026,17,Bengaluru,Arts,Hackathon,11/8/2026,Website,waive,ATTENDED,Vegetarian,150,4,4
S12636,Rahul Menon, Female,3/13/2026,24,Coimbatore,Electronics,Cultural Fest,22/01/2026,Website,Paid,absent ,Vegan,200,6,4
S11085,Priya Sharma,Male,1/7/2026,27,Bengaluru,,Cultural Fest,23/11/2025,Campus Desk,waive,Registered,Vegetarian,500,1.5,2
S11253,Arun Kumar,Female,7/25/2026,18,Pune,Mechanical,SEMINAR,17/06/2026,Website,Paid,attended,Non-Vegetarian,0,1.5,5
S10784,Lakshmi Rao,Male,11/5/2026,26,Mysuru,Electronics,Cultural Fest,24/03/2026,Walk-in,Waived,Attended,No Meal,200,1.5,2
S11523,Naveen Sharma,Female,3/18/2026,26,Madurai,Arts,Cultural Fest,22/01/2026,Walk-in,waive,absent,No Meal,0,2.5,2
S11474,Suresh Kumar,Female,5/31/2026,21,Hyderabad,Electronics,Career Fair,30/05/2026,Email,PENDING,Registered,Non-Vegetarian,750,6,2.0 / 5
S12508,Ravi Patel,Male,19/06/2026,21,Hyderabad,Civil Engineering,Sports Meet,27/04/2026,Website,Refunded,Attended,Vegan,INR 100,1.0 hr,2.0 / 5
S11677,Karthik Rao,Male,3-Apr-26,20,Chennai,Mechanical,Sports Meet,25/02/2026,Email,Paid,Attended,Vegetarian,150,4,3
S10158,Pooja Das,Male,6/1/2026,25,Trichy,Commerce,Cultural Fest,25/05/2026,Mobile App,Pending,Absent,Vegetarian,150,2,3
S11084,Vikram Das,Other,7/28/2026,23,Salem,Computer Science,Sports Meet,2/7/2026,Mobile App,Pending,cancelled,Vegan,150,6,2
S10182,Vijay Menon,Male,31-Aug-26,17,Madurai,Electronics,Cultural Fest,4/8/2026,,Pending,Registered,Vegetarian,200,3,3
S12900,Suresh Kumar,female,,19,Trichy,Electronics,Workshop,15/03/2026,Campus Desk,waive,Cancelled,Vegetarian,150,4,2.0 / 5
S11690,Lakshmi Rao,Female,8/7/2026,27,Salem,Management,Cultural Fest,20/06/2026,Email,Refunded,Absent,Vegetarian,INR 100,6.0 hr,5.0 / 5
S11678,Priya Sharma,Male,6/11/2026,19,Madurai,Mechanical,Seminar,10/5/2026,,Refunded,ABSENT,Vegan,250,6,2
S10758,Priya Sharma,Other,28/07/2026,24,Kochi,Computer Science,Career Fair,24/07/2026,Campus Desk,Paid,ABSENT,Vegetarian,200,1.5,3
S10858,Vikram Das,Female,12-Mar-26,19,Salem,Electronics,Sports Meet,26/02/2026,Email,Refunded,Attended,Vegan,250,1,1
S10892,Meena Patel,Female,21-Apr-26,25,Madurai,Arts,Sports Meet,16/04/2026,Email,Paid,cancelled,Vegetarian,100,4,0
S12396,Deepa Sharma,Other,3/8/2026,18,Pune,Computer Science,Sports Meet,21/02/2026,Email,paid,Registered,,₹250,4.0 hours,4
S10871,Arun Kumar,female,15-Mar-26,26,Mysuru,Computer Science,Seminar,13/03/2026,Website,PENDING,Cancelled,Vegan,750,1,
S11877,Meena Patel,MALE,1/11/2026,26,Hyderabad,Computer Science,Career Fair,5/12/2025,Email,Waived,Absent,Vegan,500,1.5,2
S11809,Rahul Menon, Male,9/1/2026,23,Madurai,Arts,Hackathon,29/08/2026,Website,Refunded,Cancelled,No-meal,0,2,3
S11291,Meena Patel,Female,1/20/2026,26,Pune,Arts,Hackathon,21/12/2025,Walk-in,Refunded,Attended,Vegetarian,150,1.5,1
S10578,Naveen Sharma,Male,9/4/2026,24,Hyderabad,Arts,seminar,30/03/2026,Mobile App,Refunded,Registered,No Meal,100,2.5,2
S11913,Lakshmi Rao,Other,6/27/2026,21,Trichy,Arts,Hackathon,31/05/2026,Mobile App,paid,Attended,No Meal,300,1.5,
S12731,Suresh Kumar,Male,6/5/2026,19,Kochi,Electronics,Sports Meet,2/5/2026,Campus Desk,waive,Registered,No Meal,200,6,2
S11071,Meena Patel,Female,8/7/2026,26,Hyderabad,Computer Science,Career Fair,21/06/2026,Walk-in,Refunded,Cancelled,Non-Vegetarian,INR 500,1.0 hours,3
S12372,Suresh Kumar,Other,5/11/2026,24,Madurai,Commerce,Cultural Fest,9/5/2026,Website,waive,cancelled,No-meal,100,2.5,5
S10597,Meena Patel,Other,4/7/2026,23,Salem,Management,Sports Meet,26/02/2026,Email,Pending,absent,Vegan,0,4,4
S12144,Karthik Rao,,1/10/2026,26,Bengaluru,Management,Workshop,21/11/2025,,Pending,Attended,Vegan,250,2.5,1.0 / 5
S12462,Vikram Das,Female,4/7/2026,25,,Commerce,Seminar,17/03/2026,Email,Pending,Registered,Vegan,Rs 100,2.5 hr,1
S10767,Vikram Das,Male,24-Apr-26,23,,Management,Career Fair,4/3/2026,Walk-in,waive,Attended,Vegan,300,3,5
S11886,Ajay Nair,Female,4/19/2026,23,Trichy,Commerce,SEMINAR,14/03/2026,Email,paid,Attended,Vegan,150,4,2.0 / 5
S11510,Keerthi Rao,FEMALE,1/5/2026,23,Kochi,Electronics,Seminar,25/11/2025,Campus Desk,Refunded,Attended,Vegetarian,INR 500,3.0 hours,5
S12173,Swetha Menon,Male,6-Mar-26,18,Coimbatore,Arts,SEMINAR,20/02/2026,Campus Desk,Refunded,Attended,Non-Vegetarian,300,6,5.0 / 5
S12678,Anitha Nair,,7/26/2026,23,Trichy,Civil Engineering,Cultural Fest,7/6/2026,Email,waive,Registered,No-meal,250,6,3
S10502,Arun Kumar,Male,21-Jun-26,19,Hyderabad,Civil Engineering,Hackathon,19/05/2026,Email,Refunded,Attended,No Meal,500,1.5,2.0 / 5
S12599,Pooja Das,Male,10-Aug-26,26,Madurai,Commerce ,Sports Meet,27/07/2026,Website,Pending,absent,Non-Vegetarian,0,2.5,1
S10911,Rahul Menon,Female,20-Aug-26,24,Kochi,Computer Science,Seminar,17/07/2026,Email,Refunded,Cancelled,No Meal,Rs 300,6.0 hours,5
S10112,Karthik Rao,Other,9/2/2026,22,Madurai,Arts,Sports Meet,25/12/2025,Campus Desk,paid,Attended,Vegetarian,750,3,4
S10776,Arun Kumar,FEMALE,15/08/2026,20,Salem,Civil Engineering,Sports Meet,25/07/2026,Mobile App,Waived,Attended,Vegan,200,1.5,3
S12214,Suresh Kumar,Male,2/27/2026,19,Madurai,Electronics,Cultural Fest,5/1/2026,Email,waive,Absent,Vegan,Rs 500,3.0 hr,1
S10813,Rahul Menon,Male,16/08/2026,19,Coimbatore,Management,Seminar,3/7/2026,Mobile App,Pending,absent,Vegetarian,INR 300,3.0 hr,2
S10751, Suresh Kumar,Male,7/31/2026,17,Salem,Management,Workshop,5/7/2026,Email,Refunded,Attended, Vegan,300,2.5,5.0 / 5
S11449,Deepa Sharma,Other,5/2/2026,19,Hyderabad,Arts,Cultural Fest,16/03/2026,Email,PENDING,Registered,Non-Vegetarian,200,4,4
S10321,Meena Patel,Other,7/22/2026,26,Mysuru,Commerce,Sports Meet,19/07/2026,Email,PENDING,Cancelled,No Meal,₹500,4.0 hours,3.0 / 5
S10161,Manoj Kumar,Other,14-Aug-26,17,Coimbatore,Electronics, Cultural Fest,22/07/2026,Mobile App,waive,absent ,Vegetarian,750,1.5,2.0 / 5
S12574,Rahul Menon,Female,7-Jun-26,20,Bengaluru,Electronics,Sports Meet,18/04/2026,Website,Pending,absent ,No Meal,250,6,4
S10348,Anitha Nair,FEMALE,4/26/2026,20,Kochi,Arts,Career Fair,22/03/2026,Walk-in,Refunded,Cancelled,No Meal,150,2.5,2
S11502,Ajay Nair,Male,3/6/2026,21,Bengaluru,Computer Science,Career Fair,20/04/2026,Website,Pending,Registered,Vegetarian,0,1.5,3
S12106,Harini Iyer,female,5-Jan-26,19,Coimbatore,Civil Engineering,Hackathon,7/11/2025,Walk-in,Waived,absent ,Non-Vegetarian,Rs 100,6.0 hr,2
S10647,Karthik Rao, Female,4/24/2026,23,Salem,Management,Cultural Fest,25/03/2026,Campus Desk,Waived,Cancelled,Vegan,500,2.5,1
S11813,Divya Iyer,Other,8/9/2026,24,Chennai,Civil Engineering,WORKSHOP,2/7/2026,Email,Paid,Cancelled,Vegetarian,200,3,3
S10357,Ajay Nair,Other,6/27/2026,25,Hyderabad,Arts,Seminar,6/6/2026,Website,waive,absent ,No-meal,INR 0,1.0 hr,5
S11532,Vijay Menon ,Female,22-Apr-26,23,Hyderabad,Mechanical,Hackathon,7/3/2026,Website,Refunded,absent ,No-meal,300,1,3
S12728,Priya Sharma,Male,20/06/2026,20,Coimbatore,Mechanical,workshop,4/6/2026,Email,Paid,absent ,Vegetarian,250,1,4
S11863,Lakshmi Rao,Female,10-May-26,17,Hyderabad,Management,Cultural Fest,13/04/2026,Walk-in,Waived,Registered,Vegan,500,6,1.0 / 5
S10518,Suresh Kumar,Other,10/8/2026,24,Bengaluru,Electronics ,Sports Meet,28/06/2026,,Waived,Registered,Vegan,100,2,1
S10969,Karthik Rao,Other,4/23/2026,27,Madurai,Management,Career Fair,7/3/2026,Campus Desk,PENDING,Cancelled,Vegetarian,100,4,3.0 / 5
S10216,Deepa Sharma,Other,8/9/2026,27,Trichy,Electronics,Seminar,29/07/2026,Campus Desk,Refunded,ABSENT,Vegan ,150 rupees,2.0 hr,1
S12187,Suresh Kumar,Male,5/28/2026,18,Trichy,Management,Workshop,29/04/2026,Walk-in,Waived,Registered,No-meal,500,1.5,5
S11202,Priya Sharma,Female,7-Jun-26,18,Madurai,Mechanical,Sports Meet,17/05/2026,Website,waive,Absent,Non-Vegetarian,750 rupees,1.0 hours,2
S12447,Ajay Nair,Female,9-Mar-26,26,Salem,Civil Engineering,Career Fair,5/3/2026,Email,Pending,Cancelled,No-meal,750,2.5,2
S10185,Naveen Sharma,FEMALE,1/2/2026,24,Mysuru,Mechanical,Hackathon,21/01/2026,Mobile App,Pending,Attended,Non-Vegetarian,750,2,4
S12390,Rahul Menon,Other,2/6/2026,27,Pune,Management,Seminar,13/12/2025,Walk-in,pending,Registered,Non-Vegetarian ,250,6,4
S12681,Vijay Menon,male,1/7/2026,24,Coimbatore,Commerce,Workshop,19/06/2026,Campus Desk,Refunded,Attended,Vegan,Rs 300,4.0 hours,4.0 / 5
S12285,Vikram Das,Male,21-Jun-26,22,,Management,Seminar,18/05/2026,Mobile App,Waived,Attended,Vegan,300,4,1
S10852,Ravi Patel,Male,4-Jul-26,26,Kochi,Commerce,Seminar,3/6/2026,Walk-in,Paid,Attended,Vegan,₹250,1.5 hr,2
S12777,Vikram Das,Male,20/05/2026,19,Bengaluru,Arts, Workshop,22/03/2026,Website,waive,cancelled,No Meal,0,4,5
S12885,  Suresh Kumar  ,Other,25/05/2026,18,Coimbatore,Mechanical,Cultural Fest,20/05/2026,Campus Desk,Refunded,cancelled,Vegan,0,2,1
S12436,Suresh Kumar,Male,4/11/2026,23,Hyderabad,Commerce,Cultural Fest,29/03/2026,Campus Desk,Pending,Cancelled,No Meal,250,2.5,3
S12342,Harini Iyer,Other,2/27/2026,26,Hyderabad,Mechanical,Career Fair,25/02/2026,Email,Refunded,Attended,Non-Vegetarian,150,6,3.0 / 5
S12862,Naveen Sharma,female,8/17/2026,27,Trichy,Commerce,Workshop,1/7/2026,Email,PAID,Absent,Vegetarian,100,2,3
S11977,Keerthi Rao,Female,6/10/2026,26,Kochi,Commerce,Career Fair,31/05/2026,Email,Paid,Attended,Vegan,₹200,4.0 hr,2
S10550,Priya Sharma,Male,5/2/2026,21,Coimbatore,Mechanical,Sports Meet,3/1/2026,Website,Waived,Attended,Vegetarian,300,3,2.0 / 5
S12026,Meena Patel,Male,7/2/2026,21,Trichy,Mechanical,Workshop,4/5/2026,Campus Desk,Refunded,Absent,Vegetarian ,0,2.5,
S12247,Harini Iyer,Male,1/15/2026,22,,Computer Science,Workshop,20/12/2025,Walk-in,Paid,Registered,Vegan,100,1,4
S10800,Priya Sharma,Other,16/07/2026,19,Pune,Management,Cultural Fest,23/06/2026,Mobile App,Pending,absent ,No-meal,750,6,1
S11866,Vijay Menon,Other,4-Feb-26,17,Coimbatore,Civil Engineering,Sports Meet,6/1/2026,Email,Paid,cancelled,Vegan,0,2,2
S11581,Priya Sharma,Other,31-Jan-26,19,Madurai,Computer Science,Career Fair,15/12/2025,Campus Desk,Pending,Attended,Vegetarian,₹300,4.0 hr,1
S12494,Anitha Nair,Other,1/31/2026,18,,Commerce,Workshop,30/01/2026,Walk-in,Paid,Registered,Non-Vegetarian,750,1,4
S12402,Karthik Rao,Other,26/01/2026,19,Mysuru,Management,Cultural Fest,5/12/2025,Mobile App,Pending,Cancelled,Non-Vegetarian,Rs 750,2.0 hours,2
S11836,Lakshmi Rao,Male,9/2/2026,27,Madurai,Electronics,Hackathon,11/8/2026,Walk-in,Refunded,absent ,Non-Vegetarian,200,3,3.0 / 5
S10990,Ravi Patel,Other,4/23/2026,25,Salem,Mechanical,Sports Meet,5/3/2026,Campus Desk,Paid,Cancelled,No Meal,150,3,2
S11789,Harini Iyer,Male,8/22/2026,17,Chennai,Mechanical,Workshop,3/8/2026,Mobile App,Paid,Registered,Non-Vegetarian,INR 300,2.5 hr,4
S11457,Ajay Nair,Male,3/30/2026,27,Mysuru,Management,Seminar,8/3/2026,Mobile App,Pending,Attended,Vegan,0,4,3
S11420,Vikram Das,female,15-Aug-26,19,Coimbatore,Arts,Seminar,10/7/2026,Walk-in,Waived,Attended,Non-Vegetarian,INR 300,1.5 hours,2
S11811,Deepa Sharma,Male,7-Apr-26,17,Salem,Arts,Career Fair,6/3/2026,  Website  ,Paid,Absent,Vegan,200,3,2
S10303,Pooja Das,Female,21-May-26,24,Kochi,Mechanical,Workshop,12/4/2026,Campus Desk,Refunded,Absent,Non-Vegetarian,300 rupees,2.0 hours,5
S11569,Ajay Nair, Male,8/23/2026,27,Bengaluru,Management,Cultural Fest,27/07/2026,Website,Pending,Registered,Vegan,200,2.5,5
S10978,Vikram Das,male,20-Mar-26,23,Bengaluru,Civil Engineering,Hackathon,7/2/2026,Website,Refunded,Attended,No-meal,Rs 150,2.0 hours,3
S11205,Keerthi Rao,Other,1/7/2026,22,Trichy,Electronics,Sports Meet,12/11/2025,Walk-in,Refunded,attended,Non-Vegetarian,500,6,5
S10071,Harini Iyer,Male,2/13/2026,24,Kochi,,Career Fair,31/12/2025,Email,waive,cancelled,Vegan,100,1,1
S12708,Pooja Das,Other,7/18/2026,25,Madurai,Mechanical,Sports Meet,20/05/2026,Campus Desk,Refunded,ATTENDED,Vegetarian,150,6,5
S12460,Rahul Menon,Other,15/01/2026,21,,Electronics,Career Fair,12/1/2026,Walk-in,Refunded,absent ,Vegetarian,300 rupees,3.0 hr,3
S10872,Arun Kumar, Female,6/22/2026,21,Chennai,Commerce,Cultural Fest,17/06/2026,Email,Pending,Attended,Vegetarian,250,4,4
S11698,Vikram Das,Other,1/5/2026,25,Trichy,Commerce,Hackathon,7/12/2025,Campus Desk,waive,Absent,No-meal,0,6,4
S10261,Meena Patel,Other,7-Apr-26,18,Madurai,Arts,WORKSHOP,27/02/2026,Mobile App,Pending,Registered,Non-Vegetarian,200,2.5,3
S11622,Vijay Menon,Other,2/2/2026,25,Trichy,Electronics,Workshop,15/01/2026,Mobile App,PAID,Cancelled,Vegetarian,500,6,3
S11897,Arun Kumar,Male,4/1/2026,23,Hyderabad,Mechanical,Career Fair,13/03/2026,Website,Pending,Absent,Vegan,200,3,4
S10157,Keerthi Rao,Other,28/07/2026,27,Coimbatore,Mechanical,Sports Meet,2/7/2026,Campus Desk,Refunded,Cancelled,   ,150,1.5,4
S12538,Manoj Kumar,Female,4/25/2026,21,Chennai,Management,Cultural Fest,2/4/2026,Website,Paid,absent ,Vegan,250,1,1
S11332,Meena Patel,Female,7/21/2026,23,Trichy,Civil Engineering,Workshop,14/06/2026,,waive,Attended,Vegan,0,1.5,4
S12218,Anitha Nair,Male,8/2/2026,22,Hyderabad,Civil Engineering,Hackathon,8/7/2026,Mobile App,Pending,Registered,Vegan,500,6,5
S11330,Suresh Kumar,Male,24-Jul-26,23,Hyderabad,Arts,Cultural Fest,25/06/2026,Website,Refunded,Registered,Vegan,200,3,1
S12832,Lakshmi Rao,Male,4/2/2026,21,Salem,Computer Science,Cultural Fest,10/3/2026,Website,Paid,ATTENDED,Non-Vegetarian,500,4,3.0 / 5
S10260,Swetha Menon,Male,17-May-26,22,Trichy,Civil Engineering,Career Fair,21/04/2026,,Waived,Cancelled,Non-Vegetarian,300,2.5,4
S10546,Priya Sharma,Female,2/12/2026,23,Bengaluru,Commerce,Hackathon,2/1/2026,Website,Paid,absent ,No Meal,200,1,1
S12915,Lakshmi Rao,Female,7/14/2026,24,Salem,Computer Science,Hackathon,12/6/2026,Campus Desk,Pending,absent ,Vegan,200,1,4
S12434,Naveen Sharma,Female,8/29/2026,-5,  Chennai  ,Management,Cultural Fest,21/08/2026,Campus Desk,Pending,Attended,Vegetarian,300,4,1.0 / 5
S11673, Naveen Sharma,Other,4/27/2026,18,Madurai,Mechanical,Workshop,23/03/2026,Walk-in,Waived,Attended,No-meal,100,1,5
S11544,Pooja Das,Other,7/22/2026,20, Chennai,Mechanical,Seminar,6/7/2026,  Website  ,Waived,Cancelled,Non-Vegetarian,INR 750,4.0 hours,2.0 / 5
S10391,Ajay Nair,Other,29/04/2026,18,Chennai,Management,seminar,6/4/2026,Walk-in,Paid,Cancelled,Non-Vegetarian,Rs 300,1.0 hours,5
S11780,Manoj Kumar,female,6/18/2026,22,Madurai,Civil Engineering,Workshop,1/6/2026,Campus Desk,Refunded,absent ,Vegetarian,250,3,5
S11702,Karthik Rao,Male,8/14/2026,22,Chennai,Electronics,Sports Meet,6/8/2026,Email,Refunded,Registered,Vegan,200,2,5
S11106,Lakshmi Rao,Other,20-May-26,25,Salem,Commerce,Seminar,5/5/2026,Mobile App,Refunded,Cancelled,Vegetarian,500,3,5
S12267,Karthik Rao,Male,5/14/2026,21,Pune,Civil Engineering,Workshop,18/03/2026,Campus Desk,Refunded,absent ,No Meal,150,1,1
S12582,Suresh Kumar,Female,25-Apr-26,18,Bengaluru,Civil Engineering,Cultural Fest,24/04/2026,Walk-in,Paid,Attended,No Meal,750,2,1
S12616,Suresh Kumar,Other,9/2/2026,26,Chennai,Electronics,Workshop,1/2/2026,Email,Waived,Cancelled,No-meal,750,3,3
S12256,Arun Kumar,Female,8/3/2026,17,Kochi,Mechanical,Career Fair,18/02/2026,Website,Refunded,cancelled,Non-Vegetarian,100,2,2.0 / 5
S10196,Anitha Nair,Other,3/7/2026,23,Trichy,Commerce,Seminar,27/05/2026,Walk-in,Pending,Registered,Vegetarian,0,1.5,5.0 / 5
S12720,Divya Iyer,FEMALE,13-Jul-26,24,Kochi,Arts,Career Fair,24/06/2026,Email,Paid,Attended,Vegetarian,500 rupees,1.5 hours,1
S11066,Pooja Das,Other,21/08/2026,21,Chennai,Civil Engineering,Career Fair,4/8/2026,Campus Desk,Paid,Attended,No Meal,150,1.5,1
S10015,Priya Sharma,Other,6/6/2026,27,Trichy,Arts,Cultural Fest,1/6/2026,,Paid,Registered,Vegetarian,200,2.5,1
S12206,Naveen Sharma,Female,2/10/2026,21,Pune,Civil Engineering,Sports Meet,15/12/2025,Website,waive,Registered,Vegetarian,250,1.5,3
S11460,Pooja Das,Female,4/6/2026,25,Trichy, Arts,Cultural Fest,9/3/2026,Mobile App,Pending,cancelled,Vegan,250,2,4
S11331,Naveen Sharma,Other,7/12/2026,20,Hyderabad,Mechanical,workshop,3/6/2026,Campus Desk,waive,Attended, Non-Vegetarian,150,2.5,2
S10645,Deepa Sharma,Other,23-Apr-26,18,Bengaluru,Mechanical,Hackathon,28/03/2026,Email,Waived,Registered,No-meal,250,2,5.0 / 5
S12343,Harini Iyer,male,8-Mar-26,25,Mysuru,Mechanical,Career Fair,6/3/2026,Mobile App,Paid,Cancelled,Non-Vegetarian,250 rupees,2.5 hr,1
S12541,Rahul Menon,Female,6/28/2026,22,Bengaluru,Computer Science,Sports Meet,16/05/2026,Website,Refunded,Absent,Non-Vegetarian,0,3,1
S10683,Rahul Menon,Other,17-Aug-26,17,Kochi,Arts,Cultural Fest,18/07/2026,Campus Desk,Refunded,Registered,  Non-Vegetarian  ,150,1,4
S10445,Keerthi Rao, Male,11-Mar-26,18,Bengaluru,Commerce,Sports Meet,1/2/2026,Website,Refunded,Absent,Vegan,0,1,4
S12177,Naveen Sharma,Male,20-Jun-26,21,Bengaluru,Computer Science,Sports Meet,15/05/2026,Mobile App,PAID,absent,Non-Vegetarian ,300,1,3
S11486,Ajay Nair,Female,4/18/2026,18,Madurai,Management,Hackathon,23/02/2026,Mobile App,Refunded,Registered,Vegan,300,4,2.0 / 5
S11823,Karthik Rao,Other,3/4/2026,26,Madurai,Arts,Hackathon,19/02/2026,Website,Paid,Registered,Vegan,750,2.5,2
S10127,Karthik Rao,Female,4/16/2026,17,Salem,Commerce,Cultural Fest,30/03/2026,Campus Desk,Refunded,absent ,Vegetarian,200,3,1
S11930,Arun Kumar,Other,31/02/2026,23,  Bengaluru  ,Arts,Workshop,27/01/2026,Mobile App,Pending,Cancelled,Non-Vegetarian,750,2,2.0 / 5
S11359,Keerthi Rao,,16-Aug-26,25,Kochi,Electronics,Sports Meet,28/07/2026,Campus Desk,Paid,Registered,Vegan,300,4,2.0 / 5
S12850,Vikram Das,Male,16-Aug-26,22,Trichy,Civil Engineering,Sports Meet,24/07/2026,Walk-in,Refunded,attended,Vegetarian,750,4,2
S11741,Priya Sharma,Male,25-Jul-26,17,Coimbatore,Arts,seminar,29/06/2026,Walk-in,Waived,Cancelled,Vegetarian,INR 500,3.0 hr,3
S10055,Divya Iyer,Other,24-Jan-26,21,Mysuru,Arts,workshop,24/12/2025,Website,Pending,Cancelled,Non-Vegetarian,Rs 300,3.0 hr,4
S11289,Karthik Rao,Female,30/06/2026,19,Kochi,Computer Science,SEMINAR,9/6/2026,Campus Desk,paid,Cancelled,Vegan,750,1.5,3
S11110,Divya Iyer,Other,4/26/2026,19,Salem,Civil Engineering,Career Fair,8/4/2026,Walk-in,Paid,Cancelled,Non-Vegetarian,150,1.5,5
S12459,Pooja Das,Female,31/02/2026,27,Hyderabad,,Sports Meet,5/3/2026,Email,Refunded,Attended,Vegetarian,100,1,3
S10804,Anitha Nair,Other,10/1/2026,26,Madurai,Commerce,Seminar,16/11/2025,Mobile App,Paid,ABSENT,Non-Vegetarian,750,6,4
S12186,Pooja Das,Male,3/15/2026,18,Chennai,Commerce,Career Fair,18/02/2026,Email,Paid,Attended,No Meal,250,6,2
S11415,Arun Kumar,Male,4/23/2026,22,Bengaluru,Mechanical,Cultural Fest,19/04/2026,Email,Refunded,Attended,Vegan,₹750,3.0 hours,1.0 / 5
S11554,Naveen Sharma,Male,23/04/2026,24,Salem,Electronics,Seminar,2/4/2026,Walk-in,waive,attended,Vegan,150,3,3
S10226,Swetha Menon,Other,30-Mar-26,17,Kochi,Mechanical,Hackathon,14/03/2026,Campus Desk,Refunded,Registered,No-meal,0,4,1.0 / 5
S11938,Manoj Kumar,Female,6/22/2026,26,Madurai,Mechanical,Career Fair,21/05/2026,,Refunded,absent ,No Meal,100,4,2
S11528,Manoj Kumar,Other,1-Feb-26,20,Pune,Mechanical,Workshop,26/12/2025,Website,Refunded,Attended,Vegetarian,200,1.5,
S10353,Ravi Patel,Other,6/15/2026,26,Pune,Electronics,Hackathon,15/05/2026,Website,waive,cancelled,Vegetarian,150,3,1.0 / 5
S12328,Rahul Menon,Male,8/8/2026,24,Mysuru,Commerce,Sports Meet,10/7/2026,Walk-in,Refunded,cancelled,No-meal,100,3,2.0 / 5
S11704,Swetha Menon,Female,3/15/2026,27,Mysuru,Electronics,Sports Meet,1/2/2026,Walk-in,PAID,Registered,Vegan,750 rupees,2.0 hours,1
S10169,Divya Iyer, Female,2/25/2026,19,Mysuru,Computer Science,WORKSHOP,11/1/2026,Email,Refunded,Attended,,250,1.5,3
S11917,Harini Iyer,Female,5/7/2026,27,Pune,Civil Engineering,WORKSHOP,10/5/2026,Email,waive,Registered,Vegan,750,1.5,2
S12664,Lakshmi Rao, Male,18-Jul-26,27,Hyderabad,Commerce,Workshop,18/06/2026,Email,Paid,Attended,No Meal,150,6,5.0 / 5
S10587,Manoj Kumar,Other,3-Jul-26,20,Salem,Arts,Cultural Fest,27/06/2026,Email,Paid,Cancelled,Non-Vegetarian,300,1,2
S10531,Meena Patel,Male,14-Jun-26,26,Madurai,Management,Workshop,16/04/2026,Mobile App,waive,Cancelled,No-meal,100,6,2
S11871,Pooja Das,Male,28-Jan-26,26,Coimbatore,Electronics,Career Fair,25/01/2026,,Paid,ABSENT,Vegetarian,₹0,1.0 hr,4
S12473,Manoj Kumar,MALE,3/15/2026,19,Hyderabad,Civil Engineering,workshop,14/01/2026,Walk-in,Paid,Attended,Vegan,300,6,2
S12760,Ajay Nair,Male,12-Jul-26,25,Mysuru,Arts,Workshop,24/05/2026,Mobile App,Refunded,Cancelled,No-meal,Rs 500,1.0 hr,4.0 / 5
S12112,Naveen Sharma,Other,8/1/2026,18,Coimbatore,Civil Engineering,Career Fair,24/06/2026,Campus Desk,Pending,Registered,Vegetarian,100,4,3
S10091,Ajay Nair,male,3/11/2026,19,Coimbatore,Commerce,Career Fair,,Campus Desk,Paid,Attended,Vegetarian,500,1,3
S12468,Anitha Nair,Female,2/18/2026,18,Bengaluru,Civil Engineering,Hackathon,24/01/2026,Website,Refunded,attended,Vegan,250,6,3.0 / 5
S10479,Arun Kumar,Male,27-May-26,24,Coimbatore,Computer Science,Career Fair,30/03/2026,Website,Paid,Registered,No Meal,500,3,1
S12923,Lakshmi Rao,Female,2/25/2026,21,Kochi,Arts,Sports Meet,30/12/2025,Campus Desk,Paid,Cancelled,No-meal,150,2.5,2
S12086,Harini Iyer,Male,8/31/2026,22,Pune,Management,Career Fair,8/7/2026,Walk-in,Pending,Absent,,750,1,4.0 / 5
S12647,Deepa Sharma,Other,20-Jul-26,24,Kochi,Management,Seminar,18/06/2026,  Mobile App  ,waive,Attended,Non-Vegetarian,100,6,3.0 / 5
S12603,Ravi Patel,,13-Feb-26,20,Madurai,,Seminar,23/12/2025,,Pending,Attended,Vegan,200,6,
S10659,Pooja Das,Female,6/15/2026,18,Hyderabad,Mechanical,Seminar,3/5/2026,Email,Pending,Attended,,₹200,1.0 hr,2.0 / 5
S10566,Karthik Rao,Other,26/04/2026,21,Pune,Computer Science,Sports Meet,26/03/2026,Website,Waived,Cancelled,Vegetarian,250,2.5,1.0 / 5
S11717,Harini Iyer ,Male,4/10/2026,22,Pune,Electronics,Cultural Fest,25/02/2026,Email,Waived,Registered,Non-Vegetarian,Rs 250,2.0 hr,1
S11265,Ajay Nair,Male,13/06/2026,18,Mysuru,Civil Engineering,WORKSHOP,15/04/2026,Website,Pending,attended,Vegetarian,INR 300,1.5 hours,5
S11707,Pooja Das,Other,31/02/2026,18,Chennai,Computer Science,Hackathon,1/5/2026,Website,Waived,Cancelled,No-meal,250,4,4
S11762,Pooja Das,Other,22/04/2026,17,Coimbatore,Commerce,Seminar,16/03/2026,Website,waive,absent , Vegan,0,4,1
S12403,Vijay Menon,Other,8/24/2026,19,Trichy,Civil Engineering,Career Fair,4/7/2026,Walk-in,Refunded,attended,Non-Vegetarian,0,1,4
S11015,Anitha Nair,Other,1-Sep-26,24,Salem,Commerce ,Cultural Fest,23/07/2026,Email,Pending,Registered,Vegetarian,250,2.5,1
S11686,Ajay Nair,Other,30/06/2026,19,Chennai,Electronics,Sports Meet,18/05/2026,Campus Desk,Refunded,Absent,No-meal,150,2,5
S10924,Deepa Sharma,Male,11/5/2026,18,Kochi,Computer Science,Workshop,14/03/2026,Website,Paid,Registered,No Meal,150,1,1
S12443,Pooja Das,Male,4/10/2026,26,Pune,Civil Engineering,Cultural Fest,9/3/2026,Campus Desk,PAID,Cancelled,Vegan,200,1.5,2
S10315,Meena Patel,Female,10/5/2026,19,Madurai,,Sports Meet,14/04/2026,Website,pending,Absent,Vegan,0,2,3
S12015,Divya Iyer,Male,31-Mar-26,25,Pune,Computer Science,Workshop,11/3/2026,Website,paid,Registered,Vegetarian ,0,2,3
S10569,Ajay Nair,Male,3/17/2026,23,Chennai,Commerce,Sports Meet,22/02/2026,Walk-in,Paid,cancelled,Vegan,₹200,2.0 hr,1
S10466,Ajay Nair,Male,7/15/2026,25,,Management,Seminar,4/7/2026,Mobile App,Refunded,Cancelled, Vegetarian,300,1,5.0 / 5
S12937,Deepa Sharma,Other,8/31/2026,20,Trichy,Mechanical,Career Fair,29/08/2026,,paid,Attended,Non-Vegetarian,150,4,5
S11285,Lakshmi Rao,male,1/15/2026,17,Salem,Civil Engineering,Workshop,11/1/2026,Email,Waived,Cancelled,Non-Vegetarian,250,4,2
S11463,Naveen Sharma,Other,3/22/2026,23,Salem,Management,Hackathon,16/03/2026,Mobile App,Pending,Registered,Non-Vegetarian,₹300,1.0 hr,0
S10213,Vijay Menon,male,5/2/2026,20,Chennai,Electronics,Seminar,15/04/2026,Walk-in,Refunded,absent ,Vegan,₹750,2.0 hours,5
S11412,Manoj Kumar,Male,19-Jul-26,23,Trichy,Electronics,Cultural Fest,27/06/2026,Campus Desk,pending,Absent,Vegan,500,1.5,2
S10426,Priya Sharma,Male,8/12/2026,23,Madurai,Arts,Hackathon,14/07/2026,Walk-in,Waived,attended,Non-Vegetarian,0,2.5,3
S10499,Rahul Menon,Female,24-Apr-26,24,Hyderabad,,Cultural Fest,26/03/2026,Mobile App,Paid,Cancelled,Vegan,500,2.5,3
S11719,Keerthi Rao,MALE,6/25/2026,19,Hyderabad,Arts,Workshop,16/06/2026,Email,paid,ABSENT,No-meal,INR 0,1.0 hours,3
S12312,Suresh Kumar,Male,22/02/2026,21,Trichy,Civil Engineering,Career Fair,10/1/2026,Mobile App,waive,Absent,Vegan,300,2.5,4
S10607,Suresh Kumar,Female,1/3/2026,20,Salem,Computer Science,Career Fair,12/1/2026,Mobile App,Refunded,Attended,Vegetarian,500,4,5
S10750,Keerthi Rao,Male,6-Jan-26,17,Bengaluru,Civil Engineering,Sports Meet,19/11/2025,Mobile App,Pending,cancelled,Vegetarian,500,6,5
S11533,Rahul Menon,MALE,25/05/2026,23,Coimbatore,Civil Engineering,Workshop,21/05/2026,Campus Desk,Paid,Absent,No Meal,100,6,5
S11167,Ravi Patel,Male,28/04/2026,21,Hyderabad,Civil Engineering,Sports Meet,10/3/2026,Email,Refunded,Registered,Vegan,150,1.5,2
S10133,Manoj Kumar,MALE,2/12/2026,23,Mysuru,Electronics,Workshop,23/01/2026,Campus Desk,Waived,Cancelled,No-meal,150,6,5
S11729,Rahul Menon,Female,31-May-26,22,Hyderabad,Civil Engineering,Workshop,9/5/2026,Mobile App,Pending,Registered,Vegetarian,750 rupees,3.0 hours,5
S11784,Harini Iyer,Male,4/10/2026,25,Mysuru,Arts,Career Fair,22/03/2026,Website,Pending,cancelled,Vegetarian,750,4,2
S12709,Ravi Patel,Male,7/8/2026,24,Bengaluru,Civil Engineering,Seminar,11/6/2026,Email,Waived,Cancelled,Vegan,500,2,4
S10125,Karthik Rao,Other,6/28/2026,26,Mysuru,Arts,Career Fair,10/5/2026,Email,Refunded,Registered,Non-Vegetarian,100,3,4
S11801,Anitha Nair,,3/21/2026,18,Bengaluru,Civil Engineering,Career Fair,22/02/2026,Website,Paid,absent ,Vegan,150 rupees,2.0 hours,2
S12424,Rahul Menon,Other,2/1/2026,26,Coimbatore,Commerce,Career Fair,13/12/2025,Walk-in,Pending,Cancelled,Non-Vegetarian,500,1.5,4
S12467,Harini Iyer,Female,8/4/2026,25,Coimbatore,Civil Engineering,Seminar,5/4/2026,Email,waive,Cancelled,Vegan,0,4,5.0 / 5
S10642,Swetha Menon,MALE,6/2/2026,22,Pune,Arts,Cultural Fest,29/04/2026,Walk-in,Waived,Registered,Vegetarian,INR 100,2.5 hr,4
S12604,Arun Kumar,FEMALE,1/11/2026,21,Coimbatore,Computer Science,Hackathon,22/11/2025,Email,Paid,cancelled,Vegetarian,200,6,5.0 / 5
S12908,Vikram Das,Female,11/3/2026,26,Salem,Management,seminar,20/02/2026,Email,Refunded,Attended,Vegetarian,500,1,2
S11386,Vijay Menon,Female,11/3/2026,19,Coimbatore,,Hackathon,5/2/2026,Website,waive,attended,Non-Vegetarian,0,3,3
S11651,Naveen Sharma,Other,27/04/2026,26,Salem,Mechanical,Hackathon,22/03/2026,Website,Paid,Attended,Non-Vegetarian,500,3,3
S10909,Pooja Das, Male,29/03/2026,19,Salem,Management,Hackathon,2/2/2026,Mobile App,PENDING,Registered,Vegetarian,250,3,1
S11387,Vijay Menon,Male,1/12/2026,18,Salem,Mechanical,Career Fair,11/1/2026,  Mobile App  ,Pending,absent ,Vegetarian,250,2,1
S11099,Deepa Sharma,Male,2/18/2026,25,Bengaluru,Computer Science,Seminar,15/01/2026,Website,Refunded,Registered,Non-Vegetarian,0,4,5
S11856,Vikram Das,Other,5-Mar-26,19,Pune,Computer Science,Cultural Fest,22/01/2026,Email,Refunded,cancelled,Non-Vegetarian,750,2.5,2
S12104,Divya Iyer,Other,2/13/2026,27,Chennai,Civil Engineering,Workshop,26/12/2025,Campus Desk,Refunded,attended,Non-Vegetarian,200,2,4
S11349,Swetha Menon,Male,4/6/2026,21,Kochi,Civil Engineering,Seminar,16/04/2026,Email,Pending,Cancelled,Non-Vegetarian,150,4,0
S10254,Pooja Das,FEMALE,24/04/2026,17,Pune,Management,Sports Meet,13/04/2026,Campus Desk,PENDING,absent,Vegan,₹300,1.5 hr,2
S11945,Lakshmi Rao,FEMALE,8/29/2026,27,,Electronics,Cultural Fest,9/8/2026,Mobile App,Paid,Cancelled,Non-Vegetarian,0,2.5,5
S10878,Divya Iyer,Male,5/11/2026,18,Madurai,Management,Career Fair,1/5/2026,Mobile App,pending,attended,Vegetarian,250,1.5,4
S10389,Pooja Das,Female,11-Feb-26,24,Hyderabad,Mechanical,Hackathon,18/01/2026,Campus Desk,Paid,ABSENT,Vegan,150 rupees,3.0 hr,3
S10497,Ajay Nair,Other,19-Feb-26,22,Trichy,Mechanical,Workshop,29/01/2026,Campus Desk,waive,Cancelled,No Meal,750,4,4
S10118,Lakshmi Rao,Other,28/02/2026,25,Chennai,Management,Hackathon,15/02/2026,Walk-in,Refunded,Absent,,250,3,3
S12666,Lakshmi Rao,Other,15-Jul-26,25,Chennai,Mechanical,WORKSHOP,25/05/2026,Mobile App,Paid,cancelled,Vegetarian,500,1,4
S11030,Naveen Sharma,Female,23/03/2026,25,Pune,Computer Science,Cultural Fest,4/3/2026,Email,Pending,Attended,Vegan,500,2.5,5
S11065,Manoj Kumar,Male,1/29/2026,25,Coimbatore,Computer Science,Workshop,5/12/2025,Website,Pending,Attended,Vegan,100,1.5,3
S11805,Lakshmi Rao,Female,3/5/2026,27,Bengaluru,Electronics,Hackathon,21/01/2026,Email,waive,Registered,Non-Vegetarian,₹250,4.0 hours,5
S12718,Harini Iyer,Female,5/5/2026,17,Salem,Management,Workshop,15/03/2026,Website,Waived,attended,Vegetarian,INR 150,4.0 hr,3
S10686,Meena Patel,Female,3/28/2026,19,Trichy,Computer Science,Sports Meet,27/02/2026,Website,waive,absent ,No Meal,250,6,1
S12933,  Divya Iyer  ,Female,21-Feb-26,18,Mysuru,Electronics,WORKSHOP,18/02/2026,Campus Desk,Pending,Absent,Non-Vegetarian,INR 250,6.0 hours,2
S10640,Swetha Menon,Male,3/15/2026,25,Mysuru,Civil Engineering,workshop,30/01/2026,Walk-in,waive,Cancelled,Vegetarian,0 rupees,1.5 hours,
S12219,Lakshmi Rao,Other,26-Feb-26,18,Kochi,Mechanical,Career Fair,5/2/2026,Website,Refunded,absent ,No-meal,300,1,4.0 / 5
S11657,Harini Iyer,Other,10-Jan-26,24,Mysuru,Arts,Cultural Fest,15/11/2025,Walk-in,Paid,Absent,Non-Vegetarian,500,2.5,3
S11926,Keerthi Rao,Female,4/9/2026,19,Hyderabad,Arts,WORKSHOP,11/3/2026,Website,waive,absent,Vegetarian,100,4,
S12450,Lakshmi Rao,Other,23-Apr-26,18,Kochi,Computer Science,Seminar,22/03/2026,Campus Desk,Waived,Attended,Vegan,100,2.5,4
S10460,Deepa Sharma,Female,25-Aug-26,17,Chennai,Management,Career Fair,2/8/2026,Email,Refunded,Absent,Vegan,250,3,5
S12572,Arun Kumar,Female,8/9/2026,26,Chennai,Computer Science,Cultural Fest,25/06/2026,Campus Desk,Refunded,Absent,Vegan,500,2.5,1
S11082,Karthik Rao,Female,11-Apr-26,21,Hyderabad,Arts,Sports Meet,26/02/2026,Mobile App,PAID,cancelled,No-meal,500 rupees,2.5 hr,
S11246,Suresh Kumar,Male,5/7/2026,26,Pune,Arts,Workshop,22/04/2026,Website,Paid,Attended,Vegan,0,3,
S12109,Naveen Sharma,Other,3/20/2026,18,Coimbatore,Electronics,workshop,7/2/2026,Mobile App,Paid,Registered,Non-Vegetarian,750,2,4
S12786,Karthik Rao,Female,3/2/2026,23,Madurai,Civil Engineering,Seminar,31/01/2026,Email,waive,ABSENT,No-meal,0,6,4
S10023,Keerthi Rao,Female,2-Jun-26,17,,Civil Engineering,Career Fair,16/05/2026,Website,Paid,Absent,Non-Vegetarian,100,3,4
S12490,Vikram Das,male,6/19/2026,21,Kochi,Arts,Cultural Fest,17/06/2026,,Waived,Absent,Vegan,300,3,2
S10696,Keerthi Rao,Other,31/07/2026,23,Madurai,Computer Science,Cultural Fest,2/7/2026,Walk-in,waive,absent ,No Meal,500,2,1
S12892,Swetha Menon,MALE,25-Mar-26,18,Chennai,Management,Career Fair,1/2/2026,Walk-in,waive,cancelled,Vegan,250 rupees,6.0 hours,1.0 / 5
S12145,Harini Iyer,Female,8/20/2026,21,Bengaluru,Commerce ,Career Fair,18/08/2026,Email,Paid,Absent,Vegetarian,500,2.5,4
S11715,Naveen Sharma,male,19/08/2026,25,Coimbatore, Commerce,Career Fair,17/07/2026,Email,Waived,ATTENDED,Non-Vegetarian,500,2.5,5
S12023,Harini Iyer,Other,8/8/2026,20,Trichy,Civil Engineering,Hackathon,28/06/2026,Email,Paid,Absent,Vegan,250,6,4.0 / 5
S12189, Lakshmi Rao,female,10/3/2026,26,Bengaluru,Mechanical,Hackathon,3/3/2026,Campus Desk,waive,Registered,Vegetarian,750 rupees,1.5 hours,4
S12224,Lakshmi Rao,Female,7/7/2026,27,Madurai,Mechanical,Sports Meet,24/05/2026,Campus Desk,waive,Attended,Vegetarian,250,3,4.0 / 5
S11969,Keerthi Rao,Male,5/15/2026,26,Chennai,Mechanical,Cultural Fest,20/03/2026,Website,PENDING,Registered,Vegetarian,₹500,2.0 hr,4
S11515,Arun Kumar,Male,8/25/2026,22,Coimbatore,Computer Science,Sports Meet,30/06/2026,Website,waive,Attended,Vegan,200,2,1.0 / 5
S10239,Manoj Kumar,Other,7/5/2026,22,Madurai,Mechanical,Seminar,27/06/2026,Walk-in,PENDING,Registered,Vegan,750,3,5.0 / 5
S10648,Karthik Rao,Other,18-Jan-26,23,Trichy,Civil Engineering,Hackathon,30/11/2025,Campus Desk,Waived,Registered,Vegan,INR 150,2.5 hr,1
S12070,Vikram Das,Female,1/16/2026,22,Madurai,Computer Science,Sports Meet,13/01/2026,Email ,Paid,Attended,No-meal,150,1.5,5
S10798,Deepa Sharma,Other,3-Apr-26,24,Bengaluru,Civil Engineering,Workshop,20/02/2026,Walk-in,Refunded,Cancelled,Vegetarian,750,3,
S11153,Naveen Sharma,Female,13/04/2026,26,Madurai,Mechanical,Hackathon,12/2/2026,Walk-in,Refunded,Absent,No Meal,500,6,1
S11851,Naveen Sharma,Male,13/06/2026,19,Madurai,Commerce,Seminar,15/05/2026,Walk-in ,waive,ATTENDED,Vegan,250,3,1
S11278,Deepa Sharma,Other,,25,Bengaluru,Arts,Hackathon,2/6/2026,Mobile App,Refunded,Cancelled,Vegan,500,2,4
S10778,Harini Iyer,Male,2/4/2026,26,Trichy,Computer Science,Workshop,3/1/2026,Campus Desk,Paid,Registered,Non-Vegetarian,300 rupees,4.0 hr,
S11128,Rahul Menon,Male,4/3/2026,20,,Electronics,Sports Meet,13/02/2026,Mobile App,Waived,Registered,Vegan,300,4,5
S12812,Lakshmi Rao,Other,2/8/2026,24,,Computer Science,Career Fair,13/12/2025,Mobile App,Refunded,Cancelled,Vegetarian,750,4,1
S11505,Divya Iyer,Male,17-Aug-26,18,Trichy,Mechanical,Hackathon,13/08/2026,Mobile App,Paid,cancelled,Vegan ,200,1,3
S12754,Harini Iyer,MALE,20-Jul-26,25,Trichy,Computer Science,Hackathon,15/06/2026,Email,Refunded,absent ,Vegan,500,6,5
S12110,Vijay Menon,Male,23/02/2026,27,Pune,Electronics,Cultural Fest,9/2/2026,Campus Desk,Waived,Absent,,200,2.5,4
S12151,Arun Kumar, Female,20/08/2026,27,Madurai,Mechanical,Hackathon,26/07/2026,Walk-in,Pending,Registered,Vegan,750,2,1
S12591,Lakshmi Rao,Male,16/05/2026,20,Bengaluru,Computer Science,Workshop,27/04/2026,Email,Refunded,Absent,Vegan,200,1,1
S11283,Anitha Nair,MALE,1/5/2026,-5,Hyderabad,Management,Career Fair,2/12/2025,Email,PENDING,Attended,Vegetarian,100,1,3
S12457,Naveen Sharma,Female,19-Feb-26,25,Mysuru,Management,Cultural Fest,28/01/2026,Walk-in,Paid,absent,Vegetarian,100,1,5.0 / 5
S12430,Anitha Nair,Other,1/26/2026,19,Kochi,Civil Engineering,Sports Meet,12/12/2025,Website,Waived,Cancelled,,100,3,3
S11476,Deepa Sharma,Other,19/03/2026,24,Pune,Computer Science,Seminar,3/3/2026,Website,Waived,ATTENDED,Vegan,INR 750,4.0 hr,4.0 / 5
S10638,Ajay Nair,Male,6/6/2026,24,Kochi,Computer Science,Hackathon,14/05/2026,Walk-in,Paid,Registered,Vegetarian,0,2.5,2
S10835,Rahul Menon,female,25-Feb-26,19,Chennai,Civil Engineering,workshop,8/1/2026,Walk-in,Paid,cancelled,Vegan,200,2,1
S12544,Suresh Kumar,Male,26-Jan-26,25,Kochi,Commerce,Sports Meet,14/12/2025,Walk-in,Pending,Absent,Vegan,200,1.5,5
S10177,Lakshmi Rao,Other,3/2/2026,26,Kochi,Civil Engineering,Career Fair,4/1/2026,Website,Pending,Attended,No Meal,0,2,2
S10436,Naveen Sharma,Female,10/6/2026,21,Chennai,Commerce,  Seminar  ,17/04/2026,Walk-in,Refunded,ABSENT,Vegan,300,2.5,2
S11484,Swetha Menon,Male,31-Mar-26,23,Coimbatore,Commerce,Sports Meet,5/2/2026,Mobile App,Pending,Registered,Vegan,250,2,2
S10947,Karthik Rao,Female,31/07/2026,23,,Arts,Workshop,7/7/2026,Website,Refunded,Attended,No Meal,100,2,2
S10632,Karthik Rao,Female,1/22/2026,23,Madurai,Commerce,Hackathon,4/1/2026,Campus Desk,Pending,absent ,Non-Vegetarian,150 rupees,4.0 hours,3
S10786,Ravi Patel,Female,1/8/2026,27,Pune,Mechanical,Career Fair,29/12/2025,Email,paid,Registered,Non-Vegetarian,0,6,2.0 / 5
S12957,Arun Kumar,Other,16-Apr-26,22,Trichy,Electronics,Career Fair,6/4/2026,Campus Desk,paid,cancelled,Non-Vegetarian,₹750,2.5 hr,2
S10236,Divya Iyer,Other,8/4/2026,20,Hyderabad,Mechanical,Sports Meet,14/06/2026,Website,Refunded,Registered,No-meal,300,1,4
S12796,Divya Iyer,Other,4/22/2026,21,Bengaluru,Commerce,Workshop,5/3/2026,Email,Refunded,absent ,Vegan,100 rupees,2.0 hr,4.0 / 5
S12210,Harini Iyer,Male,19/02/2026,17,Kochi,Computer Science,Cultural Fest,,,PENDING,Registered,Vegan,150,1,3
S10088,Anitha Nair,Male,20-Jul-26,23,Salem,,Seminar,1/7/2026,Mobile App,Waived,absent ,,500,1.5,2
S10227,Karthik Rao,female,3/13/2026,17,Bengaluru,Computer Science,Sports Meet,11/2/2026,Walk-in,Pending,Cancelled,Vegan,100,6,2
S11190,Rahul Menon,,2/22/2026,23,Bengaluru,Arts,SEMINAR,30/12/2025,Website,Pending,Absent,Non-Vegetarian,150,4,2.0 / 5
S10687,Priya Sharma,Female,7/17/2026,19, Trichy,Arts,Sports Meet,5/7/2026,Walk-in,waive,Cancelled,Vegan,0,6,2
S10296,Meena Patel,,7/3/2026,18,,Management,Workshop,29/05/2026,Website,Paid,Absent,Non-Vegetarian,150,2.5,2
S10741,Vijay Menon,Female,10-Jun-26,26,Pune,Mechanical,Workshop,22/05/2026,Website,waive,Registered,Vegetarian,₹750,3.0 hours,
S10719,Suresh Kumar,Female,16-Jun-26,17,Bengaluru,Commerce,Seminar,29/04/2026,Walk-in,Pending,cancelled,Non-Vegetarian,250,2,5.0 / 5
S12690,Manoj Kumar,Male,23-Aug-26,18,Trichy,Computer Science,Workshop,1/7/2026,Mobile App,Paid,Attended,Vegetarian,750,3,2
S10464,Harini Iyer,Male,30-Jan-26,23,Salem,Mechanical,Career Fair,20/01/2026,Walk-in,Pending,absent ,No-meal,₹500,1.0 hours,1
S10278,Priya Sharma,Male,2-May-26,25,Salem,Commerce,Cultural Fest,24/04/2026,Campus Desk,Waived,absent ,Non-Vegetarian,750,2,1
S12297,Divya Iyer,Other,12-Mar-26,22,Bengaluru,Mechanical,Seminar,12/1/2026,Email,PENDING,Registered,Non-Vegetarian,₹100,3.0 hr,2
S11358,Priya Sharma,Female,24/01/2026,24,Coimbatore,Arts,Hackathon,5/12/2025,,Waived,absent ,Vegan,150,1.5,3
S10960,Karthik Rao, Male,1/7/2026,26,Madurai,Mechanical,Career Fair,9/11/2025,Walk-in,Paid,ATTENDED,Vegan,Rs 500,1.0 hours,3
S12202,Karthik Rao,FEMALE,4/26/2026,26,Kochi,Civil Engineering,Sports Meet,26/03/2026,Website,Refunded,Cancelled,Non-Vegetarian,0,1,1
S12967,Lakshmi Rao,Male,27-Feb-26,25,Coimbatore,Management,Seminar,9/1/2026,Campus Desk,PENDING,Registered,Non-Vegetarian,100,6,3
S12836,Rahul Menon,Other,9/2/2026,20,Salem,Civil Engineering,Workshop,11/7/2026,Email,Refunded,cancelled,Vegan,₹500,1.0 hours,3
S11136,Swetha Menon,Female,1/7/2026,19,Pune,Mechanical,Sports Meet,23/05/2026,Walk-in,Refunded,Cancelled,Vegetarian,INR 0,2.5 hours,1
S12315,Priya Sharma, Male,1/12/2026,20,Salem,Arts,Cultural Fest,15/11/2025,Email,Pending,attended,Non-Vegetarian,200,3,5
S11430,Vijay Menon,Other,10/2/2026,23,Salem,Computer Science,Cultural Fest,19/12/2025,Walk-in,PAID,Absent,Non-Vegetarian,500,2,
S11405,Lakshmi Rao,Male,4/28/2026,18,Mysuru,Management,Career Fair,10/3/2026,Campus Desk,Pending,Registered,Vegetarian,250,2.5,1
S12100,Rahul Menon,Male,9/3/2026,18,Coimbatore,Electronics,Career Fair,4/2/2026,Walk-in,Waived,Registered,Vegan,100 rupees,4.0 hours,3
S11834,Ajay Nair,Other,29-Jan-26,22,Kochi,Mechanical,Hackathon,21/01/2026,Mobile App,Paid,Registered,Vegan,0,2,1
S12406,Suresh Kumar,Female,21/03/2026,25,Mysuru,Management,Cultural Fest,20/03/2026,Website,PAID,Attended,Vegetarian,200,3,
S10743,Deepa Sharma,Other,20/03/2026,22,Bengaluru,Commerce,Career Fair,30/01/2026,,Pending,ABSENT,Vegan,750 rupees,4.0 hr,4
S10663,Naveen Sharma,Other,8/29/2026,27,Kochi,Mechanical,Hackathon,11/7/2026,  Website  ,Pending,Registered,Vegan,0,1.5,4
S11444,Swetha Menon,Other,22-Feb-26,21,Salem,Civil Engineering,Sports Meet,29/12/2025,Walk-in,Waived,Attended,No-meal,150,1,2
S11778,Swetha Menon,Female,7/5/2026,25,Chennai,Arts,Career Fair,25/04/2026,Walk-in,Refunded,Registered,No-meal,0,1,4
S10178,Arun Kumar, Male,7/11/2026,18,Coimbatore,Electronics,  Cultural Fest  ,15/05/2026,Mobile App,Waived,Registered,Vegan,0,2,4
S12946,Swetha Menon,Other,31/02/2026,27,Madurai,Computer Science,Sports Meet,13/04/2026,Mobile App,Paid,absent ,No Meal,0,3,3
S12816,Manoj Kumar,Female,5-Jan-26,22,  Chennai  ,Arts,Hackathon,4/1/2026,Website,Paid,Attended,Non-Vegetarian,200,2.5,5
S11601,Suresh Kumar,Male,3/3/2026,18,Madurai,Arts,WORKSHOP,3/1/2026,Walk-in,Pending,cancelled,Vegan,Rs 0,4.0 hr,2
S10135,Priya Sharma,Male,27-Feb-26,22,Hyderabad,Management,Cultural Fest,2/1/2026,,Pending,Registered,No-meal,250,1,2
S11644,Pooja Das,Other,8-Feb-26,25,Bengaluru,Arts,Sports Meet,3/1/2026,Website,Paid,Absent,Vegan,750,1.5,3
S10966,Pooja Das,Other,30-Aug-26,17,,Arts,Seminar,14/07/2026,Walk-in,Waived,Absent,Non-Vegetarian,200,2.5,3
S12277,Karthik Rao,Female,20/01/2026,21,Chennai,Management,Seminar,15/12/2025,Walk-in,paid,cancelled,Vegetarian,100,2,5
S12095,Suresh Kumar,Female,1/6/2026,26, Kochi,Arts,Career Fair,26/05/2026,Mobile App,Refunded,Cancelled,Vegetarian,500,3,5
S12185,Vikram Das,Other,6-Feb-26,25,Chennai,Electronics,Seminar,unknown,Mobile App,Refunded,Absent,Non-Vegetarian,300,2.5,5
S12532,Ajay Nair,Female,18/08/2026,17,Trichy,Management,Career Fair,14/08/2026,Website,Refunded,Attended,Non-Vegetarian,250,2,
S12271,Naveen Sharma,Other,30-Jul-26,17,Chennai,Civil Engineering,Hackathon,2/7/2026,Campus Desk,Paid,Registered,Vegan,150,3,3
S12046,Keerthi Rao,Female,3/19/2026,21,Salem,Arts,Hackathon,20/02/2026,Walk-in,Paid,Registered,Vegan,0,1.5,3.0 / 5
S11691,Anitha Nair,Other,3/25/2026,18,Hyderabad,Commerce,Sports Meet ,27/01/2026,Walk-in,Paid,absent ,No Meal,500,2.5,5
S11313,Arun Kumar,Female,8/12/2026,17,Chennai,Computer Science,Hackathon,28/07/2026,Campus Desk,Paid,Attended,Vegan,150,1,3
S11437,Meena Patel,Other,5/19/2026,22,Hyderabad,Commerce,Cultural Fest,20/04/2026,Website,PAID,Attended,No-meal,500,6,5
S10402,Divya Iyer,Male,1/13/2026,27,Bengaluru,Civil Engineering,WORKSHOP,23/11/2025,Email,Paid,Registered,Vegetarian,0,2.5,1.0 / 5
S12000,Priya Sharma,Female,1/31/2026,19,Mysuru,Mechanical,Hackathon,7/1/2026,Mobile App,Refunded,Absent,Non-Vegetarian,500,1.5,1
S12391,Arun Kumar,Other,1/16/2026,25,Bengaluru,Arts,Hackathon,27/11/2025,Mobile App,Refunded,attended,Vegan,250,1.5,4.0 / 5
S10580,Harini Iyer,Male,1/10/2026,17,Bengaluru,Arts,Career Fair,2/1/2026,Website,Paid,absent ,No-meal,₹0,1.5 hr,2
S12562,Vikram Das,Other,13/04/2026,24,Salem,Mechanical,Career Fair,28/03/2026,  Walk-in  ,Waived,Registered,Vegan,750,1.5,3
S11909,Lakshmi Rao,Other,7/7/2026,27,Chennai,Electronics,Sports Meet,14/05/2026,Mobile App,Paid,ATTENDED,Vegan,INR 150,2.0 hours,4
S12645,Harini Iyer,Female,15/07/2026,22,Coimbatore,Commerce,seminar,19/05/2026,Walk-in,Pending,Attended,Vegetarian,150,4,3
S11453,Ravi Patel,Other,2/12/2026,26,Madurai,Computer Science,Sports Meet,27/01/2026,Website,Refunded,Cancelled,Vegetarian,500,4,1
S12741,Naveen Sharma,Male,8/10/2026,25,   ,Computer Science,Workshop,24/06/2026,Website,Refunded,Attended,No Meal,200,3,2
S11451,Deepa Sharma,Other,26/03/2026,26,Pune,Electronics,Career Fair,13/03/2026,Email,Refunded,Cancelled,Vegan,INR 100,6.0 hours,5
S10336,Meena Patel,Other,7/28/2026,25, Bengaluru,Civil Engineering,Hackathon,27/06/2026,Mobile App,Paid,Cancelled,Vegetarian,150,1.5,3
S12464,Ajay Nair,Male,1/18/2026,26,Coimbatore,Computer Science,Hackathon,12/12/2025,Website,Refunded,Attended,No Meal ,750,1.5,1
S10573,Ravi Patel,Other,1/16/2026,17,Bengaluru,Commerce,Cultural Fest,10/12/2025,Mobile App,waive,Registered,Vegan,200,4,4
S11142,Rahul Menon,Male,14-Jan-26,20,Kochi,Arts,Hackathon,4/12/2025,Website,Pending,Attended,Non-Vegetarian,INR 0,2.0 hr,2
S12571,Vijay Menon,Other,5/29/2026,23,Mysuru,Management,Career Fair,18/05/2026,Website,Paid,Attended,Vegan,150,1,5
S11294,  Karthik Rao  ,Male,3/31/2026,17,Mysuru,Mechanical,Cultural Fest,15/03/2026,Email,Paid,Attended,Vegetarian,300 rupees,2.5 hr,2
S12667,Meena Patel,female,6/10/2026,26,Coimbatore,Electronics,Career Fair,23/05/2026,Email,Refunded,absent,Vegetarian,300,6,5
S10575,Lakshmi Rao,Female,1/16/2026,20,Madurai,Management,Hackathon,12/12/2025,Campus Desk,PAID,Registered,Non-Vegetarian,250,1,2.0 / 5
S10242,Manoj Kumar, Male,7/17/2026,25,Chennai,Management,Workshop,9/6/2026,Mobile App,Refunded,Registered,Vegan,200,6,2
S12699,Karthik Rao,Female,4/18/2026,17,Madurai,Computer Science,SEMINAR,1/3/2026,Email,Waived,ATTENDED,Vegetarian,100,6,4
S11247,Manoj Kumar, Female,16-Mar-26,25,Trichy,Management, Cultural Fest,27/01/2026,Walk-in,Pending,Absent,No Meal,250,3,5
S10354,Lakshmi Rao,Other,16/03/2026,21,Mysuru,Mechanical,Workshop,20/01/2026,Walk-in,waive,Registered,Vegan,0,4,1
S12550,Deepa Sharma,Male,1/16/2026,21,Bengaluru,Management,WORKSHOP,4/12/2025,Email,Pending,Cancelled,No Meal,250,6,4
S10746,Keerthi Rao,,8/4/2026,24,Salem,Commerce,Sports Meet,5/6/2026,Email,Refunded,Cancelled,Vegan,150,6,2
S11079,Deepa Sharma,Other,29/03/2026,26,Kochi,Arts,Career Fair,7/3/2026,Walk-in,Refunded,Absent,Vegetarian,250,2,1.0 / 5
S10136,Anitha Nair,Female,4-May-26,27,Trichy,Mechanical,Career Fair,30/03/2026,Mobile App,waive,absent,No Meal,Rs 300,2.0 hr,3.0 / 5
S12444,Naveen Sharma,Other,not available,25,Trichy,Electronics,Workshop,22/03/2026,,Paid,Cancelled,Non-Vegetarian,300,2,1
S11700,Ravi Patel,Male,15-Mar-26,24,Hyderabad,Arts,Sports Meet,14/02/2026,Campus Desk,Pending,Absent,No Meal,500,2,4
S10854,Rahul Menon,Female,25/08/2026,22,Chennai,Electronics ,Cultural Fest,30/06/2026,Mobile App,pending,ABSENT,Non-Vegetarian,750,6,3
S11174,Meena Patel, Male,4/26/2026,27,Chennai,Civil Engineering,Cultural Fest,15/04/2026,Mobile App,Paid,Absent,Non-Vegetarian,₹0,1.0 hours,5
S10078,Rahul Menon,Female,6/1/2026,26,Kochi,Computer Science,Career Fair,4/5/2026,Website,Refunded,ATTENDED,Vegan,500,4,
S10794,Arun Kumar,Male,22-Mar-26,18,Bengaluru,Electronics,Sports Meet,28/01/2026,Campus Desk,Refunded,Registered,No-meal,750,1.5,1.0 / 5
S10501,Swetha Menon,Other,7/14/2026,27,Chennai,Mechanical,Sports Meet,22/05/2026,Mobile App,Waived,Absent,Vegan,INR 250,1.5 hr,5
S10916,  Priya Sharma  ,Male,7/28/2026,24,Chennai,Mechanical,Sports Meet,18/06/2026,Website,Refunded,Cancelled,,300,3,3
S12595,Harini Iyer,Female,3/26/2026,19,Coimbatore,Mechanical,Sports Meet,11/3/2026,Website,Refunded,Registered,Vegan,0,2,2.0 / 5
S11478,Ajay Nair,Female,29/01/2026,26,Salem,Mechanical,Cultural Fest,26/01/2026,Website,Refunded,Attended,No-meal,500,4,5
S10610,Lakshmi Rao,Female,12-May-26,26,Trichy,Computer Science,Workshop,25/03/2026,Website,Paid,Cancelled,Vegetarian,100,4,4.0 / 5
S11434,Vikram Das,FEMALE,15-Apr-26,27,Hyderabad,Management,Sports Meet,13/04/2026,Email,Waived,Cancelled,Vegan,300,3,4
S11160,Arun Kumar,male,11/1/2026,22,Bengaluru,Computer Science,Hackathon,12/11/2025,Walk-in,Pending,absent ,Vegetarian,Rs 300,4.0 hours,5
S11184,Lakshmi Rao,Male,7/16/2026,20,Hyderabad,Civil Engineering,Workshop,7/6/2026,Campus Desk,Paid,Cancelled,Non-Vegetarian,250,2,5
S10846,Suresh Kumar,Female,8/10/2026,20,Coimbatore,,Sports Meet,20/07/2026,Website,PAID,Registered,Non-Vegetarian,150,2.5,5
S12722,Keerthi Rao,Other,17/06/2026,17,Salem,Arts,Hackathon,1/5/2026,Email,Refunded,Registered,No Meal,0,3,5
S10245,Ravi Patel,Other,3/30/2026,21,Salem,Commerce,Sports Meet,6/3/2026,Walk-in,Pending,Registered,Vegan,200,6,5
S10644,Priya Sharma,,9-Feb-26,21,   ,Computer Science,Hackathon,17/01/2026,Walk-in,paid,Attended,Vegan,₹150,1.0 hr,3.0 / 5
S11454,Naveen Sharma,Other,8/1/2026,17,Bengaluru,Civil Engineering,Sports Meet,10/6/2026,Mobile App,Refunded,Attended,Non-Vegetarian,Rs 750,1.0 hours,4
S12072,Vikram Das,Male,7/5/2026,22,Pune,Civil Engineering,Sports Meet,21/03/2026,Website,waive,Attended,No Meal,100,1.5,1
S10040,Anitha Nair,Other,5/4/2026,24,Hyderabad,Arts,Career Fair,19/02/2026,Email,waive,Cancelled,Vegan,250,2,3
S12469,Priya Sharma,Female,3/18/2026,27,Hyderabad,Civil Engineering,Hackathon,23/02/2026,Walk-in,Pending,Cancelled,Vegan,150,3,4
S12303,Lakshmi Rao,Female,3/1/2026,19,Chennai,Computer Science,Career Fair,11/1/2026,Mobile App,Refunded,Registered,Vegetarian,250,6,5
S11364,Rahul Menon,Male,29-Aug-26,19,Salem,Civil Engineering,Hackathon,15/07/2026,Website,Pending,absent ,No-meal,₹100,1.0 hr,5
S12696,Deepa Sharma,male,2/25/2026,26,Chennai,Civil Engineering,Seminar,10/2/2026,Mobile App,Waived,cancelled,Vegan,100,3,3
S11241,Swetha Menon,,1/14/2026,20,  Trichy  ,Management,Hackathon,23/12/2025,Mobile App,waive,absent ,Non-Vegetarian,750,3,
S10681,Anitha Nair,Other,7/1/2026,24,,Civil Engineering,Seminar,15/06/2026,Mobile App,Refunded,ABSENT,Vegetarian,500,2,1
S11556,Ravi Patel,Female,25-Jul-26,22,Kochi,Commerce,Sports Meet,22/06/2026,Website,Pending,Attended,Non-Vegetarian,200,1.5,4
S11117,Lakshmi Rao,,2/7/2026,21,Madurai,Mechanical,Career Fair,30/12/2025,Email,pending,Cancelled,Vegan,250,2.5,1
S12339,Swetha Menon,Female,4/9/2026,18,Madurai,Arts,Career Fair,22/03/2026,Website,Waived,Absent,Vegan,Rs 150,2.0 hr,5
S12809,Divya Iyer,Male,16/01/2026,25,Madurai,Management,Sports Meet,15/12/2025,Website,pending,Cancelled,No Meal,INR 200,1.5 hr,3.0 / 5
S11985,Arun Kumar,Other,7/1/2026,21,Kochi,Arts,Workshop,1/6/2026,Campus Desk,Paid,Cancelled,Non-Vegetarian,300,2.5,4
S10165,Vikram Das,Female,7/4/2026,21, Madurai,Arts,Workshop,15/06/2026,Campus Desk,waive,Registered,Vegan,250,6,5
S10679,Meena Patel,Other,30/07/2026,25,Pune,Electronics,workshop,9/7/2026,Campus Desk,paid,Attended,Non-Vegetarian,300,1.5,4
S12959,Deepa Sharma,Other,6/14/2026,19,Pune,Civil Engineering,Career Fair,24/05/2026,Mobile App,Refunded,Absent,Non-Vegetarian,150,1,
S12943,Vikram Das,Female,20/01/2026,26,Trichy,Electronics,Hackathon,19/01/2026,Walk-in,Refunded,Registered,Non-Vegetarian,500,1,1
S10968,Anitha Nair,FEMALE,12/3/2026,22,Chennai,Civil Engineering,Sports Meet,23/02/2026,Mobile App,Paid,absent ,Vegetarian,150,6,2
S12981,Deepa Sharma,Other,10-Apr-26,17,Madurai,Computer Science,SEMINAR,22/02/2026,Email,Pending,Registered,Vegetarian,INR 500,4.0 hours,3.0 / 5
S12730,Ajay Nair,Other,7/17/2026,25,Salem ,Mechanical,Workshop,13/07/2026,Email,Pending,cancelled,Non-Vegetarian,150,6,2
S10873,Suresh Kumar,FEMALE,26/07/2026,17,Madurai,Management,seminar,11/7/2026,Website,Paid,cancelled,No Meal,250,2,1
S11499,Lakshmi Rao,Male,21-Aug-26,17,Trichy,Management,Career Fair,23/06/2026,Website,Paid,absent ,Non-Vegetarian,150,3,5
S10967,Rahul Menon,Male,16/04/2026,27,Trichy,,WORKSHOP,16/02/2026,Website,Pending,Attended,No-meal,150,1,5
S10063,Divya Iyer,,25-Aug-26,21,Madurai,Computer Science,Cultural Fest,11/7/2026,Campus Desk,Pending,Attended,No Meal,500,1,
S12598,Suresh Kumar,Female,3/1/2026,19,Chennai,Management,Hackathon,8/1/2026,Website,waive,Cancelled,Non-Vegetarian,750,2.5,5
S11092,Manoj Kumar, Male,8/23/2026,23,Trichy,Management,Career Fair,4/7/2026,,Paid,Cancelled,No-meal,200,1.5,3
S12063,Divya Iyer, Female,14/03/2026,25,Salem,Civil Engineering,Seminar,17/02/2026,Campus Desk,Pending,Registered,Non-Vegetarian,750,1.5,2
S12093,Suresh Kumar,Female,6-Aug-26,20,Madurai,Electronics,workshop,15/07/2026,Email,waive,Attended,Non-Vegetarian,100,2,5
S10825,Pooja Das,male,13-Feb-26,21,Trichy,Management,Workshop,22/01/2026,Mobile App ,Waived,Attended,Vegetarian,150,2,4
S10981,Vikram Das,Female,7/10/2026,19,Madurai,Mechanical,Hackathon,25/06/2026,Campus Desk,Waived,Attended,No-meal,100,1,1.0 / 5
S12510,Divya Iyer,Female,17/06/2026,24,,Mechanical,Sports Meet,29/05/2026,Walk-in,PAID,ABSENT,Vegan,250,6,4
S10616,Priya Sharma,Male,8/30/2026,18,Hyderabad,Mechanical,  Workshop  ,22/07/2026,Campus Desk,paid,Attended,No-meal,Rs 100,1.5 hr,3
S12094,Manoj Kumar,Other,19-Feb-26,19,   ,Arts,seminar,27/01/2026,Walk-in,Refunded,Cancelled,Vegetarian,0,6,1
S12537,Arun Kumar,Male,1/14/2026,17,Trichy,Computer Science,Seminar,15/11/2025,Email,Refunded,ABSENT,Non-Vegetarian,100,1.5,3
S10584,Priya Sharma,female,12-Feb-26,27,Trichy,Mechanical,Seminar,16/12/2025,Campus Desk,Waived,Registered,No Meal,250,3,3
S12597,Vikram Das,male,6-Apr-26,18,Trichy,Management,Career Fair,17/02/2026,Campus Desk,waive,Attended,Vegetarian,250,1,2.0 / 5
S10923,Naveen Sharma,Male,4/18/2026,20,Pune,Electronics,Workshop,21/03/2026,Email,Refunded,Cancelled,Non-Vegetarian,250,1.5,5
S10805,Ravi Patel,Other,7/29/2026,21,Coimbatore,Arts,Sports Meet,7/6/2026,Campus Desk,Refunded,cancelled,Vegan,500,2,3
S12547,Ravi Patel,female,3/16/2026,19,Hyderabad,Commerce,Sports Meet,20/01/2026,Email,Paid,cancelled,Non-Vegetarian,300,1,5
S12697,Manoj Kumar,Female,1/28/2026,21,Hyderabad,Commerce,Workshop ,13/12/2025,Email,Refunded,absent ,Vegetarian,Rs 500,3.0 hr,2
S11187,Swetha Menon,Male,15/01/2026,21,Pune,Civil Engineering,Cultural Fest,26/12/2025,Mobile App,paid,Registered,Vegetarian,500,6,3
S10060,Lakshmi Rao,Female,14/06/2026,27,Madurai,Civil Engineering ,Sports Meet,7/6/2026,Mobile App,Pending,Absent,Non-Vegetarian,0,2,4.0 / 5
S12355,Meena Patel,Other,25/07/2026,25,Pune,Management,Workshop,9/7/2026,Email,waive,Cancelled,Non-Vegetarian,200,3,3
S12116,Pooja Das,Male,2/22/2026,19,Pune,Computer Science,Sports Meet,2/1/2026,Walk-in,waive,Attended,Vegan,100 rupees,3.0 hr,1
S11501,Priya Sharma,Male,5/9/2026,26,Madurai,Mechanical,Hackathon,16/03/2026,Email,Paid,absent ,Vegetarian,100,1.5,5
S11509,Karthik Rao,Male,10-Jan-26,17,Pune,Electronics,Cultural Fest,28/11/2025,Walk-in,Refunded,Attended,,Rs 100,2.0 hours,3
S12427,Vikram Das,Other,8-May-26,27,Mysuru,Management,Career Fair,9/3/2026,Campus Desk,Refunded,Absent,Non-Vegetarian,150,6,
S12919,Swetha Menon,Female,3/5/2026,21,  Kochi  ,Commerce,SEMINAR,14/01/2026,Walk-in,Waived,Absent,Vegetarian,200,3,4
S12164,Pooja Das,Male,6/28/2026,27,Salem,Mechanical,Workshop,12/5/2026,Mobile App,Paid,Cancelled,Vegan,Rs 150,2.5 hr,1
S10564,Meena Patel,Male,22/02/2026,17,Coimbatore,Management,Hackathon,3/2/2026,Website,waive,Registered,Vegetarian,150,2.5,4
S12142,Anitha Nair,Other,7/13/2026,27,Salem,Civil Engineering,Hackathon,13/06/2026,Email,PAID,Registered,Vegetarian,100,6,3
S11326,Pooja Das,Female,4/23/2026,17,Pune,Commerce,Career Fair,12/4/2026,Campus Desk,PAID,Cancelled,Vegetarian,250,1.5,5
S10976,Harini Iyer,Female,12/5/2026,20,Hyderabad,Computer Science,Sports Meet,16/03/2026,Walk-in,Waived,Registered,No-meal,200,2.5,2
S10770,Deepa Sharma,Female,30/06/2026,19,Madurai,Computer Science,Sports Meet,28/06/2026,Mobile App,Waived,absent ,Vegan,100,6,3.0 / 5
S11130,Suresh Kumar,Male,6/23/2026,26,Chennai,Mechanical,Career Fair,10/6/2026,Campus Desk,waive,Registered,Non-Vegetarian,250,2,5
S11860,Anitha Nair,Male,2-Feb-26,22,Madurai,Management,Sports Meet ,1/2/2026,Campus Desk,Pending,absent ,Non-Vegetarian,200 rupees,1.0 hours,4
S11268,Vijay Menon,Female,4/6/2026,25,Hyderabad ,Management,Workshop,18/04/2026,Mobile App,waive,Cancelled,Vegetarian,750,1.5,4
S11933,Priya Sharma,Other,3/24/2026,19,Chennai,Commerce,Career Fair,31/01/2026,Email,waive,Absent,Vegetarian,₹300,2.0 hours,3
S11456,Priya Sharma,Female,5/15/2026,23,Madurai,Electronics,Career Fair,5/4/2026,Email,Refunded,cancelled,No-meal,Rs 200,1.5 hours,3
S10151,Lakshmi Rao,Female,27-Mar-26,27,Pune,Management,Sports Meet,8/3/2026,Email,waive,Registered,No Meal,750,3,2.0 / 5
S12716,Ravi Patel,Other,5/10/2026,17,Madurai,Management,Seminar,22/03/2026,Mobile App,Pending,absent ,Non-Vegetarian,200,4,5
S10265,Karthik Rao, Male,8-May-26,19,Trichy,Mechanical,Workshop,26/03/2026,Campus Desk,PAID,Attended,Vegetarian,INR 0,6.0 hr,4.0 / 5
S10500,Arun Kumar,Male,8/8/2026,25,Coimbatore,Mechanical,Cultural Fest,6/7/2026,Website,Waived,Attended,Vegan,INR 100,6.0 hours,3
S12898,Vikram Das, Female,7/29/2026,17,Mysuru,Computer Science,Sports Meet,3/6/2026,Website,Paid,Registered,Non-Vegetarian,150,6,2
S11069,Manoj Kumar,Male,16-Jan-26,22,Salem,Commerce,Seminar,9/12/2025,Campus Desk,Refunded,Attended,Vegan,200,4,1
S12499,Swetha Menon,Male,8/1/2026,25,Coimbatore,Computer Science,Cultural Fest,15/06/2026,Campus Desk,Refunded,Attended,No-meal,200 rupees,1.0 hours,4
S12087,Harini Iyer,Other,2-Feb-26,27,Coimbatore,Commerce,Workshop,26/12/2025,Email,Pending,Registered,No Meal,INR 150,2.5 hr,1
S12216,Divya Iyer,Male,1/8/2026,26,Chennai,Mechanical,Sports Meet,5/1/2026,Campus Desk,waive,Registered,Vegetarian,0,1,4
S12453,Pooja Das,Other,5/25/2026,25,Coimbatore,Civil Engineering,Workshop,9/5/2026,Campus Desk,Paid,ABSENT,No-meal,750,6,1.0 / 5
S12813,Vikram Das,Other,30/05/2026,21,Trichy,Civil Engineering,Workshop,1/4/2026,Email,Waived,Absent,No-meal,0,3,1
S12868,Deepa Sharma,Male,8/2/2026,27,Coimbatore,Civil Engineering,Career Fair,24/07/2026,Email,paid,Registered,Vegan,300,6,3
S11770,Rahul Menon,Other,5/9/2026,18,Kochi,Mechanical,Workshop,24/03/2026,Mobile App,waive,attended,Vegetarian,300,2,3
S10218,Priya Sharma,female,20-May-26,23,Trichy,Arts,Sports Meet,30/04/2026,Email,pending,Attended,No-meal,0,6,2
S12031,Rahul Menon,Male,20/05/2026,20,Hyderabad,Mechanical,Hackathon,12/4/2026,Email,Waived,Absent,No-meal,300,1,3
S10069,Pooja Das,FEMALE,1/23/2026,18,Chennai,Commerce,Workshop,26/11/2025,Email,Paid,Cancelled,No Meal,300,3,2.0 / 5
S12735,Pooja Das,Male,19-Apr-26,26,Kochi,Management,Workshop,14/03/2026,Mobile App,Waived,Attended,Non-Vegetarian,₹0,2.5 hr,3
S12393,Manoj Kumar,Other,13-Jan-26,18,,Computer Science,Hackathon,8/12/2025,Mobile App,Waived,Attended,Vegan,0,2,4
S10701,Vikram Das,FEMALE,2-May-26,18,Trichy,Civil Engineering,Hackathon,19/04/2026,Email,Paid,absent ,Vegan,INR 250,4.0 hours,5
S11627,Vijay Menon,Other,5/17/2026,22,Chennai,Commerce,Seminar,28/03/2026,Campus Desk,waive,absent ,Vegan,INR 200,2.0 hr,4
S10899,Rahul Menon,Other,1/15/2026,27,Hyderabad,Arts,Workshop,18/11/2025,Mobile App,Paid,Cancelled,Non-Vegetarian,Not Available,1,1
S12466,Suresh Kumar , Female,2-Feb-26,22,Pune,Commerce,Hackathon,23/01/2026,Mobile App,Waived,cancelled,Non-Vegetarian,200,2.5,1.0 / 5
S12719,Pooja Das,Female,1-Mar-26,25,Hyderabad,Management,Career Fair,24/02/2026,Email,PENDING,Attended,Vegetarian,250,1.5,3
S11154,Rahul Menon,Female,15-May-26,22,Coimbatore,Electronics,Hackathon,9/5/2026,Website,paid,Absent,Vegan,150,6,4
S10996,Vikram Das,Female,6/20/2026,25,Hyderabad,Management,Sports Meet,4/6/2026,Campus Desk,PENDING,cancelled,Vegan,150,4,5
S10070,Harini Iyer,Female,11-Aug-26,27,Trichy,Electronics,Sports Meet,30/06/2026,Campus Desk,Refunded,Attended,Vegetarian,200,2.5,4.0 / 5
S10042,Lakshmi Rao,Female,2-Jul-26,27,Chennai,,Career Fair,23/06/2026,Walk-in,PAID,Attended,Vegan,750,1,1
S12633,  Lakshmi Rao  , Female,4/7/2026,25,Salem,Computer Science,Sports Meet,16/02/2026,Walk-in,Waived,cancelled,Vegetarian,250,1.5,3.0 / 5
S11799,Anitha Nair,male,9-Mar-26,18,Madurai,Electronics,Cultural Fest,29/01/2026,Campus Desk,Refunded,ATTENDED,Non-Vegetarian,200,2.5,5
S10089,Swetha Menon,female,4/30/2026,25,Salem,Management,Workshop,3/3/2026,Walk-in,paid,Registered,Vegan,150,6,4
S10678,Deepa Sharma,Other,3/29/2026,22,Pune,Commerce,Career Fair,18/02/2026,Email,Waived,Registered,Vegetarian,300,2.5,3
S11665,Vikram Das,,4/30/2026,20,Bengaluru,Commerce,Sports Meet,5/3/2026,Website,Waived,Cancelled,Vegan,200 rupees,3.0 hours,5
S11424,Pooja Das,Female,5/1/2026,23,Pune,Arts,Cultural Fest,20/11/2025,Mobile App,pending,Attended,Vegetarian,250,1.5,2
S11614,Anitha Nair,male,24/05/2026,17,Trichy,Commerce,Hackathon,9/5/2026,Mobile App,Refunded,Cancelled,No-meal,300,2,4
S10193,Swetha Menon,Other,23/05/2026,19,Trichy,Management,Workshop,3/5/2026,Campus Desk,Pending,Registered,No Meal,750 rupees,1.0 hr,1
S11785,Priya Sharma,Female,2-Apr-26,26,Coimbatore,Civil Engineering,Hackathon,14/03/2026,Walk-in,waive,attended,Vegetarian,0,3,1.0 / 5
S11925,Ajay Nair,Female,4/3/2026,19,Bengaluru,Computer Science, Seminar,5/2/2026,Mobile App,Paid,cancelled,Vegan,750,2.5,4.0 / 5
S12154,Pooja Das,Female,7/22/2026,18,Madurai,Civil Engineering,Career Fair,24/06/2026,Mobile App,Waived,Registered,Vegan,100,6,4
S10709,Arun Kumar,Other,1/20/2026,24, Hyderabad,Mechanical,Career Fair,11/12/2025,Website,Refunded,Absent,Vegetarian,Rs 150,1.0 hr,3
S10959,Ajay Nair,Other,20-Apr-26,17,Madurai,Arts,Cultural Fest,23/02/2026,Website,PAID,Registered,Non-Vegetarian,200,2.5,4
S10988,  Arun Kumar  ,Male,3/2/2026,19,Pune,Commerce,Seminar,17/12/2025,Email,Refunded,Attended,Vegetarian,500,6,1.0 / 5
S10419,Suresh Kumar,Other,6/23/2026,24,Trichy,Commerce,Sports Meet,1/5/2026,Website,PENDING,Cancelled,Non-Vegetarian,250,4,5.0 / 5
S10811,Naveen Sharma,Other,1/28/2026,21,,Electronics,Workshop,16/01/2026,Mobile App,Refunded,absent,No-meal,500,1.5,2
S11976,Vikram Das,FEMALE,6/1/2026,27,Kochi,Civil Engineering,Career Fair,25/05/2026,Website,waive,absent,Vegetarian,200,6,5
S10903,Vijay Menon,Male,3/28/2026,24,Kochi,Arts,Workshop,26/03/2026,Mobile App,Refunded,Cancelled,Vegan,500,6,4
S12827,Vijay Menon,Other,5/31/2026,17,Hyderabad,Management,Cultural Fest,16/04/2026,Website,Pending,absent,Vegetarian,500,4,4.0 / 5
S12864,Meena Patel,Other,8/29/2026,22,Trichy,Mechanical,Career Fair,16/08/2026,Email,Waived,Attended,Vegan,200,1.5,5
S11955,Divya Iyer, Female,9/4/2026,22,Mysuru,Arts,Cultural Fest,13/02/2026,Campus Desk,Paid,absent ,Vegan,250,2,2.0 / 5
S12726,Arun Kumar,Other,19-Mar-26,23,Salem,Mechanical,Career Fair,15/02/2026,Campus Desk,paid,attended,No Meal,250,3,2
S11199,Suresh Kumar,Male,6/15/2026,22,Chennai,Electronics,Cultural Fest,5/6/2026,Campus Desk,Refunded,Registered,No-meal,100,1.5,2
S12940,Vikram Das,Other,6/12/2026,27,Coimbatore,Management,WORKSHOP,2/5/2026,Website,waive,ABSENT,Vegan,150,3,1.0 / 5
S11771,Priya Sharma,Female,25/01/2026,26,Hyderabad,Mechanical,Seminar,18/12/2025,Walk-in,Refunded,Absent,Vegetarian,₹150,2.0 hours,3
S10601,Karthik Rao,Other,14-Apr-26,24,Bengaluru,Commerce,Hackathon,17/02/2026,Campus Desk,Refunded,attended, Non-Vegetarian,100,2,4
S10155,Pooja Das,Female,21-Mar-26,18,Pune,Commerce,Cultural Fest,22/02/2026,Walk-in,Paid,cancelled,Vegetarian,Rs 100,6.0 hours,2
S10603,Divya Iyer,Male,5/30/2026,26,Hyderabad,Computer Science,Cultural Fest,27/05/2026,Email,Pending,Registered,,500,1,3.0 / 5
S10913,Vikram Das,Female,8-Mar-26,17,Chennai,Commerce,seminar,26/02/2026,Email,Pending,Absent,No-meal,200,2.5,3
S11121,Naveen Sharma,Male,29/04/2026,22,Pune,Commerce,Workshop,20/03/2026,Walk-in,Paid,cancelled,Vegan,300,1,3
S11714,Keerthi Rao, Male,22/07/2026,23,Chennai,Management,SEMINAR,11/6/2026,Website,Refunded,Registered,Vegan,300,3,2.0 / 5
S11133,Arun Kumar,Male,6/17/2026,25,Chennai,Computer Science,Sports Meet,29/04/2026,Website,waive,Registered,Vegetarian,500,3,3
S12411,Deepa Sharma,Other,25-Mar-26,18,Coimbatore,Electronics,Sports Meet,26/02/2026,Mobile App,Paid,Registered,Vegan,500,4,4
S11051,Suresh Kumar,Other,8/13/2026,17, Chennai,Arts,seminar,6/7/2026,Email,Paid,Cancelled,No Meal,500,1.5,2.0 / 5
S12058,Keerthi Rao,Other,3/9/2026,21,Hyderabad,Commerce,Hackathon,20/01/2026,Email,Refunded,Cancelled,No-meal,150,4,1.0 / 5
S11060,Deepa Sharma,Other,2/5/2026,21,Chennai,Civil Engineering,Workshop,8/12/2025,Website,Refunded,absent ,No Meal,0,1,3.0 / 5
S12217,Keerthi Rao,Other,5/26/2026,18,Kochi,Commerce,Career Fair,29/04/2026,Walk-in,waive,Cancelled,Vegan,750,1.5,5
S12774,Suresh Kumar,Other,23-Jul-26,20,Coimbatore,Computer Science,Sports Meet,25/05/2026,Walk-in,Paid,ATTENDED,Non-Vegetarian,100,3,3
S11500,Manoj Kumar, Female,9/8/2026,20,Chennai,Computer Science,Career Fair,20/06/2026,Mobile App,Waived,Registered,Vegetarian,250,3,3
S12021,Rahul Menon,Female,8/13/2026,26,Chennai,Electronics,Sports Meet,20/06/2026,Mobile App,waive,Cancelled,No-meal,250,6,
S11302,Meena Patel,Male,4-Feb-26,23,Pune,Mechanical,Hackathon,20/12/2025,Website,PENDING,Registered,Vegetarian,0,2,5
S12244,Ravi Patel,Female,10-Jun-26,17,Mysuru,Computer Science,Cultural Fest,9/5/2026,Email,waive,absent ,No Meal,0,3,2
S10582,Manoj Kumar,Female,31-Jan-26,23, Hyderabad,Arts,Career Fair,29/12/2025,Website,Paid,ATTENDED,Vegan,150,1,2
S11371,Rahul Menon,Other,4/6/2026,19,Mysuru,Computer Science,Career Fair,16/05/2026,Walk-in,waive,Registered,No-meal,0,1.5,5
S10957,Ajay Nair,Other,5/8/2026,19,Salem,Mechanical,Workshop,25/04/2026,Walk-in,Refunded,ABSENT,,INR 100,4.0 hours,3
S10471,Deepa Sharma,Other,1/9/2026,20,Salem,Civil Engineering,Seminar,22/12/2025,Campus Desk,Paid,attended,Non-Vegetarian,200,6,5.0 / 5
S11818,Suresh Kumar, Male,2-Apr-26,25,Chennai,Mechanical,Seminar,24/03/2026,Campus Desk,PAID,Registered,Non-Vegetarian,150,4,4
S12515,Meena Patel,FEMALE,27/01/2026,18,Mysuru,Management,Sports Meet,9/12/2025,Campus Desk,Paid,cancelled,Non-Vegetarian,150,4,1.0 / 5
S10130,Anitha Nair,Male,11-Jun-26,17,Mysuru,Mechanical,Hackathon,22/04/2026,Mobile App,Paid,Attended,No Meal,200,1.5,1
S12135,Ajay Nair,female,1/16/2026,22,Hyderabad,Management,seminar,20/12/2025,Walk-in,Waived,Registered,Vegetarian,100,6,1
S12203,Vijay Menon,Male,2/14/2026,19,Chennai,Civil Engineering, Career Fair,7/2/2026,Mobile App,Paid,Registered,No-meal,100,6,3
S12341,Swetha Menon,Female,7/23/2026,22,Mysuru,Commerce,Workshop,5/6/2026,Mobile App,Paid,Registered,Non-Vegetarian,0,3,4.0 / 5
S12050,Vikram Das,Female,4/8/2026,20,Trichy,Civil Engineering,Hackathon,1/3/2026,Email,paid,Registered,Vegan,Rs 300,1.0 hours,2.0 / 5
S10791,Karthik Rao,Other,4/14/2026,25,Salem,Commerce,Sports Meet,15/02/2026,Walk-in,Paid,Cancelled,Vegan,500,2.5,4
S11141,Manoj Kumar,Other,1/27/2026,21,Coimbatore,Civil Engineering,Career Fair,9/1/2026,Mobile App,pending,Attended,Vegan,750,2,2
S12994,Harini Iyer,Female,24-May-26,18,Trichy,Mechanical,Hackathon,7/5/2026,Mobile App,pending,Absent,Non-Vegetarian,750,2,4
S12521,Ravi Patel,Male,31-Jan-26,27,Bengaluru,Arts, Seminar,19/12/2025,Website,Pending,absent,Vegetarian,100,1.5,2.0 / 5
S10856,Rahul Menon,Male,7/26/2026,21,Salem,Commerce,Cultural Fest,6/6/2026,,Refunded,cancelled,Non-Vegetarian,150,2,1
S10541,Harini Iyer,Other,7-Jan-26,24,Kochi,Civil Engineering,Hackathon,3/12/2025,Mobile App,Pending,Attended,No Meal,300,1.5,3
S10400,Vikram Das,Other,8/27/2026,18,Coimbatore,Mechanical,Sports Meet,22/08/2026,Campus Desk,Paid,Cancelled,No Meal,150,1,
S12775,Anitha Nair,MALE,7/18/2026,27,Chennai,Management,Hackathon,30/06/2026,Campus Desk,Paid,ATTENDED,Non-Vegetarian,200,1.5,5
S12454,Anitha Nair,Other,26/01/2026,24,Mysuru,Civil Engineering,Sports Meet,11/1/2026,Website,Waived,Registered,Vegan,100,2.5,2
S11259,Keerthi Rao,Other,1/13/2026,18,Bengaluru,Civil Engineering,Cultural Fest,16/11/2025,Walk-in,Paid,cancelled,,750,2,
S11138,Deepa Sharma,Other,31-Mar-26,25,Bengaluru,Computer Science,Cultural Fest,23/02/2026,Campus Desk,Refunded,Registered,Vegan,100,4,5
S10410,Rahul Menon,Female,13/06/2026,18,Mysuru,  nan  ,Career Fair,4/5/2026,Email,Waived,Registered,Vegan,100,4,5.0 / 5
S11692,Priya Sharma, Female,7/8/2026,18,Trichy,Electronics,seminar,4/8/2026,Website,paid,cancelled,Non-Vegetarian,300,3,4
S10874,Swetha Menon,Other,2-Jun-26,22,Pune,Arts,Career Fair,7/5/2026,Walk-in,waive,cancelled,Non-Vegetarian,750,2,3
S12852,Harini Iyer,Male,8/14/2026,19,Pune,Arts,Hackathon,24/06/2026,Email,Waived,Cancelled,No-meal,150,1.5,2
S10802,Meena Patel,Male,4/16/2026,18,Coimbatore,Computer Science,Hackathon,7/3/2026,Mobile App,Waived,Absent,Non-Vegetarian,200,1,1
S10453,Ravi Patel,Female,24-Jun-26,19,Pune,Civil Engineering,Cultural Fest,24/05/2026,Campus Desk,Pending,Absent,Vegetarian,150,1.5,2.0 / 5
S11338,Divya Iyer,Male,23/07/2026,26,Coimbatore,Civil Engineering,Hackathon,1/7/2026,Website,pending,ATTENDED,No Meal,500,2,5
S10186,Pooja Das,Other,3/1/2026,22,Hyderabad,Electronics,Cultural Fest,6/1/2026,Website,Pending,cancelled,Vegetarian,150,1,2
S12895,Suresh Kumar,,19/06/2026,19,Madurai,Electronics,Cultural Fest,7/5/2026,Website,Waived,cancelled,Vegan,150,3,3.0 / 5
S11230,Manoj Kumar,female,27-Aug-26,17,Pune,Civil Engineering,Cultural Fest,26/08/2026,Website,Pending,absent ,Vegan,0,1.5,1
S12707,Lakshmi Rao,Male,4/29/2026,17,Bengaluru,Electronics,Cultural Fest,20/03/2026,Website,Paid,Cancelled,Non-Vegetarian,300,6,5
S11688,Ravi Patel,Male,3/14/2026,21,Mysuru,Computer Science,  Sports Meet  ,26/01/2026,Walk-in,Waived,Registered,No Meal,300,6,5
S12884,Keerthi Rao,Female,28-Jul-26,21,Salem,Civil Engineering,Cultural Fest,5/7/2026,Website,waive,absent ,Non-Vegetarian,200,2,3
S10540,Suresh Kumar,Male,31/05/2026,19,Bengaluru,Computer Science,Hackathon,7/5/2026,Website,waive,Registered,Vegetarian,INR 300,2.5 hr,5
S12327,Arun Kumar,Male,2/5/2026,21,Coimbatore,Civil Engineering,Cultural Fest,13/01/2026,Mobile App,PENDING,attended,No Meal,100 rupees,3.0 hours,3
S11937,Pooja Das,Female,28/01/2026,21,Kochi,Management,Workshop,14/12/2025,Website,waive,Absent,Vegan,150,4,2
S12291,Naveen Sharma,Other,19/07/2026,18,Hyderabad,Computer Science,Cultural Fest,16/07/2026,Campus Desk,Refunded,Cancelled,Vegan,250,2.5,4
S11742,Vijay Menon,Female,7/23/2026,26,Pune,Mechanical,Career Fair,14/07/2026,Walk-in,Refunded,Cancelled,Vegan,250,1,2
S12818,Harini Iyer,Male,2/6/2026,17,Kochi,Computer Science,Seminar,27/04/2026,Walk-in,PAID,absent ,Vegetarian,750,1,2
S11527,Harini Iyer,male,7/16/2026,20,Trichy,Commerce,SEMINAR,13/07/2026,Email,Pending,Registered,Vegan,100,6,2
S11862,Ajay Nair,Other,2/23/2026,19,Salem,Commerce,Sports Meet,13/02/2026,Campus Desk,Pending,Attended,No Meal,0,1,2
S11639,Vijay Menon,Other,5/30/2026,18,Coimbatore,Arts,seminar,13/05/2026,Mobile App,Pending,Cancelled,Vegetarian,100,4,5
S11610,Pooja Das,Other,1/16/2026,17,Salem,Management,Sports Meet,13/01/2026,Email,Refunded,Cancelled,Non-Vegetarian,300,1.5,1
S10465,Vikram Das,Other,16/06/2026,24,,Electronics,Workshop,19/05/2026,Campus Desk,Refunded,Absent,No Meal,750,4,4.0 / 5
S11324,Ravi Patel,Other,4/3/2026,19,,Management,WORKSHOP,17/03/2026,Campus Desk,Refunded,Cancelled,Vegan,500 rupees,6.0 hr,1
S10551,Lakshmi Rao,Male,7/1/2026,25,Chennai,Civil Engineering,Sports Meet,10/6/2026,Campus Desk,Refunded,Registered,No Meal ,300,3,5
S11953,Priya Sharma,Male,2/26/2026,24,Chennai,Management,Sports Meet,9/1/2026,Mobile App,Pending,cancelled,Vegetarian,0,2,2
S12310,Vijay Menon,Male,16/03/2026,24,Salem,Arts,Seminar,6/2/2026,Website,Paid,absent ,Vegetarian,Rs 750,2.5 hours,4.0 / 5
S11392,Suresh Kumar,Female,23-Jun-26,22,Bengaluru,Mechanical,Career Fair,14/05/2026,Mobile App,PAID,Registered,No Meal,500,1,1
S11044,Arun Kumar,Male,2/11/2026,17,Trichy,Commerce,Cultural Fest,16/01/2026,Mobile App,Refunded,Attended,Vegetarian,150 rupees,4.0 hours,2
S12872,Vikram Das,Female,12/6/2026,22,Bengaluru,Arts,Workshop,14/04/2026,,Refunded,Registered,Vegetarian,200,4,1
S11380,Vikram Das,Other,3/9/2026,19,Kochi,Computer Science,Sports Meet,8/3/2026,Mobile App,Pending,absent ,Vegan,250,3,4.0 / 5
S10225,Vijay Menon,Other,24/07/2026,24,Trichy,Mechanical,Career Fair,17/07/2026,Website,Paid,absent,Vegetarian,200,3,2.0 / 5
S12756,Pooja Das,Other,3/15/2026,19,Hyderabad,Commerce,Seminar,21/02/2026,Email,Pending,Absent,Vegan,750,3,4
S10275,Swetha Menon,Female,26/06/2026,22,Salem,Computer Science,Sports Meet,unknown,Mobile App,waive,attended,No-meal,₹100,3.0 hours,2
S12612,Ravi Patel,Female,9/7/2026,17,Hyderabad,Electronics,Workshop,3/6/2026,Walk-in,Pending,attended,No Meal,200,2.5,5
S11046,Pooja Das,Male,21/03/2026,20,Coimbatore,Electronics,Career Fair,12/2/2026,Mobile App,Pending,Registered,,500,2.5,3
S11352,  Anitha Nair  ,Male,28/01/2026,26,Pune,Arts,Seminar,22/01/2026,Mobile App,pending,absent,No-meal,200,2.5,1
S10312,Karthik Rao,Male,2/4/2026,18,Bengaluru,Management,Workshop,16/02/2026,Mobile App,Pending,Absent,Vegetarian,INR 250,2.5 hr,4
S11076,Meena Patel,Female,6/11/2026,23,Pune,Civil Engineering,Hackathon,4/6/2026,Email,PENDING,cancelled,Vegetarian,300,4,1
S11772,Keerthi Rao,Male,24-Aug-26,22,Chennai,Civil Engineering,Cultural Fest,22/08/2026,Campus Desk,Paid,Registered,Vegan,Rs 200,4.0 hr,3
S11433,Rahul Menon,Other,1/19/2026,27,Salem,Arts,Sports Meet,28/12/2025,Mobile App,PENDING,absent ,No-meal,250,1,4
S12295,Rahul Menon, Female,14-Jul-26,18,Pune,Computer Science,Career Fair,14/06/2026,Email,paid,ABSENT,Vegan,300,2,4
S12366,Pooja Das,Male,8-Jun-26,22,Chennai,Civil Engineering,Hackathon,19/05/2026,Campus Desk,Refunded,Cancelled,Vegetarian,500,6,3
S10619,Manoj Kumar,Female,12/1/2026,19,Chennai,Arts,Sports Meet,22/12/2025,Mobile App,waive,Attended,Non-Vegetarian,200,1,2
S12011,Harini Iyer,Female,7/26/2026,21,Madurai,Arts,Cultural Fest,1/7/2026,Email,Paid,ABSENT,Non-Vegetarian,100,1,4
S11623,Manoj Kumar,Male,2/28/2026,27,,Management,Sports Meet,18/01/2026,Website,Refunded,attended,No Meal,300,2.5,2
S10290,Harini Iyer,female,20-Apr-26,18,Madurai,Computer Science,Hackathon,7/4/2026,Mobile App,waive,absent ,Vegan,150,1.5,3
S10287,Naveen Sharma,female,5/6/2026,24,Mysuru,Civil Engineering,Cultural Fest,27/04/2026,Campus Desk,Refunded,Registered,Non-Vegetarian,500,3,5.0 / 5
S12322,Deepa Sharma,Other,1/2/2026,25,Madurai,Management,Sports Meet,26/12/2025,Campus Desk,Waived,Attended,Non-Vegetarian,300,3,4
S12068,Karthik Rao,Female,7/29/2026,23,Chennai,Electronics,Seminar,7/7/2026,Campus Desk,Paid,cancelled,Vegetarian,300,4,1
S10020,Rahul Menon,Male,1/15/2026,22,Coimbatore,Computer Science,Sports Meet,26/12/2025,Campus Desk,Pending,Cancelled,Non-Vegetarian,0,2,2
S11290,Anitha Nair,female,7/21/2026,19,Pune,Computer Science,Cultural Fest,15/06/2026,Walk-in,Paid,Registered,Vegetarian,INR 300,1.0 hours,5
S11756,Divya Iyer,male,7/2/2026,26,Hyderabad,Electronics,Seminar,15/01/2026,Mobile App,Refunded,Registered,No Meal,Rs 100,3.0 hr,5
S11709,Divya Iyer,male,27-Apr-26,17,Chennai,Commerce,Workshop,10/3/2026,Campus Desk,Paid,attended,Vegetarian,500,2.5,5
S11381,Anitha Nair,Other,11-Apr-26,19,Trichy,Management,Cultural Fest,21/03/2026,Website,pending,cancelled,Non-Vegetarian,250,1,3
S10842,Manoj Kumar,,13/08/2026,18,Madurai,Electronics,Cultural Fest,11/7/2026,Website,Refunded,Attended,Vegan,INR 0,6.0 hr,2.0 / 5
S10788,Naveen Sharma,Male,4/24/2026,17,Mysuru,Commerce,Sports Meet,13/03/2026,Walk-in,Waived,Attended,Vegan,150,1,2
S11078,Divya Iyer,Other,13/06/2026,23,Hyderabad,Commerce,Workshop,1/6/2026,Email,Paid,Registered,Vegan,500,2,5
S12610,Manoj Kumar,Female,11/3/2026,25,Chennai ,Mechanical,Sports Meet,11/1/2026,Campus Desk,PAID,ABSENT,Vegan,Not Available,3,5
S10945,Karthik Rao,MALE,20/07/2026,22,Salem,Arts, Sports Meet,28/06/2026,Walk-in,Paid,Attended,Vegan,100,1.5,5
S11482,Ravi Patel,Other,14/01/2026,22,Madurai,Civil Engineering,Seminar,11/1/2026,Mobile App,Pending,Registered,Vegan,200,6,5
S10294,Keerthi Rao,Male,3/10/2026,27,Madurai,Commerce,Cultural Fest,7/2/2026,Walk-in,PENDING,Attended,Vegetarian,250,1.5,3
S12097,Naveen Sharma,Other,10/3/2026,25,Coimbatore,Management,Cultural Fest,7/2/2026,Website,Pending,Absent,No Meal,100,1,2
S12955,Ravi Patel,FEMALE,8/24/2026,19,Mysuru,Civil Engineering,Sports Meet,8/8/2026,Walk-in,waive,Cancelled,No-meal,200,3,2
S10801,Naveen Sharma,Female,7/17/2026,20,Hyderabad,Management,Workshop,22/06/2026,Email,waive,cancelled,Non-Vegetarian,250,6,4
S11053,Swetha Menon,female,18-Mar-26,19,Kochi,Arts,Hackathon,18/02/2026,Walk-in,Refunded,absent ,Vegan,Rs 200,2.0 hours,4
S11852,Suresh Kumar,Male,7/5/2026,22,Mysuru,Computer Science,Cultural Fest,12/6/2026,Email,Waived,Attended,Non-Vegetarian,300,2,4
S12429,Ajay Nair,Male,2/28/2026,23,Chennai,Management,  Workshop  ,19/02/2026,Campus Desk,Pending,Registered,Vegetarian,INR 200,2.5 hours,3.0 / 5
S12942,Manoj Kumar, Female,7/17/2026,22,Madurai,Computer Science,Cultural Fest,11/7/2026,Website,Refunded,Attended,,200,4,4
S11366,Vikram Das,Female,7/3/2026,18,Chennai,Commerce,Cultural Fest,13/05/2026,Mobile App,Paid,absent ,No Meal,150,1.5,2
S12257,Suresh Kumar,FEMALE,2/20/2026,20,Pune,Civil Engineering,Seminar,25/12/2025,Mobile App,Refunded,Registered,No Meal,200,2,4
S12655,Vijay Menon,Male,2/4/2026,24,Chennai,Commerce,seminar,27/01/2026,Website,waive,Attended,Vegan,750,2.5,5.0 / 5
S11645,Harini Iyer,Male,4/19/2026,18,Salem,Commerce,Cultural Fest,5/3/2026,Campus Desk,waive,cancelled,Vegetarian,750,4,1
S10764,Vikram Das,Female,30/08/2026,20,Hyderabad,Electronics,Sports Meet,21/07/2026,Campus Desk,Refunded,Attended,Vegan,150,2,2
S11384,Deepa Sharma,Male,21-Feb-26,23,Mysuru,Mechanical,Career Fair,10/2/2026,Website,waive,Registered,No-meal,150,1,4.0 / 5
S10713,Anitha Nair,Other,20-May-26,26,Salem,Commerce,Cultural Fest,14/05/2026,Email,Waived,absent ,Vegan,200,1.5,3.0 / 5
S10431,Priya Sharma,Male,30/05/2026,17,Kochi,Commerce,Sports Meet,22/05/2026,Mobile App,Paid,Absent,Non-Vegetarian,₹500,6.0 hours,4
S11323,Keerthi Rao,Other,6/6/2026,24,Trichy,Commerce,seminar,12/4/2026,Campus Desk,Refunded,Attended,Vegan,Rs 500,2.0 hours,1
S10101,Divya Iyer,Female,5/7/2026,25,Coimbatore,Commerce,Workshop,30/06/2026,Email,Paid,absent,Vegan,250,2,2
S12428,Pooja Das,Female,6/5/2026,19,Mysuru,Management,Cultural Fest,30/04/2026,Walk-in,Waived,Absent,Vegetarian,500,3,5
S12449,Vijay Menon,Male,7/5/2026,19,Kochi,Arts,Seminar,23/06/2026,Website,Paid,Cancelled,Non-Vegetarian,500,2,2
S11251,Rahul Menon,Other,6/1/2026,17,Trichy,Arts,SEMINAR,31/05/2026,Campus Desk,Paid,Absent,Vegan,150,6,1
S10832, Deepa Sharma,Other,28-Feb-26,19,Madurai ,Management,Career Fair,2/2/2026,Email,Refunded,absent,Vegan,750,1,5.0 / 5
S12004,Swetha Menon,Other,1/18/2026,19,Salem,Electronics,Career Fair,3/12/2025,Website,Paid,Cancelled,No Meal,100,2,5
S12212,Karthik Rao,Other,2/11/2026,22,Trichy,Civil Engineering,Sports Meet,13/01/2026,Mobile App,Refunded,ATTENDED,Vegetarian,200,3,3
S11557,Deepa Sharma,Male,16-Feb-26,19,Salem,Mechanical,Career Fair,26/01/2026,Walk-in,Paid,Absent,Vegetarian,300,2,4
S11808,Karthik Rao,Male,8/6/2026,19,Madurai,Civil Engineering,Career Fair,27/06/2026,Campus Desk ,Refunded,Absent,Non-Vegetarian,750,4,4
S11234,Lakshmi Rao,Male,8/16/2026,19,Chennai,Mechanical,Cultural Fest,16/07/2026,Website,waive,Absent,No-meal,300,2.5,2
S10407,Ravi Patel,Female,26-Jun-26,23,Madurai,Civil Engineering,workshop,19/06/2026,Walk-in,pending,Attended,No Meal,750,3,1
S11013,Vijay Menon,Other,14-Feb-26,17,Chennai,Arts,Sports Meet,5/2/2026,Mobile App,Refunded,cancelled,Vegetarian,300,6,1
S10552,Anitha Nair,Female,17/03/2026,26,Chennai,Mechanical,seminar,8/3/2026,Mobile App,Pending,Registered,Vegan,500,1,5
S12628,Naveen Sharma,Male,15-Feb-26,25,Trichy,Mechanical,Career Fair,26/12/2025,Walk-in,paid,Absent,Vegan,150,6,2
S10184,Rahul Menon,Other,6/23/2026,20,Trichy,Arts,Workshop,14/06/2026,Email,Paid,Attended,No Meal,250,2,3.0 / 5
S10263,Meena Patel,female,1/3/2026,26,Hyderabad,Arts,Seminar,31/01/2026,Campus Desk,paid,cancelled,Vegetarian,750,6,4.0 / 5
S12446,Swetha Menon,Female,5/13/2026,18,Madurai,Electronics,Career Fair,1/5/2026,Walk-in,PAID,Cancelled,  Non-Vegetarian  ,500,1,5
S12778,Vijay Menon, Female,18/04/2026,27,Mysuru,Mechanical,Sports Meet,28/02/2026,Website,Refunded,ABSENT,Vegan,0,6,4.0 / 5
S11537,Harini Iyer,MALE,22/06/2026,20,Trichy,Mechanical,Seminar,17/05/2026, Campus Desk,Waived,Attended,No-meal,750,2.5,3
S11950,Karthik Rao,Other,4/2/2026,25,  Coimbatore  ,Commerce,Hackathon,15/02/2026,Email,Waived,Attended,Non-Vegetarian,200,2.5,5
S10523,Vikram Das,Female,27-Apr-26,25,Hyderabad,Computer Science,Cultural Fest,30/03/2026,Email,Refunded,Registered,No Meal,500,6,2
S10787,Deepa Sharma,Male,5/1/2026,21,Mysuru,Civil Engineering,Cultural Fest,22/03/2026,Mobile App,Refunded,Cancelled,Non-Vegetarian,750,1,3
S12485,Manoj Kumar,FEMALE,15/01/2026,20,Madurai,Arts,Cultural Fest,17/12/2025,Email,PENDING,attended,Vegan,750,1.5,1
S11720,Suresh Kumar,Female,1/7/2026,17,Chennai,Computer Science,workshop,25/12/2025,Email,Pending,Registered,No-meal,₹750,6.0 hr,4
S11169,Priya Sharma,Male,3/8/2026,27,Kochi,Civil Engineering,Seminar,13/01/2026,Mobile App,Waived,Attended,No-meal,750,6,2
S11821,Naveen Sharma,Male,21/07/2026,23,Salem,Commerce,Cultural Fest,10/6/2026,Walk-in,waive,Absent,Vegetarian,₹150,6.0 hours,4.0 / 5
S11959,Keerthi Rao,MALE,5/11/2026,24,Kochi,Management,Career Fair,14/04/2026,Email,Refunded,Registered,Vegan,100,6,3
S10420,Keerthi Rao,FEMALE,20/04/2026,18,Madurai,Commerce,Hackathon,30/03/2026,Mobile App,Pending,Absent,No-meal,200,6,4
S12668,Vijay Menon,Female,3/13/2026,26,Trichy,Computer Science,Workshop,12/1/2026,Mobile App,Refunded,Registered,Non-Vegetarian,150,1.5,4.0 / 5
S11564,Ajay Nair,Female,4/16/2026,19,Trichy,Computer Science,WORKSHOP,1/3/2026,Website,Paid,Attended,Vegetarian,500,1,1.0 / 5
S11781, Suresh Kumar,Female,4/10/2026,25,Kochi,Electronics,Cultural Fest,5/4/2026,Email,Refunded,Cancelled,No Meal,300,6,4
S12369, Deepa Sharma,Female,20-Apr-26,21,Trichy,Commerce,Workshop,4/4/2026,Campus Desk,Refunded,Registered,Non-Vegetarian,100,1,1
S12013,Ajay Nair,Female,4/7/2026,25,Kochi,Commerce,Cultural Fest,15/02/2026,Email,Refunded,Absent,Non-Vegetarian,Rs 500,1.0 hours,2
S11215,Rahul Menon,Male,16-May-26,20,,Commerce,Sports Meet,1/4/2026,Email,Waived,Attended,Non-Vegetarian,100,4,5
S11800,Lakshmi Rao,FEMALE,18-Jul-26,24,Bengaluru,Civil Engineering,Workshop,27/05/2026,Website,Pending,Registered,No-meal,300,1.5,1
S12903,Meena Patel,Male,31/02/2026,20,Madurai,Electronics,Sports Meet,24/02/2026,Email,PAID,Absent,Vegan,₹750,1.5 hours,4
S11682,Keerthi Rao,Male,not available,27,Salem,Commerce,Sports Meet,1/2/2026,Walk-in,Refunded,Registered,Vegetarian,INR 0,2.5 hours,2.0 / 5
S12060,Meena Patel,Other,17/05/2026,27,Mysuru ,Civil Engineering,Sports Meet,11/5/2026,Email,Pending,Cancelled,Vegan,750,2.5,3
S11292,Priya Sharma,FEMALE,1/12/2026,19,Bengaluru,Arts,Seminar,6/1/2026,Campus Desk,Pending,Cancelled,Vegetarian,200,1.5,5
S10328,Priya Sharma,Other,1/17/2026,23,Pune,Mechanical,WORKSHOP,10/1/2026,Campus Desk,Waived,absent,Vegetarian,Rs 150,1.5 hr,3
S10056,Naveen Sharma,Male,4/26/2026,27,Mysuru,Computer Science,Sports Meet,19/04/2026,Mobile App,waive,Registered,Vegetarian,Rs 100,2.5 hr,2.0 / 5
S11113,Meena Patel,Other,1/6/2026,18,Madurai,Electronics,Seminar,2/1/2026,Mobile App,Pending,cancelled,Vegan,750,3,5.0 / 5
S11983,Swetha Menon,Other,7/26/2026,17,Chennai, Mechanical,Hackathon,28/06/2026,Website,Pending,Attended,Non-Vegetarian,100,2.5,3
S12823,Suresh Kumar,Female,5/16/2026,22, Pune,Arts,Hackathon,28/04/2026,Website,paid,Cancelled,Non-Vegetarian,250,3,4
S11575,Ajay Nair,Other,30/08/2026,23,Bengaluru,Commerce,Sports Meet,14/08/2026,Email,Pending,Registered,No-meal,₹300,1.0 hours,1.0 / 5
S12768,Ajay Nair,Other,6/16/2026,22,Madurai,Mechanical,Career Fair,19/05/2026,Walk-in,Pending,Registered,Vegan,300,2,4
S11526,Ajay Nair,Male,19-Apr-26,25,Hyderabad,Arts,Seminar,20/03/2026,Mobile App,Paid,ABSENT,Vegetarian,150,1,3
S11654,Karthik Rao, Female,29-Apr-26,20,Madurai,Electronics,Seminar,3/3/2026,  Email  ,Paid,Cancelled,Vegetarian,100,2.5,3
S11832,Ravi Patel,Male,1/7/2026,20,Kochi,Computer Science,seminar,22/12/2025,Email,Refunded,Cancelled,Vegan,0,2,3.0 / 5
S10630,Suresh Kumar,Male,5/4/2026,20,Pune,Commerce,Career Fair,28/02/2026,Website,waive,Absent,Vegetarian,200,4,1
S11793,Rahul Menon,Other,12-Apr-26,23,Hyderabad,Computer Science,Hackathon,27/02/2026,Website,Paid,Attended,Non-Vegetarian,100,2,1
S10755,Suresh Kumar,Other,12/3/2026,25,Madurai,Civil Engineering,Workshop,16/02/2026,Campus Desk,Waived,Registered,Vegetarian,500,2.5,5
S10889,Keerthi Rao,Male,8/13/2026,20,,Arts,Sports Meet,13/07/2026,Walk-in,Pending,absent ,Non-Vegetarian,200,4,4
S11636,Rahul Menon,Male,1/7/2026,26,Bengaluru,Management,Career Fair,28/11/2025,Website,Waived,Cancelled,Vegan,250,1,3
S11108,Karthik Rao,Male,23-Mar-26,25,Kochi,Civil Engineering,Career Fair,17/03/2026,Email,Pending,Cancelled,,0,6,
S10520,Karthik Rao,Male,17/03/2026,27,Kochi,  Management  ,Seminar,24/02/2026,Mobile App,Refunded,cancelled,Non-Vegetarian,0,3,4
S10068,Meena Patel, Male,4/29/2026,22,Hyderabad,Mechanical,Workshop,10/3/2026,Campus Desk,Paid,Attended,No-meal,100,2.5,5.0 / 5
S10880,Naveen Sharma,Female,1/13/2026,22,Kochi,Mechanical,Hackathon,12/12/2025,Email,Refunded,attended,No Meal,300,1,3
S11462,Divya Iyer,Other,not available,25,Pune,Commerce,Sports Meet,26/02/2026,Email,PENDING,Registered,No Meal,₹500,3.0 hours,2.0 / 5
S10670,Priya Sharma,Other,15-Mar-26,26,Madurai,Commerce,Career Fair,25/02/2026,Website,Paid,Cancelled,Vegetarian,500,2,1.0 / 5
S11908,Lakshmi Rao,Female,12/7/2026,21,Chennai,Civil Engineering,SEMINAR,23/06/2026,Mobile App,Pending,Attended,Non-Vegetarian,0,4,2
S10064,Divya Iyer,Female,6/4/2026,19,Bengaluru,Arts,SEMINAR,17/04/2026,Email,Refunded,cancelled,No-meal,500,4,
S10202,Rahul Menon,Female,6/18/2026,23,Mysuru,Electronics,Workshop,14/05/2026,Email,Refunded,absent ,Vegetarian,150,2,4
S11064,Deepa Sharma,Other,19-Aug-26,27,Trichy,Arts,WORKSHOP,22/07/2026,Website,Paid,Absent,Non-Vegetarian,150,1,2
S11143,Ajay Nair,FEMALE,23-Aug-26,19,Pune,Management,SEMINAR,4/7/2026,Mobile App,Waived,Registered,Vegetarian ,INR 100,2.5 hr,3.0 / 5
S12392,Karthik Rao,Other,5/18/2026,17,Kochi,Computer Science,Sports Meet,24/03/2026,Campus Desk,Pending,Attended,Vegetarian,300,3,5
S10115,Priya Sharma,Other,2/12/2026,20,Trichy,Computer Science,Career Fair,16/01/2026,Website,Refunded,absent,No-meal,500,3,5.0 / 5
S12150,Karthik Rao,Female,5/15/2026,18,Madurai,Civil Engineering,Workshop,25/03/2026,  Walk-in  ,Refunded,cancelled,Vegetarian,150,2.5,
S10682,Swetha Menon,Female,7/22/2026,23,Mysuru,Mechanical,Sports Meet,24/05/2026,Email,Pending,Registered,Non-Vegetarian,150,3,3
S10333,Harini Iyer,Female,27-Aug-26,17,Trichy,Computer Science,Sports Meet,27/07/2026,Mobile App,waive,cancelled,No Meal,150,2.5,2
S10771,Meena Patel,Female,3/11/2026,17,Pune,Mechanical,Cultural Fest,31/01/2026,Walk-in,Waived,Registered,Vegan,150,1,4
S12710,Priya Sharma,Male,4/6/2026,17,,Electronics,Hackathon,7/3/2026,Website,Waived,Registered,Non-Vegetarian,150 rupees,3.0 hr,4
S11104,Arun Kumar,MALE,8/1/2026,27,Chennai,Commerce,Cultural Fest,11/11/2025,Email,waive,Attended,Vegetarian,500,2,3.0 / 5
S10808,Suresh Kumar,male,16-Apr-26,27,,Management,Hackathon,2/4/2026,Campus Desk,Refunded,absent ,Non-Vegetarian,750,2,5
S10475,Naveen Sharma,Other,26/08/2026,17,Mysuru,Commerce,Sports Meet,32/13/2026,Email,Paid,Cancelled,Non-Vegetarian,250,3,5
S11752,Vijay Menon,Other,5/13/2026,18,Coimbatore,Mechanical,Seminar,28/03/2026,Email,Paid,Absent,Vegan,750,1,1
S10181,Meena Patel,Other,3/29/2026,25,Madurai,Computer Science,Sports Meet,23/03/2026,Website,Refunded,Absent,Vegan,₹750,1.0 hr,3
S10563,Ravi Patel,Female,10-Apr-26,22,Bengaluru,Computer Science,Cultural Fest,21/03/2026,Walk-in,Pending,Cancelled,No-meal,500,1.5,0
S11109,Swetha Menon,male,7/4/2026,27,Pune,Electronics,Sports Meet,28/06/2026,Email,Refunded,Cancelled,Vegan,150,2.5,3
S11235,Naveen Sharma,Other,24/03/2026,23,Madurai,Management,Seminar,21/02/2026,Email,Paid,Absent,No-meal,INR 250,3.0 hr,3
S10425,Manoj Kumar,Other,3/17/2026,19,Pune,Computer Science,Career Fair,19/01/2026,Campus Desk,Refunded,Cancelled,Non-Vegetarian,300,2.5,3.0 / 5
S12691,Meena Patel,Male,2/19/2026,26,,Arts,Seminar,17/02/2026,Website,Pending,Cancelled,Vegetarian,₹100,6.0 hours,5
S11951,Vikram Das,Female,11-May-26,20,Kochi,Civil Engineering,Career Fair,13/04/2026,Campus Desk,Pending,Registered,Non-Vegetarian,200,2,2
S11120,Priya Sharma,Other,2/19/2026,20,Kochi,Mechanical,Cultural Fest,29/01/2026,Walk-in,waive,Registered,Vegan,500,6,3
S12146,Suresh Kumar,Other,29-May-26,23,Coimbatore,Mechanical,Cultural Fest,23/04/2026,Walk-in,Refunded,Attended,Vegan,750,1,1.0 / 5
S11975,Divya Iyer,Other,8/26/2026,25,Chennai,Mechanical,WORKSHOP,2/8/2026,Walk-in,Refunded,Attended,Vegetarian,0,2.5,1
S11727,Manoj Kumar,Other,2/24/2026,22,Salem,Electronics,Cultural Fest,5/1/2026,Campus Desk,Paid,Registered,Non-Vegetarian,200,6,5
S12732,Keerthi Rao,Other,1/18/2026,23,Kochi,Civil Engineering,WORKSHOP,26/11/2025,Walk-in,Refunded,Registered,Non-Vegetarian,750,3,1
S10698,Rahul Menon,Male,2/14/2026,25,Pune,Civil Engineering,Hackathon,22/12/2025,,Pending,cancelled,Non-Vegetarian,500,6,2.0 / 5
S12934,Vikram Das,Other,15-Jun-26,21,Kochi,Arts,Cultural Fest,21/04/2026,Email,Refunded,Registered,No Meal,250,4,3.0 / 5
S10548,Keerthi Rao,male,8/5/2026,23,Madurai,Arts,Workshop,27/03/2026,  Walk-in  ,Paid,Registered,No-meal,250,3,2
S11339,Anitha Nair, Male,17/03/2026,18,Mysuru,Mechanical,Cultural Fest,6/3/2026,Email,Refunded,Absent,Vegan,0,2.5,2
S12797,Ravi Patel, Female,18/02/2026,24,Salem,Electronics,Sports Meet,28/01/2026,Email,Waived,Registered,Vegan,750,2.5,5
S11410,  Vijay Menon  ,Female,1/17/2026,25,Pune,Civil Engineering,Seminar,8/12/2025,Campus Desk,PENDING,Cancelled,Vegetarian,500,1,2
S10879,Vikram Das,Other,1/22/2026,24,Chennai,Computer Science,WORKSHOP,5/1/2026,Website,PENDING,Registered,Vegetarian,100,2.5,3
S11063,Divya Iyer,Other,3/9/2026,19,Coimbatore,Commerce,Seminar,22/02/2026,Website,Refunded,Cancelled,Vegan,INR 300,2.5 hours,
S12163,Manoj Kumar,Other,5/30/2026,21,Trichy,Mechanical,Hackathon,3/5/2026,Email,Paid,Cancelled,Vegan,Rs 300,6.0 hours,3
S12772,Suresh Kumar,Other,2/7/2026,23,Chennai,Management,Hackathon,3/2/2026,Walk-in,Refunded,absent ,Vegetarian,0,4,4
S10423,Ravi Patel,Male,31/05/2026,25,Pune,Management,Career Fair,13/04/2026,Email,Pending,Registered, Vegetarian,100,3,
S10519,Keerthi Rao,Female,12/7/2026,20,  Trichy  ,Computer Science,Career Fair,14/06/2026,Website,PAID,absent ,Non-Vegetarian,100,1,2
S11273,Meena Patel,Female,6/21/2026,24,Bengaluru,Mechanical,WORKSHOP,27/05/2026,Campus Desk,Paid,cancelled,Vegetarian,150,1.5,1
S10927,Ajay Nair,Other,1-Jul-26,24,Trichy,Management,Seminar,31/05/2026,Website,Refunded,Absent,Non-Vegetarian,300,3,3.0 / 5
S11022,Vijay Menon,MALE,24-Mar-26,26,,Civil Engineering,Cultural Fest,11/2/2026,Walk-in,Pending,Attended,Non-Vegetarian,100,4,5
S10657,Divya Iyer,Other,8/23/2026,19,Bengaluru,Management,Cultural Fest,27/06/2026,,pending,Registered,Vegetarian,500,6,4
S12969,Swetha Menon,Female,2/4/2026,27,Mysuru,Commerce,Sports Meet,14/01/2026,Mobile App,PAID,Registered,No Meal,300,3,4
S10833,Priya Sharma,Other,11/1/2026,20,Madurai,Electronics,Seminar,27/11/2025,Email,Refunded,Registered,No Meal,500,3,2
S11353,Pooja Das,Female,29/08/2026,23,Mysuru,Computer Science,Career Fair,16/07/2026,Email,Waived,Cancelled,Vegetarian,0,2.5,4.0 / 5
S10757,Anitha Nair,Male,5/30/2026,27,Coimbatore,Arts,Hackathon,1/4/2026,Mobile App,Waived,cancelled,No-meal,Rs 0,6.0 hours,5.0 / 5
S12776,Naveen Sharma,,4/10/2026,22,,  Electronics  ,Career Fair,16/03/2026,Email,pending,absent ,No-meal,750,3,2
S11287,Rahul Menon, Female,29-Apr-26,23,   ,Electronics,seminar,8/4/2026,Walk-in,Refunded,Cancelled,Vegetarian,250,2,5
S12896,Manoj Kumar,FEMALE,5/27/2026,24,Kochi,Mechanical,Workshop,29/04/2026,Mobile App,Refunded,Cancelled,Vegan,300 rupees,2.5 hours,4
S10865,Arun Kumar,Female,12/2/2026,17,Pune,Computer Science,Career Fair,8/1/2026, Campus Desk,Pending,Cancelled,Non-Vegetarian,250 rupees,2.0 hours,5
S12433,Keerthi Rao,Female,5/9/2026,23,Trichy,Computer Science,Cultural Fest,28/04/2026,Mobile App,waive,Cancelled,Vegan,250,6,4
S10041,Naveen Sharma,Female,9/7/2026,25,Bengaluru,Arts,Career Fair,1/6/2026,Mobile App,Pending,Cancelled,Vegan,250,1,2
S12493,Vikram Das,Female,29-Jun-26,20,Pune,Computer Science,Seminar,23/05/2026,Mobile App,PENDING,Cancelled,Vegetarian,100,2.5,3.0 / 5
S10585,Swetha Menon,Female,2/11/2026,24,Hyderabad,Civil Engineering,Career Fair,17/01/2026,Website,Pending,Registered,Vegan,750,6,1
S12589,Manoj Kumar, Male,13/08/2026,25,Kochi,Mechanical,Career Fair,19/07/2026,Website,Pending,ABSENT,Non-Vegetarian,750,1.5,2
S11059,Karthik Rao, Female,1/9/2026,17,Bengaluru,Arts,Hackathon,6/1/2026,Campus Desk,Pending,Registered,No Meal,250,2.5,4
S12250,Harini Iyer, Male,29-May-26,17,Mysuru,,Cultural Fest,3/5/2026,Campus Desk,Waived,Registered,Vegan,100,2.5,1
S10887,Swetha Menon,female,27-Jan-26,19,Mysuru,Arts,Cultural Fest,21/12/2025,Mobile App,paid,ATTENDED,,₹200,2.5 hr,5
S12505,Vikram Das,,27/03/2026,21,Hyderabad,Mechanical,Career Fair,29/01/2026,Website,Paid,Absent,No-meal,500,2.5,2
S11340,Pooja Das,Female,29/04/2026,20,Pune,Civil Engineering,Sports Meet,24/04/2026,Campus Desk,pending,Registered,No-meal,Rs 100,2.5 hr,3
S12834,Vikram Das,Other,18-May-26,26,Madurai,Computer Science,Cultural Fest,11/5/2026,Campus Desk,waive,Attended,Vegetarian,500 rupees,4.0 hr,1
S12840,Lakshmi Rao, Male,31/05/2026,22,Chennai,Management,Seminar,10/5/2026,Walk-in,waive,absent ,No Meal,100,4,2
S10490,Lakshmi Rao,Female,20/03/2026,17,Trichy,Civil Engineering,Sports Meet,24/02/2026,Mobile App,Refunded,Absent,Vegan,150,1,2
S11061,Deepa Sharma,Other,15-Jan-26,26,Hyderabad,Computer Science,Sports Meet,29/12/2025,Mobile App,Paid,Absent,,INR 0,6.0 hr,5
S12815,Naveen Sharma,Male,31/02/2026,20,Coimbatore,Management,Cultural Fest,19/08/2026,Campus Desk,Refunded,Registered,Vegetarian,500,2,4
S11228,Harini Iyer,Male,8/8/2026,19,Coimbatore,Computer Science,Cultural Fest,4/7/2026,Email,waive,Attended, Vegetarian,250,3,3
S10933,Vikram Das,Female,7/21/2026,17,Coimbatore,Management,Hackathon,4/6/2026,Campus Desk,Refunded,Registered,No Meal,Not Available,4,5.0 / 5
S10529,Rahul Menon,Male,2-Jul-26,17,Bengaluru,Arts,Career Fair,12/6/2026,Mobile App,Waived,Registered,No-meal,150,6,4
S12419,Naveen Sharma,Male,28/02/2026,19,Madurai,Commerce,Cultural Fest,11/2/2026,Email,Refunded,Cancelled,No Meal,500,6,3
S10669,Priya Sharma,FEMALE,,20,Pune,Management,Cultural Fest,5/7/2026,Walk-in,Paid,Registered,Non-Vegetarian,250 rupees,4.0 hours,5.0 / 5
S12594,Naveen Sharma,Female,2/27/2026,25,Chennai,Arts,workshop,31/12/2025,Email,waive,absent ,No-meal,0,3,3
S10964,Vijay Menon,Male,30/06/2026,19,Coimbatore,Computer Science,Workshop,25/06/2026,Walk-in,waive,Cancelled,Non-Vegetarian,₹750,2.5 hours,1.0 / 5
S12997,Naveen Sharma,Male,8/1/2026,20,Madurai,Computer Science,workshop,29/11/2025,Mobile App,Pending,Cancelled,Vegan,Not Available,4.0 hr,1.0 / 5
S11511,Ajay Nair,Male,13/05/2026,18,Coimbatore,Mechanical,Sports Meet,27/03/2026,Email,Refunded,Registered,Non-Vegetarian,100,2,2
S11009,Suresh Kumar,Other,8/14/2026,20,Salem,Mechanical,Cultural Fest,22/06/2026,Email,Refunded,Registered,No Meal,200,1,5
S11881,Manoj Kumar,Female,11-Aug-26,21,Coimbatore,Arts,Sports Meet,23/06/2026,Campus Desk,Paid,Registered,Vegetarian,750,4,3
S12820,  Vijay Menon  ,Female,7/4/2026,25,Pune,Arts,Hackathon,14/03/2026,Website,Pending,Registered,Non-Vegetarian,₹300,2.5 hr,
S11119,Rahul Menon,Other,16-Aug-26,19,Mysuru,Mechanical,Hackathon,18/06/2026,Email,Waived,Registered,Vegan,INR 500,3.0 hours,
S11671,Vikram Das,Male,6/1/2026,20,Hyderabad,Management,Seminar,2/5/2026, Walk-in,Pending,Attended,Vegan,0,6,5
S10139,Meena Patel,Other,9-Feb-26,27,Salem,Computer Science,Career Fair,17/12/2025,Website,Paid,Attended,No Meal,INR 200,1.0 hr,2
S11638,Arun Kumar,Other,14-Jan-26,19,Madurai,Commerce,Hackathon,4/12/2025,Campus Desk,waive,Registered,Non-Vegetarian,200,2.5,4
S12352,Rahul Menon,Male,29/05/2026,25,  Hyderabad  ,Arts,Cultural Fest,31/03/2026,Walk-in,waive,Attended,Non-Vegetarian,150,2,5
S11262,Suresh Kumar,FEMALE,9/2/2026,25,Trichy,Management,Career Fair,24/07/2026,Campus Desk,Pending,Registered,Vegan,750,6,3
S12929,Suresh Kumar,Male,8/17/2026,25,Pune,Mechanical,Hackathon,27/07/2026,Email,Paid,Attended,Vegan,150,6,2
S11034,Pooja Das,Male,5/28/2026,21, Coimbatore,Electronics,seminar,17/04/2026,Email,waive,ABSENT,Vegan,750,1.5,4
S10885,Meena Patel,Other,7/6/2026,18,Kochi,Electronics,Workshop,7/6/2026,Mobile App,waive,Cancelled,Non-Vegetarian,100,1.5,2
S10542,Karthik Rao,Other,16-Mar-26,26,Trichy,Mechanical,  Hackathon  ,20/01/2026,Campus Desk,waive,Absent,Vegetarian,₹750,4.0 hours,2
S12487,  Lakshmi Rao  ,MALE,17/02/2026,20,Mysuru,Arts,Hackathon,18/01/2026,Email,Pending,Attended,Non-Vegetarian,100 rupees,2.0 hr,2
S10938,Ravi Patel,Male,5/23/2026,25,Coimbatore,Mechanical,Cultural Fest,8/4/2026,Walk-in,Paid,absent ,Vegan,100,1,2
S12175,Divya Iyer,Other,5/17/2026,24,Madurai,Computer Science,Workshop,2/4/2026,Campus Desk,Refunded,absent ,Vegan,300,2,5.0 / 5
S12800,Rahul Menon,Other,15-Apr-26,27,Bengaluru,Management,Hackathon,6/4/2026,Mobile App,pending,Absent,Vegetarian,0 rupees,2.5 hr,2
S12660,Suresh Kumar,female,18/06/2026,24,Chennai,Mechanical,Sports Meet,2/6/2026,,Refunded,Absent,Vegetarian,100,2.5,3.0 / 5
S10337,Naveen Sharma,Other,7/6/2026,25,Coimbatore,Civil Engineering,Workshop,11/5/2026,Mobile App,Paid,Cancelled,No-meal,100,1,3
S10024,Vijay Menon,Female,5/18/2026,25,Salem,Commerce,Workshop,19/03/2026,Walk-in,paid,Cancelled,Vegetarian,200,2,4
S11382,Suresh Kumar,Male,8/16/2026,21,Salem,Management,Workshop,21/07/2026,Walk-in,waive,ATTENDED,Non-Vegetarian,150 rupees,1.0 hr,3
S12902,Rahul Menon,MALE,8/10/2026,27,Salem,Electronics,Sports Meet,28/07/2026,Campus Desk,Refunded,cancelled,Non-Vegetarian,750,2,3
S11495,Deepa Sharma,Other,7/7/2026,26,  Hyderabad  ,Civil Engineering,Sports Meet,18/06/2026,Website,Pending,Cancelled,No-meal,750,1,5.0 / 5
S12199,Suresh Kumar,Male,,24,Madurai,Arts,Cultural Fest,22/03/2026,Walk-in,Waived,Cancelled,Non-Vegetarian,Rs 200,4.0 hours,5
S11163,Vijay Menon,Other,11-Jun-26,27,Coimbatore,Management,Sports Meet,19/05/2026,,waive,Registered,Vegan,200,1.5,2
S12399,Manoj Kumar, Female,25-Jun-26,26,,Electronics,Cultural Fest,30/04/2026,Mobile App,Refunded,Attended,Non-Vegetarian,300 rupees,6.0 hr,3
S10646,Naveen Sharma,Female,3/23/2026,18,Trichy,Management,Seminar,3/3/2026,Walk-in,Pending,cancelled,Non-Vegetarian,250,3,4
S11124,Vijay Menon,Male,24/06/2026,19,Pune,Electronics,Seminar,15/06/2026,Website,Pending,Attended,Vegetarian,750,2,5
S10271,Meena Patel,male,7/24/2026,25,Mysuru,Computer Science,Cultural Fest,15/06/2026,Campus Desk,Waived,Registered,Vegetarian,200,3,2.0 / 5
S11856,Vikram Das,Other,5-Mar-26,19,Pune,Computer Science,Cultural Fest,22/01/2026,Email,Refunded,cancelled,Non-Vegetarian,750,2.5,2
S12629,Suresh Kumar,Other,21-Mar-26,21,Madurai,Management,Workshop,7/2/2026,Mobile App,Refunded,Cancelled,Vegan,200,1.5,2
S12876,Rahul Menon,Male,3/20/2026,21,Hyderabad,Mechanical,Sports Meet,16/03/2026,Walk-in,Pending,Attended,No Meal,100,1.5,1
S12632,Deepa Sharma,MALE,13/05/2026,23,Trichy,Computer Science,Seminar,4/5/2026,Walk-in,Pending,Attended,Non-Vegetarian,300,3,3
S12283,Anitha Nair,Female,3/22/2026,26,Kochi,Civil Engineering,Hackathon,28/02/2026,Email,waive,Absent,Vegan,0,1.5,3
S12385,Pooja Das,Other,2/8/2026,18,Salem,Arts,Career Fair ,12/1/2026,Walk-in,waive,ABSENT,Vegan,300,1,1
S12844,Karthik Rao,Female,3/5/2026,21, Salem,Computer Science,Career Fair,10/1/2026,Email,Paid,Cancelled,No Meal,250,1.5,2.0 / 5
S11579,Pooja Das,Other,6/5/2026,22,Bengaluru,Electronics,Cultural Fest,10/4/2026,Campus Desk,Pending,attended,Non-Vegetarian,500,2,
S12939,Arun Kumar,Female,2/4/2026,21,Chennai,Management,Hackathon,13/12/2025,Email,Paid,Attended,Non-Vegetarian,INR 200,1.5 hours,4
S10950,Ravi Patel,Male,15/07/2026,19,Hyderabad,Arts,Career Fair,28/06/2026,Website,Paid,Cancelled,Non-Vegetarian,INR 150,6.0 hours,5
S12518,Anitha Nair,Other,21-Feb-26,24,Mysuru,Mechanical,Hackathon,18/02/2026,Walk-in,Pending,Attended,Vegan,200,2.5,3
S10606,Arun Kumar,Other,8-Jan-26,24,Salem,,Sports Meet,29/12/2025,Campus Desk,Pending,Absent,Vegan,150,2.5,3
S12746,Vijay Menon,Female,13/04/2026,20,,Commerce,Hackathon,8/3/2026,Walk-in,waive,Cancelled,Vegetarian,250,6,2
S12262,Keerthi Rao,male,8/1/2026,25,Madurai,Commerce,Hackathon,5/6/2026,Mobile App,Paid,Absent,No Meal,150,2,3
S11286,Anitha Nair,Female,3/30/2026,19,Mysuru, Computer Science,Workshop,25/02/2026,Walk-in,Paid,absent,Vegan,INR 250,1.5 hr,1
S12863,Meena Patel,Female,18-May-26,27,Coimbatore,Mechanical,Sports Meet,5/4/2026,Walk-in,Refunded,Cancelled,Vegetarian,200,3,2
S11701,Arun Kumar,Other,22/05/2026,27,Pune,Electronics,Hackathon,21/04/2026,Mobile App,Waived,Registered,No-meal,750,1,3
S11927,Rahul Menon,Other,8/13/2026,23,Kochi,Commerce,Sports Meet,31/07/2026,Website,Waived,Cancelled,Vegetarian,100,1,5.0 / 5
S12568,Swetha Menon,Male,3/27/2026,18,Mysuru,  Computer Science  ,Sports Meet,25/03/2026,Campus Desk,Refunded,Registered,Vegan,INR 200,2.0 hours,
S11144,Vikram Das,Male,5/2/2026,23,Chennai,Civil Engineering,Career Fair,9/4/2026,Walk-in,Pending,Cancelled,No-meal,100,3,5.0 / 5
S12318,Ajay Nair,Other,15-Apr-26,26,Chennai,Electronics,Hackathon,,,Pending,Registered,Vegetarian,Rs 0,3.0 hr,3
S12373,Suresh Kumar,Female,4/20/2026,19,Hyderabad,Computer Science,Workshop,17/04/2026,Walk-in,Paid,Cancelled,Vegan,200,6,1
S12290,Lakshmi Rao,Other,3/12/2026,22,Kochi,  Civil Engineering  ,Hackathon,7/3/2026,Mobile App,Pending,Attended,Vegetarian,150,2,2
S11918,Divya Iyer,Male,3/26/2026,24,,Civil Engineering,Workshop,4/2/2026,Email,PAID,ATTENDED, Vegetarian,0,1.5,5
S10153,Anitha Nair,Other,6/3/2026,25,Hyderabad,Mechanical,Career Fair,8/5/2026,Email,Paid,absent ,No Meal,500 rupees,3.0 hours,1
S11295,Anitha Nair,Female,9/2/2026,18,   ,Commerce,Sports Meet,12/8/2026,Email,Refunded,Registered,Non-Vegetarian,150,6,4.0 / 5
S10212,Priya Sharma,Other,20/06/2026,25,Coimbatore,Civil Engineering,Sports Meet,24/05/2026,Mobile App,Pending,Registered,Vegan,0,6,
S10723,Priya Sharma,Male,2-Apr-26,25,,Mechanical,Cultural Fest,16/02/2026,Email,Waived,absent,Non-Vegetarian,INR 250,1.0 hr,5
S12962,Karthik Rao,Female,21/01/2026,23,Hyderabad,Mechanical,workshop,2/1/2026,Website,PAID,attended,Non-Vegetarian,250,6,3
S12197,Anitha Nair,Male,22-Aug-26,18,Chennai,Computer Science,Seminar,16/08/2026,Campus Desk,Pending,Registered,Vegetarian,100,6,5.0 / 5
S11713,Vijay Menon,Male,8/10/2026,20,Mysuru,Mechanical,Hackathon,27/06/2026,Walk-in,Pending,absent ,No Meal,300,2.5,5
S10760,Deepa Sharma,Other,24/02/2026,18,Trichy,Commerce,Cultural Fest,24/01/2026,Campus Desk,Paid,absent,Vegetarian,750,1,4
S11833,Harini Iyer,Female,6/29/2026,21,Bengaluru,Commerce,Cultural Fest,25/05/2026,  Campus Desk  ,Refunded,ATTENDED,Vegetarian,250,6,3
S12350,Karthik Rao,Other,5/2/2026,18,Madurai,Arts,Sports Meet,27/04/2026,Walk-in,Waived,Absent,Vegetarian,Rs 0,4.0 hr,4
S12047,  Swetha Menon  ,Female,14-May-26,19,Pune,Management,Sports Meet,26/03/2026,Walk-in,waive,Attended,Vegetarian,Not Available,2.5,4
S12624,Karthik Rao,Other,14-Feb-26,23,Pune,Management,Career Fair,7/2/2026,Mobile App,Paid,Cancelled,Non-Vegetarian,500,2,4.0 / 5
S12228,Pooja Das,Other,7/10/2026,21,Coimbatore,Mechanical,Cultural Fest,27/05/2026,Email,Pending,absent ,Vegetarian,750,1.5,2
S10907,Suresh Kumar, Male,17/03/2026,19,Bengaluru,Electronics,Sports Meet,20/01/2026,Mobile App,Waived,Registered,No-meal,₹200,2.5 hours,3
S12265,Ravi Patel,Male,8/23/2026,22,Bengaluru,Commerce,Hackathon,12/8/2026,Walk-in,Paid,Attended,Vegetarian,INR 0,1.5 hr,2
S12811,Suresh Kumar,Female,8/14/2026,26,Bengaluru,Management,Workshop,30/07/2026,Website,Paid,Absent,No Meal,100,4,2
S11790,Rahul Menon,Male,1/4/2026,23,Pune,Arts,Sports Meet,27/03/2026,Walk-in,Paid,Registered,Vegetarian,500,2.5,
S12897,Naveen Sharma,Other,1/5/2026,18,Madurai,Management,Hackathon,2/12/2025,Walk-in,Pending,Registered,No-meal,150,1,4
S12488,Karthik Rao,Female,3/21/2026,27,Trichy,Management,Cultural Fest,11/2/2026,Walk-in,Waived,Attended,Vegetarian,200,3,3
S12917,Naveen Sharma,Female,5/7/2026,22,Trichy,Commerce,Career Fair,12/4/2026,Email,Pending,cancelled,No Meal,250,1,2
S10752,Karthik Rao,Other,2/10/2026,20,Hyderabad,Civil Engineering,Sports Meet,13/12/2025,Mobile App,waive,cancelled,Vegan,Rs 750,1.5 hours,
S11804,Priya Sharma,Female,8/6/2026,17,Mysuru,Computer Science,  Sports Meet  ,2/8/2026,Website,Refunded,Attended,No Meal,250,3,1
S11179,Arun Kumar,Female,12/5/2026,21,Coimbatore,Arts,Cultural Fest,16/04/2026,Email,Waived,ABSENT,No Meal,750,3,4
S12705,Keerthi Rao,Male,7-Aug-26,23,Bengaluru,Management,Hackathon,25/07/2026,Walk-in,Refunded,Attended,Non-Vegetarian,Rs 0,2.5 hr,
S11314,Manoj Kumar,Male,3/25/2026,18,Kochi,Electronics,Career Fair,17/02/2026,Mobile App,PENDING,Absent,Non-Vegetarian,100,1,3
S12894,Vijay Menon,Other,2/4/2026,24,Chennai,Mechanical,Seminar,16/12/2025,Email,Refunded,absent ,Vegetarian,500,2.5,3
S10891,Priya Sharma ,Other,15-Apr-26,26,Kochi,Civil Engineering,Workshop,17/03/2026,Email,Paid,Registered,Vegan,Rs 200,4.0 hours,2
S12240,Pooja Das,Other,5/11/2026,17,Trichy,Management,Hackathon,28/03/2026,Mobile App,Pending,Registered,No Meal,100,4,1
S10826,Harini Iyer,Other,6/22/2026,24,Coimbatore,Arts,Hackathon,6/5/2026,Mobile App,Pending,Registered,Vegan,0,6,4
S12118,Harini Iyer,Male,26-Mar-26,21,Coimbatore,Commerce,Cultural Fest,10/3/2026,Mobile App,Pending,Attended,Non-Vegetarian,150 rupees,1.5 hr,5
S12640,Keerthi Rao,Other,7/14/2026,17,Pune,Management,Cultural Fest,5/6/2026,Campus Desk,Pending,Cancelled,Non-Vegetarian ,100 rupees,2.5 hours,3
S12480,Manoj Kumar,Female,13/05/2026,26,Chennai,Mechanical,Seminar,9/4/2026,Mobile App,paid,attended,Non-Vegetarian,300,1.5,1
S11337,Vikram Das,Other,15/04/2026,19,Trichy,Civil Engineering,Seminar,15/02/2026,Mobile App,PENDING,Absent,Non-Vegetarian,500,1.5,1
S12329,Priya Sharma,Male,13-May-26,19,Coimbatore, Commerce,Sports Meet,3/4/2026,Email,waive,attended,Vegan,200,4,1
S10144,Vikram Das,Other,5/30/2026,23,Trichy,Civil Engineering,Seminar,6/4/2026,Website,waive,Registered,Non-Vegetarian,300,2.5,2
S10126,Priya Sharma,Male,28-Jun-26,26,Salem,Mechanical,Sports Meet,14/06/2026,Mobile App,Waived,Cancelled,Vegetarian ,750,1,5
S12052,Vikram Das,Female,1-Apr-26,20,Hyderabad,Commerce,WORKSHOP,24/02/2026,Website,waive,Absent,Vegan,₹250,2.0 hours,3.0 / 5
S11370,Ajay Nair,Male,4-Feb-26,19,Madurai,Arts,Sports Meet,30/12/2025,Campus Desk,Paid,Registered,No-meal,500,4,3.0 / 5
S10031,Priya Sharma, Male,4/5/2026,23,Madurai,Commerce,Cultural Fest,16/03/2026,Campus Desk,Refunded,Cancelled,Vegetarian,500,3,5
S12451,Meena Patel,Male,6-Jan-26,22,Hyderabad,Electronics,Career Fair,5/12/2025,Campus Desk,Refunded,Attended,Vegan,₹300,6.0 hours,2.0 / 5
S12134,Manoj Kumar,male,8/13/2026,17,Mysuru,Civil Engineering,Career Fair,15/06/2026,Mobile App,Paid,absent ,No Meal,200,4,2
S11685,Pooja Das,Other,17-Jun-26,26,Coimbatore,Mechanical,Sports Meet,13/06/2026,Website,Refunded,cancelled,Non-Vegetarian,300,4,2.0 / 5
S11661,Ravi Patel,Female,6/28/2026,22,Bengaluru,Arts,Workshop,2/5/2026,,Paid,Attended,Vegetarian,200,4,4.0 / 5
S12926,Ravi Patel,Other,18/02/2026,18,Coimbatore,Management,Hackathon,20/12/2025,Campus Desk,Refunded,Cancelled,No-meal,150,1.5,3
S12673,Swetha Menon,Female,24/07/2026,19,Chennai,Commerce,Workshop,20/06/2026,Walk-in,Waived,Attended,Vegan,Rs 250,1.0 hr,4
S12577,Manoj Kumar,Female,25-Jun-26,22,Salem,  Commerce  ,Workshop,5/5/2026,Walk-in,Paid,Attended,No-meal,300,2.5,1
S12054,Arun Kumar,Other,27-Jan-26,22,Salem,Civil Engineering,Cultural Fest,3/1/2026,Walk-in,Pending,Attended,No Meal,750,3,3.0 / 5
S12507,Divya Iyer,Male,2/11/2026,24,Pune,Mechanical,Sports Meet,6/2/2026,Walk-in,Refunded,Cancelled,,250,2.5,3
S12126,Manoj Kumar,Male,17/03/2026,19,Chennai,Arts,Hackathon,28/01/2026,Website,Waived,absent ,Vegan,150,2,5
S11002,Deepa Sharma,Male,3/15/2026,24,Mysuru,Commerce,Career Fair,13/03/2026,Website,waive,Registered,Vegan,INR 750,2.5 hours,5
S11912,Rahul Menon,Male,1/11/2026,19,Coimbatore,Mechanical,Cultural Fest,22/11/2025,Mobile App,paid,Attended,Non-Vegetarian,Rs 100,4.0 hr,2
S12692,Harini Iyer,Other,2/10/2026,24,Trichy,Computer Science,Cultural Fest,14/12/2025,Email,Paid,absent ,No-meal,150,1,3.0 / 5
S11617,Swetha Menon,Female,20-Aug-26,23,Coimbatore,Arts,Hackathon,21/06/2026,Website,Refunded,cancelled,Non-Vegetarian,250,2.5,1
S10693,Arun Kumar,Other,11/6/2026,27,Kochi,Commerce,Workshop,17/05/2026,Mobile App,Paid,Cancelled,Vegan,200,4,3
S12061,Lakshmi Rao,Female,27-Jul-26,26,Kochi,Commerce,Sports Meet,20/06/2026,Walk-in,Waived,absent ,Non-Vegetarian,₹300,1.5 hr,1.0 / 5
S11766,Naveen Sharma,Female,4/17/2026,24,Pune,Management,Hackathon,8/3/2026,Walk-in,pending,Registered,Vegetarian,Rs 150,4.0 hr,1
S10513,Meena Patel,Male,1/24/2026,17,Chennai,Computer Science,Sports Meet,12/12/2025,Walk-in,PAID,Cancelled,Non-Vegetarian,250,1.5,4.0 / 5
S11841,Keerthi Rao, Male,22/07/2026,20,Trichy,Computer Science,Cultural Fest,8/7/2026,Walk-in,pending,Registered,Vegetarian,500,4,5.0 / 5
S11666,Meena Patel,Other,9-Jun-26,21,Hyderabad,Electronics,Cultural Fest ,23/05/2026,Mobile App,Paid,Registered,Vegan,INR 100,1.0 hr,2
S10901,Manoj Kumar, Male,1/29/2026,23,Trichy,Mechanical,Workshop,13/01/2026,Campus Desk,waive,Cancelled,Vegetarian,200,1.5,4
S11012,Arun Kumar,Female,18-May-26,19,Pune,Commerce,Sports Meet,6/4/2026,Walk-in,Refunded,Registered,Vegetarian,100,3,2
S11843,Pooja Das ,Other,15-Jul-26,25,Bengaluru,Electronics,Career Fair,10/6/2026,Website,Pending,Registered,No-meal,300,6,2
S10105,Karthik Rao,Male,6/22/2026,26,Hyderabad,Arts,Sports Meet,13/05/2026,Campus Desk,Pending,Registered,Non-Vegetarian,300,6,5
S12111,Keerthi Rao,,4/27/2026,26,Pune,Civil Engineering,Sports Meet,16/03/2026,Walk-in,Refunded,Absent,Vegetarian,100,4,3
S12008,Divya Iyer,Male,7/19/2026,19,Trichy,Civil Engineering,Seminar,20/06/2026,Campus Desk,Pending,Cancelled,Vegan,₹500,2.0 hr,2.0 / 5
S10862,Swetha Menon,MALE,24/05/2026,25,Pune,Computer Science,Hackathon,20/05/2026,Walk-in,Paid,Cancelled,No Meal,₹500,4.0 hours,4
S12306,Vikram Das,Other,2/18/2026,18,Kochi,Commerce,Cultural Fest,16/01/2026,Mobile App,Refunded,Absent,No Meal,200,1.5,4
S10411,Lakshmi Rao,FEMALE,4/25/2026,18,Mysuru,Arts,Cultural Fest,27/02/2026,Campus Desk,waive,Attended,Vegetarian,500,2.5,3
S11029,Priya Sharma,Male,3/6/2026,27,Chennai,Civil Engineering,Seminar,25/02/2026,,Pending,Registered,Vegetarian,100 rupees,6.0 hours,3
S12377,Arun Kumar,Female,4-Apr-26,17,Bengaluru,Electronics,Cultural Fest,10/3/2026,Website,Waived,Attended,Non-Vegetarian,0,2,1.0 / 5
S10790,Arun Kumar,Male,not available,25,Madurai,Management,Career Fair,8/5/2026,Campus Desk,PENDING,Attended,Vegan,150,2,2
S10799,Arun Kumar,Female,29-Jul-26,24,Madurai,Mechanical,Sports Meet,27/07/2026,Walk-in,Paid,Absent,No Meal,250,2,3
S10555,Anitha Nair,Other,2/18/2026,21,Hyderabad,Computer Science,Workshop,15/01/2026,,Refunded,Attended,   ,750 rupees,1.0 hr,5
S11968,Manoj Kumar, Female,28/04/2026,20,Madurai,Arts,Cultural Fest,10/4/2026,Email,Refunded,ATTENDED,Non-Vegetarian,250,2,1
S10906,Suresh Kumar,Other,4/12/2026,17,Pune,Commerce,Hackathon,19/03/2026,Mobile App,Pending,Registered,Vegetarian,200,1,2
S11105,Lakshmi Rao,female,15/01/2026,26,Chennai, Arts,Cultural Fest,12/12/2025,Website,Refunded,Absent,No-meal,0,2,5
S12859,Priya Sharma,Male,9-May-26,18,  Trichy  ,Commerce,Workshop,26/04/2026,Mobile App,Refunded,Attended,Non-Vegetarian,300,2.5,4
S12867,Pooja Das,Other,13-Jul-26,27,Hyderabad,Management,Cultural Fest,19/06/2026,Mobile App,Paid,Absent,Non-Vegetarian,500,6,3
S11857,Priya Sharma,Other,20-Aug-26,26,Chennai,Mechanical,Sports Meet,21/06/2026,Email,Refunded,Registered,No-meal,0,1.5,2
S12336,Keerthi Rao, Male,3-May-26,23,Coimbatore,Mechanical,Cultural Fest,27/04/2026,Mobile App,pending,ABSENT,,100,4,
S12663,Vijay Menon,,1/10/2026,25,Hyderabad,Commerce,Seminar,1/12/2025,Website,Pending,absent ,Vegetarian,500,4,1
S12771,Anitha Nair,Female,22/07/2026,24,Salem,Management,Hackathon,19/07/2026,Walk-in,Paid,Registered,Vegan,250,3,1
S11327,  Manoj Kumar  ,Male,6/8/2026,26,Kochi,Arts,Sports Meet,9/7/2026,Website,waive,Registered,Vegetarian,0,1.5,5
S10401,Karthik Rao,Male,2-Mar-26,19,,Arts,Sports Meet,21/02/2026,Mobile App,Waived,attended,Vegetarian,200,2,2
S11263,Anitha Nair,Male,14-Mar-26,20,Pune,Management,Sports Meet,16/01/2026,Mobile App,Refunded,Attended,No Meal,0,4,4
S10122,Naveen Sharma,Female,5/30/2026,20,Coimbatore,Commerce,Career Fair,16/04/2026,Mobile App,paid,absent ,Vegan,150,3,4
S12925,Rahul Menon,Female,7/2/2026,20,,Arts,Career Fair,22/05/2026,Mobile App,Paid,Absent,Vegetarian,100,3,1
S10600,Ravi Patel, Male,6/28/2026,25,Trichy,Mechanical,Career Fair,1/6/2026,Walk-in,Waived,Absent,   ,750,2,1
S10099,Priya Sharma, Female,27-Jun-26,22,Coimbatore,Mechanical,WORKSHOP,29/05/2026,Walk-in,Refunded,ATTENDED,Non-Vegetarian,300,2.5,1
S10424,Vijay Menon,Male,1-Feb-26,20,Bengaluru,,Hackathon,20/01/2026,Mobile App,Refunded,Registered,Non-Vegetarian,250,2.5,4
S11637,Vikram Das,Other,6/29/2026,26,Mysuru,Electronics,Workshop,19/05/2026,Mobile App,Waived,Absent,Vegetarian,0,3,2
S11321,Vikram Das,Female,21-Apr-26,19,,Computer Science,Cultural Fest,7/3/2026,Walk-in,pending,Cancelled,No Meal,300,3,
S10560,Keerthi Rao,Other,5/11/2026,19,Madurai,Computer Science,Seminar,16/04/2026,Mobile App,waive,Attended,No-meal,300,1,3
S11239,Naveen Sharma,Other,1/22/2026,22,Bengaluru,Computer Science,Cultural Fest,18/01/2026, Email,Waived,Attended,No-meal,₹0,3.0 hours,
S10584,Priya Sharma,female,12-Feb-26,27,Trichy,Mechanical,Seminar,16/12/2025,Campus Desk,Waived,Registered,No Meal,250,3,3
S10633,Divya Iyer,Female,5-Apr-26,18,Madurai,Commerce,Workshop,19/03/2026,Walk-in,Paid,absent ,No Meal,100,2,4
S10010,Swetha Menon,Other,1/10/2026,25,Mysuru,Commerce,Sports Meet,3/12/2025,Mobile App,Pending,Attended,Vegan ,200,3,2
S10841,Lakshmi Rao,Other,3/31/2026,25,Kochi,Commerce,Seminar,7/3/2026,Email,PAID,absent,No-meal,500,2.5,3.0 / 5
S11803,Harini Iyer,Male,9/5/2026,20,Bengaluru,Computer Science,WORKSHOP,21/03/2026,Email,PAID,Attended,No Meal,750,2,5
S11858,Swetha Menon,Male,18/06/2026,24,Pune,Computer Science,Career Fair,20/04/2026,Website,Refunded,Attended,No-meal,0,4,1
S12506,Karthik Rao,Other,4/23/2026,25,Madurai,Management,Workshop,23/02/2026,Walk-in,PENDING,Attended,Vegetarian,250,2.5,1
S10311,Ravi Patel,Other,4/4/2026,24,Pune,Mechanical,Hackathon,23/02/2026,Walk-in,Paid,absent,Non-Vegetarian,150,2.5,1
S10821,Ravi Patel,Other,4/21/2026,23,Trichy,Civil Engineering,Career Fair,27/02/2026,Mobile App,waive,Cancelled,Vegetarian,500,2,2
S12413,Naveen Sharma,Male,4-Mar-26,22,Trichy,,Seminar,22/01/2026,Website,Waived,Cancelled,Non-Vegetarian,0,1,5
S12906,Harini Iyer,Other,8/21/2026,22,Chennai,Arts,Sports Meet,24/07/2026,Website,PAID,Attended,No Meal,750 rupees,3.0 hours,2.0 / 5
S12191,Lakshmi Rao,male,4/8/2026,27,Hyderabad,Electronics,Sports Meet,13/02/2026,Email,Refunded,Cancelled,Vegetarian,250,1,4
S11765,Karthik Rao,Female,19/04/2026,27,Trichy,Computer Science,Sports Meet,14/04/2026,Website,Refunded,ABSENT,No Meal,250,2,2.0 / 5
S10031,Priya Sharma, Male,4/5/2026,23,Madurai,Commerce,Cultural Fest,16/03/2026,Campus Desk,Refunded,Cancelled,Vegetarian,500,3,5
S11736,Swetha Menon,Other,5/16/2026,24,Hyderabad,Management,Career Fair,9/4/2026,Email,Waived,Cancelled,Non-Vegetarian,₹150,1.5 hours,4.0 / 5
S11613,Naveen Sharma,Male,6-Mar-26,24,Kochi,Arts,Workshop,5/2/2026,Email,Refunded,cancelled,Vegetarian,100,4,5
S10489,Deepa Sharma,female,2/21/2026,19,Madurai,Mechanical,Sports Meet,5/2/2026,Walk-in,Refunded,Cancelled,No-meal,0,1,2.0 / 5
S11898,Divya Iyer,Other,8/15/2026,24,Bengaluru,Commerce,Cultural Fest,4/7/2026,Walk-in,Refunded,Absent,No-meal,200,3,
S11149,Karthik Rao,Other,6/24/2026,22,Kochi,Computer Science,Workshop,15/06/2026,Mobile App,Waived,Registered,No Meal,300,2,2.0 / 5
S11931,Vikram Das,Other,7/26/2026,20,Kochi,Mechanical,Sports Meet,18/06/2026,Website,Waived,Cancelled,Vegetarian,250,1,5
S11744,Keerthi Rao,Female,3/31/2026,17,Chennai,Mechanical,Hackathon,7/2/2026,Email,Waived,Registered,Vegan,750,3,4
S10689,Karthik Rao,Female,10/5/2026,17,Bengaluru,Arts,Seminar,17/03/2026,Website,Paid,Registered,Vegetarian,₹300,1.5 hr,3
S10197,Deepa Sharma,Male,2/16/2026,18,Bengaluru,Mechanical,Cultural Fest,6/1/2026,Website ,Pending,ABSENT,Vegan,INR 300,2.5 hr,1
S10283,Lakshmi Rao,Other,3-May-26,19,Pune,Management,Hackathon,23/03/2026,Email,Paid,Cancelled,Vegan,150,4,
S11992,Swetha Menon,Female,2/24/2026,18,Chennai,Civil Engineering,Hackathon,5/1/2026,Website,waive,Registered,Vegan,200,4,1
S12122,Ravi Patel,Female,27-Jul-26,25,Madurai,Arts,Sports Meet,28/05/2026,Mobile App,pending,Attended,Non-Vegetarian,INR 200,2.5 hours,2
S11864,Karthik Rao,Female,7/1/2026,24,Hyderabad,Mechanical,Hackathon,14/06/2026,Email,Pending,Cancelled,No Meal,750,3,5
S10654,Arun Kumar,Other,18/08/2026,24,Trichy,Computer Science,Hackathon,2/7/2026,Website,waive,Registered,No Meal,250,1,2
S12646,Arun Kumar,Female,6/21/2026,21,Mysuru,Commerce,Hackathon,13/05/2026,Website,Waived,absent,Vegan,100,3,5
S11319,Lakshmi Rao,Male,13/05/2026,22,Madurai,Computer Science,Sports Meet,19/03/2026,Email,waive,Attended,Vegan,INR 750,4.0 hours,2
S11695,Divya Iyer,Other,3-Jun-26,23,,Electronics,Hackathon,24/05/2026,Email,Paid,absent,Non-Vegetarian,₹0,3.0 hr,4
S11633,Arun Kumar,Female,7/4/2026,19,Mysuru,Mechanical,Career Fair,6/5/2026,Email,Pending,absent,Vegetarian,250,1.5,2
S11816,Vijay Menon, Female,7/16/2026,25,Coimbatore,Computer Science,Seminar,10/7/2026,Mobile App,Paid,Cancelled,Non-Vegetarian,500,6,3.0 / 5
S10930,Meena Patel,Male,2/21/2026,24,Kochi,Electronics,Seminar,30/12/2025,Website,Paid,absent ,No-meal,750,4,4.0 / 5
S10736,Lakshmi Rao,Male,29-Apr-26,21,Chennai,Electronics,Sports Meet,8/4/2026,Walk-in,Waived,Cancelled,Vegetarian,0,3,1
S12992,Harini Iyer,male,26/01/2026,26,Hyderabad,Civil Engineering,Hackathon,19/12/2025,Website,waive,absent ,Vegetarian,0,2.5,3
S10248,Ravi Patel,Female,7/7/2026,17,Bengaluru,Arts,SEMINAR,15/06/2026,Website,Pending,ATTENDED,No Meal,100,1,1
S10727,Meena Patel,,25/07/2026,18,Salem,Electronics,Seminar,21/07/2026,Campus Desk,Pending,Registered,Vegan,250,6,2
S10038,Pooja Das,Other,2/20/2026,20,Trichy,Management,Sports Meet,19/01/2026,Walk-in,Paid,Cancelled,Vegan,300,6,3
S10072,Karthik Rao,Other,15/08/2026,17,Salem,Arts,Workshop,17/06/2026,Website,Refunded,Absent,No Meal,250,3,3
S11461,Anitha Nair,Other,1/3/2026,26,Kochi,Civil Engineering,Career Fair,32/13/2026,Walk-in,Paid,Attended,No-meal,300,2.5,2
S11838,Manoj Kumar,Other,4/2/2026,25,Trichy,Mechanical,workshop,12/12/2025,Walk-in,Waived,ATTENDED,No-meal,₹500,1.0 hours,3.0 / 5
S11425,Karthik Rao,Female,8/19/2026,25,Mysuru,Commerce,Cultural Fest,3/7/2026,Mobile App,Pending,Attended,No Meal,0,2.5,4
S12225,Pooja Das,Female,22/06/2026,21,Kochi,Management,Career Fair,10/5/2026,Mobile App,Paid,Cancelled,Non-Vegetarian,₹750,2.5 hours,4
S12357,Lakshmi Rao,Male,3/31/2026,21,Salem,Management,Cultural Fest,27/03/2026,Mobile App,Paid,Absent,Vegetarian,750,4,1
S12799,Pooja Das,Other,3-Mar-26,27,Bengaluru,Management,Hackathon,27/02/2026,  Campus Desk  ,Refunded,Registered,Non-Vegetarian,250,2.5,4
S11227,Harini Iyer,Male,26/07/2026,19,Hyderabad,Arts,Sports Meet,17/06/2026,Walk-in,Waived,Absent,Vegetarian,500,1,
S12794,Lakshmi Rao,Male,2/6/2026,18,Hyderabad,Mechanical,Career Fair,31/01/2026,Email,waive,Cancelled,No Meal,150,2.5,1
S10361,Pooja Das,Female,22/07/2026,23,Hyderabad,Management,Cultural Fest,18/07/2026,Walk-in,Pending,Attended,Vegan,500,2,1
S11845,Vijay Menon,Other,15/08/2026,21,Trichy,  Civil Engineering  ,Sports Meet,24/06/2026,Walk-in,Waived,Cancelled,Vegan,250,1,1
S11267,Arun Kumar,Other,29-May-26,19,Hyderabad,Computer Science,Hackathon,15/05/2026,,Refunded,cancelled,Vegetarian,250,2,2
S10626,Harini Iyer,Male,1/29/2026,23,Chennai,Arts,Sports Meet,6/12/2025,Walk-in,paid,Attended,No-meal,250,2,
S11178,Divya Iyer,Other,,27,Trichy,Electronics,WORKSHOP,9/2/2026,Walk-in,Refunded,Cancelled,Vegan,750,6,3.0 / 5
S12769,Anitha Nair,Other,3/23/2026,17,Salem,Management,Hackathon,7/2/2026,Email,Pending,absent ,Vegan,₹100,6.0 hr,5
S10820,Arun Kumar,Other,8/27/2026,23,Madurai,Civil Engineering,Career Fair,4/7/2026,Mobile App,Refunded,Registered,Vegan,0,1.5,2.0 / 5
S10728,Pooja Das,Other,2/21/2026,20,,Mechanical,Career Fair,5/2/2026,Mobile App,Waived,Absent,Vegetarian,500,1,2
S11439,Vikram Das,MALE,8/15/2026,18,Madurai,Commerce,Sports Meet,12/8/2026,Website,Pending,Absent,No Meal,750,1,2
S11005,Divya Iyer,,25/01/2026,19,Mysuru,Computer Science,Sports Meet,17/12/2025, Website,Pending,Registered,Vegetarian,0,2.5,1
S10655,Swetha Menon,Other,2-May-26,19,Salem,Arts, Cultural Fest,17/03/2026,Mobile App,pending,cancelled,Vegan,250,6,3
S11003,Pooja Das,MALE,5/27/2026,18, Coimbatore,Commerce,Career Fair,5/4/2026,Mobile App,Pending,absent,Vegetarian,INR 750,4.0 hr,4
S10977,Karthik Rao,Other,19-Apr-26,19,Bengaluru,Management,Seminar,30/03/2026,Campus Desk,Waived,Registered,Vegan,0 rupees,1.5 hr,4.0 / 5
S12560,Divya Iyer,Female,1/22/2026,25,Coimbatore,Civil Engineering,Sports Meet,15/01/2026,  Email  ,Waived,Attended,Non-Vegetarian,150,3,4
S12569,Divya Iyer,Other,1-Aug-26,24,Pune,Electronics,Sports Meet,17/07/2026,Email,Refunded,Registered,   ,0,4,1
S11604,Arun Kumar, Female,4/3/2026,26,Pune,Arts,Seminar,7/2/2026,Email,Paid,Cancelled,Vegan,Rs 100,2.0 hours,2
S11763,Vikram Das,,1-Jun-26,27,Pune,Arts,Sports Meet,27/04/2026,Email,Waived,Registered,Non-Vegetarian,200,6,3
S11920,Priya Sharma, Male,14/08/2026,18,Chennai,Computer Science,Cultural Fest,16/06/2026,Campus Desk,PAID,Attended,No Meal,250,4,1
S10729,Arun Kumar,Female,25/06/2026,24,Mysuru,Electronics,Seminar,31/05/2026,Email,Refunded,Registered,,Rs 200,6.0 hr,1
S10579,Deepa Sharma,Male,2-Aug-26,27,Mysuru,Mechanical,Career Fair,7/7/2026,Website,waive,Registered,Non-Vegetarian,200,1,2.0 / 5
S12715,Ravi Patel,Female,20/04/2026,23,Mysuru,Arts,SEMINAR,19/03/2026,Mobile App,Paid,Absent,Vegan,300,3,4.0 / 5
S10594,Rahul Menon,Female,3/14/2026,26,Madurai,Computer Science,Sports Meet,8/3/2026,Mobile App,Pending,Attended,Non-Vegetarian,₹0,3.0 hr,4
S10302,Lakshmi Rao,MALE,2/23/2026,27,Bengaluru,Arts,Seminar,20/01/2026,Website,PENDING,Cancelled,Non-Vegetarian ,₹200,3.0 hr,
S12033,Divya Iyer,female,8-Apr-26,27,Madurai,Computer Science,Sports Meet,28/02/2026,Mobile App,Refunded,Cancelled,Vegan,₹250,4.0 hours,1
S11098,Suresh Kumar,Male,14/03/2026,20,Kochi,Computer Science,Seminar,5/3/2026,Campus Desk,Refunded,Absent,Non-Vegetarian,200,3,4.0 / 5
S10416,Deepa Sharma,Other,6/30/2026,20,Chennai,Commerce,Hackathon,17/05/2026,Walk-in,PAID,Cancelled,Vegetarian,Not Available,2.5,5
S10105,Karthik Rao,Male,6/22/2026,26,Hyderabad,Arts,Sports Meet,13/05/2026,Campus Desk,Pending,Registered,Non-Vegetarian,300,6,5
S10377,Harini Iyer,female,6-Feb-26,26,Pune,Commerce,seminar,3/2/2026,Walk-in,Waived,Registered,Vegan,0,2,2
S12539,Arun Kumar,Male,5/20/2026,20,Hyderabad,Commerce,Career Fair,30/03/2026,Walk-in,Waived,cancelled,No Meal,250,4,5
S11176,Anitha Nair,Male,2/5/2026,26,Bengaluru,Civil Engineering,Sports Meet,10/4/2026,Mobile App,Refunded,Cancelled,Vegetarian,750,4,5
S10352,Keerthi Rao,Other,5/21/2026,17,Trichy,Mechanical,Workshop,1/4/2026,Website,Waived,attended,Vegan,750,2.5,5
S12984,Naveen Sharma, Male,4/1/2026,23,Bengaluru,Commerce,Sports Meet,26/02/2026,Campus Desk,Pending,Cancelled,Vegetarian,300,1.5,1
S12423,Harini Iyer,Other,19-Feb-26,20,Mysuru,Electronics,SEMINAR,16/01/2026,Email,Paid,attended,No Meal,250,6,4.0 / 5
S12972,Ajay Nair,Female,28-Apr-26,20,Hyderabad,Arts,Sports Meet,20/03/2026,,waive,absent ,Non-Vegetarian,500,2.5,4
S12780, Deepa Sharma,Male,16-Jan-26,23,  Salem  ,,Workshop,30/12/2025,Website,Refunded,Absent,Non-Vegetarian,0,2.5,3
S11848,Ajay Nair,Other,3/24/2026,17,Pune,Management,Cultural Fest,8/2/2026,Email,Refunded,absent ,Non-Vegetarian,750,6,
S12520,Ajay Nair,Other,2/27/2026,26,Trichy,,Career Fair,28/01/2026,Email,Waived,Registered,No Meal,300 rupees,2.5 hours,2
S12672,Karthik Rao,MALE,26/07/2026,23,Hyderabad,Electronics,Seminar,19/06/2026,Website,pending,cancelled,No Meal,300,2.5,2
S10228,Ravi Patel,Female,6/4/2026,24,,Civil Engineering,Workshop,7/2/2026,Website,Pending,Registered,Vegan,250,4,1.0 / 5
S10827,Manoj Kumar,Male,5/17/2026,17,Coimbatore,Arts,Seminar,12/4/2026,Website,Paid,ATTENDED,No-meal,150,4,
S11583,Harini Iyer,,25-Jul-26,23,Coimbatore,Computer Science,Workshop,13/07/2026,Mobile App,Paid,Registered,Vegan,500,1.5,3
S12689,Rahul Menon,Female,8/12/2026,18,Salem,Arts,Hackathon,26/07/2026,Website,Refunded,Registered,Vegetarian,500,2,2
S12973,Pooja Das,Other,7-Jul-26,27,Bengaluru,Arts,Workshop,8/6/2026,Email,Paid,Registered,No Meal,200,2,4.0 / 5
S11363,Rahul Menon,Other,2/7/2026,23,Salem,Civil Engineering,Cultural Fest,25/12/2025,Email,Waived,Cancelled,No-meal,₹200,2.5 hr,5.0 / 5
S12143,Meena Patel,Female,14/03/2026,17,Chennai,Electronics,Career Fair,23/02/2026,Walk-in,Waived,Registered,Vegan,750,6,5
S12278,Ravi Patel,Other,7/5/2026,27,Trichy,,Career Fair,22/06/2026,Walk-in,Pending,Absent,Vegetarian,750,2.5,2
S11203,Suresh Kumar,Other,8/12/2026,19,Madurai,Arts,Seminar,24/07/2026,Mobile App,Pending,Attended,Vegan,150,1,4
S10971,Manoj Kumar, Male,26/06/2026,25,Pune,Civil Engineering,Workshop,18/06/2026,Mobile App,waive,Absent,No-meal,250,6,3
S10017,Rahul Menon,Other,4/9/2026,19,Salem,Arts,Seminar,21/03/2026,Mobile App,waive,attended,Non-Vegetarian,750,6,5
S12325,Ravi Patel,Male,22-Aug-26,18,Mysuru,Civil Engineering,Cultural Fest,29/06/2026,Website,Refunded,Registered,,200,6,3.0 / 5
S10409,Harini Iyer,Male,2/1/2026,21,Pune,Management,Cultural Fest,24/01/2026,Email,waive,Registered,No-meal,750,2.5,2
S11431,Deepa Sharma,Other,3/30/2026,21,Hyderabad,Computer Science,Cultural Fest,18/02/2026,Website,Pending,Attended,Vegetarian,300,1.5,3
S10167,Pooja Das,Other,5/9/2026,26,,Civil Engineering,Career Fair,18/04/2026,Email,Waived,cancelled,No-meal,0,6,1
S12239,Manoj Kumar,MALE,7-Apr-26,27,Madurai,Management,Seminar,28/03/2026,Mobile App,Refunded,Cancelled,Non-Vegetarian,0,1.5,1
S11979,Vikram Das,Male,2/13/2026,24,Mysuru,Computer Science,Career Fair,29/12/2025,Email,waive,cancelled,No Meal,250,3,1.0 / 5
S12949,Keerthi Rao,Other,7/29/2026,21,Pune,Management,Seminar,16/07/2026,Email,Waived,Cancelled,Vegetarian,0,4,5
S10417,Swetha Menon,Other,1/17/2026,26,Kochi,Commerce,Seminar,28/12/2025,Campus Desk,Pending,Absent,Vegan,500,6,2.0 / 5
S11986,Deepa Sharma,Other,10-Feb-26,26,Chennai,Electronics,Cultural Fest,29/12/2025,Campus Desk,Waived,Attended,Vegan,0,2,5
S11001,Arun Kumar,,15/06/2026,18,Chennai,Commerce,WORKSHOP,7/5/2026,Campus Desk,waive,Attended,Vegan,300,1,4
S11188,Deepa Sharma,Other,11-Jul-26,24, Chennai,Mechanical,Workshop,16/05/2026,,Pending,Attended,Non-Vegetarian,300 rupees,6.0 hours,4
S12791,Suresh Kumar, Male,13-Feb-26,24,Trichy,Mechanical,Sports Meet,18/01/2026,Email,paid,attended,Vegetarian,300,2,3
S10355,Pooja Das,Female,26/01/2026,26,Pune,Electronics,Seminar,16/01/2026,Email,Pending,Attended,Vegan,Rs 150,6.0 hours,4
S11679,Rahul Menon,Male,1/9/2026,23,Hyderabad,Mechanical,Hackathon,18/11/2025,Walk-in,Paid,Registered,No Meal,0,2,
S10350,Vijay Menon, Male,4/5/2026,19,Kochi,Mechanical,Sports Meet,21/03/2026,Campus Desk,Refunded,Cancelled,No Meal,500,3,1
S10773,Manoj Kumar,Female,7/20/2026,23,Bengaluru,Mechanical,Sports Meet,6/6/2026,Campus Desk,Refunded,Registered,Vegetarian,250,2.5,4
S12700,Divya Iyer,Other,17-Apr-26,23,Trichy,Commerce,Seminar,10/4/2026,Email,Waived,attended,Vegan,150,4,2
S10815,Pooja Das,male,8-Apr-26,20,Salem,Civil Engineering,Cultural Fest,29/03/2026,Website,Paid,absent,Non-Vegetarian,750 rupees,1.5 hours,4
S11224,Naveen Sharma,Other,19-Aug-26,26,Pune,Arts,Seminar,10/8/2026,Email,Paid,Cancelled,Vegan,0,2.5,3
S10327,Vijay Menon,Male,7/6/2026,17,Mysuru,Mechanical,Seminar,29/04/2026,,Refunded,Cancelled,Vegetarian,200,3,3
S12875,Karthik Rao,Other,not available,18,Bengaluru,Management,Workshop,1/2/2026,Walk-in,Paid,Attended,Vegan,0,4,1
S12410,Meena Patel,Other,23/06/2026,26,Chennai,Civil Engineering,Career Fair,21/05/2026,Email,Waived,Registered,Vegan,250,2.5,4
S10504,Ajay Nair,Other,4-Jun-26,26,Pune,Mechanical,Hackathon,2/6/2026,Email,Refunded,cancelled,Vegan,0,1.5,2
S11394,Deepa Sharma,Female,3/22/2026,19,Madurai,Commerce,Sports Meet,3/2/2026,,Refunded,attended,,250,6,3
S12188,Swetha Menon,Other,,23,Mysuru,Commerce,Career Fair,4/7/2026,Website,Waived,absent,Vegan,₹500,1.0 hours,5
S10028,Arun Kumar,FEMALE,,18,Bengaluru,Mechanical,Cultural Fest,3/7/2026,Campus Desk,Refunded,Attended,Non-Vegetarian,750,1.5,4
S11354,Keerthi Rao,Other,3/15/2026,18,Pune,Computer Science,workshop,15/02/2026,Mobile App,Refunded,Registered,Non-Vegetarian,750,6,4
S10643,Ajay Nair,Female,5/9/2026,18,Coimbatore,Management,Cultural Fest,20/04/2026,Campus Desk,Waived,Registered,Vegan,250,1,4.0 / 5
S11473,Meena Patel,Male,11/1/2026,25,Mysuru,Commerce,Career Fair,28/12/2025,Walk-in,Paid,absent,Vegetarian,300,1,2
S12953,Divya Iyer,female,7/16/2026,17,Bengaluru,Civil Engineering,Workshop,,Campus Desk,Pending,Registered,Vegan,500,4,3
S10817,Ajay Nair,Female,12/5/2026,21,Chennai,Computer Science,Cultural Fest,22/03/2026,Campus Desk,Refunded,Cancelled,Vegan,0,3,1
S11485,Lakshmi Rao,Female,24-Apr-26,21,Hyderabad,Commerce,Sports Meet,11/4/2026,Website,PENDING,absent ,No Meal,150,4,1
S12557,Vikram Das,Other,3-Apr-26,18,Kochi,Electronics,Sports Meet,31/03/2026,Email,pending,cancelled,Non-Vegetarian,500,3,1
S11277,Ajay Nair,Male,3/15/2026,22,Kochi,Management,Workshop,20/02/2026,Campus Desk,waive,Attended,Non-Vegetarian,300,1,
S12920,Anitha Nair,Other,13/01/2026,21,Kochi,Electronics,Career Fair,22/12/2025,Mobile App,PAID,Absent,No-meal,250,2.5,4
S12884,Keerthi Rao,Female,28-Jul-26,21,Salem,Civil Engineering,Cultural Fest,5/7/2026,Website,waive,absent ,Non-Vegetarian,200,2,3
S12486,Deepa Sharma ,Male,2/4/2026,27,,Arts,seminar,6/2/2026,Campus Desk,Pending,Attended,Vegetarian,₹500,1.5 hours,4
S10759,Anitha Nair, Male,11/7/2026,18,Mysuru,Computer Science,Seminar,18/05/2026,Campus Desk,waive,Attended,Non-Vegetarian,150 rupees,3.0 hr,3
S10524,Rahul Menon,Female,3/5/2026,24,Hyderabad,Arts,Sports Meet,13/04/2026,Campus Desk,Pending,ABSENT,No Meal,₹250,2.5 hr,5
S11480,Priya Sharma,Other,8/25/2026,17,Coimbatore,Computer Science,Seminar,11/7/2026,Campus Desk,Refunded,Absent,Vegan,300,6,2
S11774,Ravi Patel, Male,3/26/2026,17,Bengaluru,Commerce,Career Fair,17/03/2026,Website ,waive,cancelled,,0,2.5,4
S11608,Manoj Kumar,Other,7/27/2026,19,Hyderabad,Mechanical,Seminar,11/7/2026,Website,Pending,Registered,Vegan,0,6,5.0 / 5
S12770,Lakshmi Rao,Other,2/6/2026,25,Madurai,Mechanical,Hackathon,14/12/2025,Walk-in,Pending,absent ,No-meal,500,6,1.0 / 5
S11447,Manoj Kumar,Male,20-Mar-26,25,Kochi,Arts,Career Fair,19/01/2026,Mobile App,Refunded,Cancelled,No Meal,200,1,4.0 / 5
S10054,Anitha Nair,Other,4/13/2026,27,,Mechanical,Cultural Fest,1/3/2026,Website,waive,cancelled,No Meal,150,2.5,1.0 / 5
S11086,Meena Patel,Other,6/10/2026,23,Mysuru,Commerce,Cultural Fest,5/6/2026,Walk-in,Refunded,Registered,Vegan,INR 0,1.0 hr,1.0 / 5
S11795,Lakshmi Rao,Other,3/13/2026,21,Mysuru,Arts,Cultural Fest,7/3/2026,Walk-in,Paid,Attended,,INR 100,1.5 hr,1
S10766,Swetha Menon,female,7/19/2026,17,,  Electronics  ,Cultural Fest,23/06/2026,Campus Desk,Refunded,absent ,Vegetarian,₹500,2.0 hr,2.0 / 5
S12420,Rahul Menon,Female,5/5/2026,24,Chennai,Management,Hackathon,7/3/2026,Campus Desk,Paid,Absent,Vegetarian,100,4,2
S10463,Divya Iyer,Other,6/3/2026,26,Chennai ,Computer Science,Career Fair,13/01/2026,Walk-in,paid,absent ,Vegan,200,2,3
S11306,Vikram Das,Female,5/5/2026,19,Mysuru,Mechanical,Hackathon,6/3/2026,Campus Desk,Pending,Attended,nan ,INR 750,3.0 hr,1
S10636,Suresh Kumar,Other,7/11/2026,21,Madurai,Management,Sports Meet,19/05/2026,Email,Refunded,attended,Non-Vegetarian,750,1.5,2
S11041,Manoj Kumar,Male,4-Apr-26,20,Madurai,Computer Science,seminar,19/02/2026,Walk-in,Refunded,cancelled,No Meal,300,4,5
S11173,Rahul Menon,Female,6/1/2026,23,Trichy,Electronics,Career Fair,15/04/2026,Email,waive,Attended,Vegetarian,Rs 200,3.0 hr,3
S10255,Naveen Sharma,Other,6/19/2026,18,Mysuru,Commerce,Cultural Fest,11/5/2026,Walk-in,Refunded,Attended,Non-Vegetarian,Rs 250,6.0 hours,2
S11642,Manoj Kumar,Other,4/30/2026,20,Coimbatore,Arts,Cultural Fest,12/4/2026,Campus Desk,Waived,Absent,Vegetarian,₹300,6.0 hr,
S12324,Arun Kumar,Other,13-Jun-26,26,  Trichy  ,Mechanical,Hackathon ,4/5/2026,Website,Pending,ABSENT,No Meal,0,4,2
S12445,Deepa Sharma,MALE,31/01/2026,20,Madurai,Electronics,Hackathon,22/01/2026,Walk-in,Refunded,Registered,No-meal,200,1.5,1
S12102,Vikram Das,Female,30/07/2026,25,  Madurai  ,Computer Science,Sports Meet,26/06/2026,Campus Desk,Refunded,Cancelled,Vegetarian,300,2,1
S10433,Lakshmi Rao,Female,7-Jan-26,19,Hyderabad,Arts,seminar,7/12/2025,Mobile App,Waived,cancelled,Vegetarian,300,4,4
S12945,Naveen Sharma,Other,13/01/2026,22,Pune,Management,Workshop,20/11/2025,Campus Desk,Pending,Registered,Vegan,750,6,3
S10374,Karthik Rao,Other,2/27/2026,21,Mysuru,Mechanical,Cultural Fest,30/01/2026,Website,Paid,Absent, Vegan,300,3,4
S11923,Arun Kumar,Male,5/25/2026,24,Madurai,Arts,Hackathon,9/4/2026,Mobile App,Refunded,Cancelled,Non-Vegetarian,200,2.5,5
S10009,Ajay Nair,Female,20-May-26,26,Bengaluru,Civil Engineering, Sports Meet,25/03/2026,Mobile App,Refunded,Registered,Vegan,500,1.5,5
S12755,Keerthi Rao,Female,6/3/2026,26,Kochi,Arts,Seminar,31/05/2026,Walk-in,Paid,Registered,Vegan,250,3,1
S12115,Vijay Menon,Other,30-Jun-26,19,,Arts,Sports Meet,26/05/2026,Email,Waived,absent,Vegetarian,750,1.5,5
S12870,Priya Sharma,Male,23/04/2026,21,Pune,Commerce,Sports Meet,1/3/2026,Email,Paid,Registered,Non-Vegetarian,150,6,3
S11882,Arun Kumar,Male,28-Jun-26,19,Hyderabad,Arts,Seminar,28/05/2026,Email,PAID,Cancelled,Vegan,100,2,4
S11018,Pooja Das,Other,11-Aug-26,21,Trichy,Computer Science,Workshop,18/07/2026,Mobile App,Waived,Registered,Vegan,250,1.5,5
S12675,Arun Kumar, Male,2/10/2026,20,Salem,Electronics,WORKSHOP,23/12/2025,Campus Desk,pending,Registered,No-meal,100,2.5,4.0 / 5
S12901,  Ravi Patel  ,,14/07/2026,19,Bengaluru,Electronics,Workshop,20/05/2026,Website,Pending,Cancelled,Vegetarian,250,6,4
S12438,Vikram Das,Female,28/03/2026,18,Mysuru,Mechanical,Hackathon,17/03/2026,Mobile App,Waived,absent,Vegetarian,250,1,3
S12149,Suresh Kumar,FEMALE,31/01/2026,27,,Mechanical,Sports Meet,2/12/2025,Email,Paid,Absent,Vegetarian,200,1,1
S11558,Vikram Das,Other,5/27/2026,19,Chennai,Arts,Sports Meet,1/4/2026,Mobile App,Paid,Cancelled,Non-Vegetarian,750,6,4
S11723,Harini Iyer,Other,1/2/2026,26,Hyderabad,Electronics,Career Fair,25/12/2025,Walk-in,Refunded,Cancelled,Vegan,Rs 100,2.5 hr,1
S10897,Suresh Kumar,Other,22-Feb-26,21,Trichy,Electronics,workshop,1/1/2026,Email,Refunded,Attended,Vegetarian,750,2.5,5
S11466,Harini Iyer,Other,24/06/2026,23,Trichy,Computer Science,Sports Meet,24/05/2026,Website,Pending,Absent,Vegan,0,4,5
S10043,Naveen Sharma,Male,1/23/2026,27,Coimbatore,Electronics,Workshop,17/12/2025,Website,Paid,Cancelled,No-meal,0,1.5,2
S10612,Suresh Kumar,,8-Jan-26,19,Hyderabad,Civil Engineering,Hackathon,6/1/2026,Mobile App,Paid,Cancelled,Vegetarian,300,6,5
S10627,Ajay Nair,Male,9/2/2026,18,Trichy,Commerce,Workshop,24/07/2026,Email,Refunded,Attended,Vegan,₹0,1.5 hr,1
S12985,Meena Patel ,Other,8/31/2026,24,Coimbatore,Commerce,workshop,1/8/2026,Walk-in,PENDING,Attended,Vegetarian,150,1.5,2
S11819,Vijay Menon,Other,3/26/2026,26,Madurai,Arts,Cultural Fest,14/03/2026,Campus Desk,Waived,Registered,Non-Vegetarian,500,6,3
S11993,Naveen Sharma,Female,7/9/2026,18,Trichy,Mechanical,Sports Meet,24/05/2026,Mobile App,Pending,Registered,Non-Vegetarian,Not Available,3,1
S10198,Swetha Menon,Female,16/02/2026,23,Hyderabad,Management,Workshop,21/12/2025,Website,Refunded,absent ,No-meal,750,2.5,3.0 / 5
S12376,Ajay Nair,Other,27-Jul-26,24,Bengaluru,Civil Engineering,Workshop,29/06/2026,Mobile App,Pending,absent ,Vegetarian,750,1,
S10589,Divya Iyer,Male,6/23/2026,18,Coimbatore,Management,Cultural Fest,16/05/2026,Email,Waived,ATTENDED,Vegetarian,750,6,5
S11559,Divya Iyer,Male,1/5/2026,26,Salem,Mechanical,Hackathon,16/11/2025,Mobile App,Refunded,Cancelled,Non-Vegetarian,0,1,4
S12082,Arun Kumar,Other,8/30/2026,17,Trichy,Electronics,Sports Meet,1/8/2026,Email,Waived,Registered,No Meal,₹150,1.0 hours,
S10783,Vijay Menon,Other,4/22/2026,18,Salem,,Seminar,17/04/2026,Website,waive,Registered,Vegetarian,750,2.5,4
S10914,Swetha Menon,Other,3/21/2026,17,Madurai,Mechanical,Cultural Fest,25/02/2026,Website,pending,Registered,Vegetarian,300,2.5,4
S10738,Priya Sharma,Other,4/1/2026,27,Bengaluru,Electronics,Hackathon,31/01/2026,Mobile App,Paid,Cancelled,Vegetarian,250,2.5,4
S10534,Harini Iyer,Female,15/08/2026,23,Kochi,Computer Science,Sports Meet,1/7/2026,Walk-in,paid,ATTENDED,No Meal,150,1,5
S10415,Deepa Sharma,Male,22-May-26,17,Bengaluru,Computer Science,Career Fair,1/5/2026,Website,waive,Registered,Vegetarian,750,4,4
S10488,Pooja Das,Other,5/1/2026,22,Kochi,Civil Engineering,Cultural Fest,28/03/2026,Campus Desk,Paid,absent,Vegetarian,200,1,1.0 / 5
S10937,Meena Patel,Female,5/7/2026,18,Salem,Mechanical,Career Fair,5/5/2026,,PAID,Absent,Non-Vegetarian,150 rupees,4.0 hr,3.0 / 5
S11989,Rahul Menon,Other,7/20/2026,21,Bengaluru,Commerce,Cultural Fest,7/7/2026,Campus Desk,Refunded,cancelled,Vegetarian,150,2,4
S12891,Ravi Patel,Other,5/8/2026,17,Chennai,Electronics,Career Fair,7/6/2026,  Website  ,Paid,Attended,Vegan,0,3,2
S11498,Manoj Kumar,Female,5/11/2026,20,Bengaluru,Computer Science,Hackathon,2/4/2026,Website,Paid,ATTENDED,No-meal,0,1,3
S11658,Swetha Menon,Female,1/20/2026,26,Madurai,Computer Science,Hackathon,11/12/2025,Walk-in,Refunded,Registered,Non-Vegetarian,0 rupees,6.0 hours,
S11680,Arun Kumar,MALE,7/1/2026,22,Kochi,Civil Engineering,Hackathon,23/05/2026,Email,Waived,Cancelled,No-meal,0,4,5.0 / 5
S10149,Karthik Rao ,Male,16-Mar-26,21,Hyderabad,Electronics,Hackathon,17/02/2026,,Paid,Registered,No Meal,750,6,1.0 / 5
S10404,Keerthi Rao,Other,17-Feb-26,25,Trichy,Computer Science,workshop,21/12/2025,Campus Desk,Pending,Registered,Vegan,0,4,1
S12966,Pooja Das,Female,6/16/2026,19,Bengaluru,Arts,WORKSHOP,4/6/2026,Email,Waived,Attended,Vegan,₹0,1.0 hours,1
S11616,Meena Patel,Other,7/30/2026,23,Mysuru,Mechanical,Cultural Fest,30/06/2026,Website,waive,Attended,Vegetarian,100,4,3.0 / 5
S10291,Suresh Kumar,,21/02/2026,21,Trichy,Mechanical,Cultural Fest,14/02/2026,Website,PENDING,Attended,Vegetarian,250,1.5,4.0 / 5
S11129,Harini Iyer,FEMALE,31-May-26,25,Bengaluru,Computer Science,workshop,3/5/2026,Email,paid,ATTENDED,No Meal,Rs 0,1.0 hours,5.0 / 5
S10915,Swetha Menon,Other,2/23/2026,25,Salem,Commerce,Sports Meet,3/2/2026,Email,paid,absent,Vegan,150,1,1.0 / 5
S12729,Keerthi Rao,Male,20-May-26,18,Mysuru,Arts,Hackathon,17/04/2026,Email,PENDING,Cancelled,Vegan,0,2,1
S11168,Meena Patel,FEMALE,3-Apr-26,27,  Salem  ,Management,workshop,26/02/2026,Campus Desk,waive,Absent,Non-Vegetarian,150,4,2
S11962,Vikram Das,female,13-Jul-26,18,Bengaluru,Computer Science,Cultural Fest,19/05/2026,Mobile App,Paid,Attended,Non-Vegetarian,0,4,2.0 / 5
S12347,Rahul Menon,Male,4/12/2026,23,Bengaluru,Computer Science,Career Fair,24/02/2026,Campus Desk,Refunded,Attended,Vegetarian,0,4,1
S11479,Naveen Sharma,Female,8/29/2026,18,Mysuru,Commerce,Workshop,8/7/2026,Mobile App,Refunded,Registered,Non-Vegetarian,300,2,2
S12621,Ravi Patel,Male,10-Jul-26,19,Coimbatore,Mechanical,Cultural Fest,5/7/2026,Website,Refunded,Attended,Vegetarian,₹500,2.5 hours,3
S11201,Rahul Menon,Female,6/30/2026,23,Chennai,Arts,Workshop,25/05/2026,Campus Desk,Paid,Registered,Vegan,0,4,1
S10293,Manoj Kumar,Other,4/13/2026,24,Mysuru,Mechanical,seminar,22/02/2026,Email,PAID,ATTENDED,Non-Vegetarian,200,4,1
S10098,Meena Patel, Male,24-Jan-26,27,Mysuru,Commerce,Hackathon,12/12/2025,Walk-in,Refunded,Absent,Vegetarian,500,2,5
S11068,Vikram Das,Male,1-Sep-26,25,Kochi,,Sports Meet,21/08/2026,Campus Desk,Refunded,Attended,Vegetarian,750,4,5
S11232,Keerthi Rao,Other,8/17/2026,17,Mysuru,Computer Science,Career Fair,6/7/2026,Campus Desk,Refunded,Registered,No Meal,0,1,2.0 / 5
S12563,Arun Kumar,Male,17-Apr-26,22,Coimbatore,Commerce,Cultural Fest,6/4/2026,Website,Refunded,Registered,Vegetarian,0,6,3
S12307,Naveen Sharma,Other,12/1/2026,20,Chennai,Mechanical,Seminar,19/11/2025,Campus Desk,Paid,Registered,Vegan,750,2,2
S12990,Rahul Menon,male,1/17/2026,26,Kochi,Civil Engineering,Sports Meet,7/1/2026,Walk-in,Refunded,cancelled,Vegetarian,500,4,3
S12806,Divya Iyer,Female,7/7/2026,19,Trichy,Civil Engineering ,Cultural Fest,25/06/2026,Walk-in,Refunded,absent ,Vegan,250,2.5,5.0 / 5
S11828,Karthik Rao,Other,10-Mar-26,27,Chennai,Arts,Workshop,15/01/2026,Website,waive,Registered,No-meal,100,2.5,2
S12121,Karthik Rao, Male,3-Apr-26,18,Hyderabad,Civil Engineering,Cultural Fest,15/03/2026,Walk-in,waive,Registered,No Meal,500,4,5
S12819,Vijay Menon,Other,6/3/2026,23,Hyderabad,Management,Seminar,23/05/2026,Mobile App,waive,Registered,Vegan,₹200,3.0 hours,5
S11087,Rahul Menon,Other,18-Jul-26,25,Pune,Civil Engineering,Sports Meet,21/05/2026,Campus Desk,Refunded,Attended,,0,1,4
S11245,Ajay Nair,Other,25-Mar-26,20,Bengaluru,Commerce,Career Fair,10/3/2026,Email,Pending,absent ,Vegetarian,500,1.5,5
S11037,Naveen Sharma,Other,3/29/2026,22,Trichy,Management,Workshop,15/02/2026,Mobile App,Pending,Registered,Non-Vegetarian,INR 200,6.0 hr,5
S12924,Divya Iyer,Female,20-Aug-26,18,Pune,Arts,Cultural Fest,24/07/2026,Mobile App,Refunded,ATTENDED,Vegan,500,1.5,1
S10893,Suresh Kumar,Female,5/15/2026,23,Mysuru,Civil Engineering,Career Fair,13/04/2026,Walk-in,waive,Absent,No-meal,150,2.5,
S10991,Divya Iyer,Other,3/22/2026,24,Madurai,Arts,Hackathon,6/3/2026,Campus Desk,Refunded,Registered,Vegan,150,2.5,1
S10452,Arun Kumar,Other,14-May-26,26,Coimbatore,Management,Hackathon,29/04/2026,Email,Waived,cancelled,Non-Vegetarian,300,3,4
S12235,Divya Iyer,Other,6/16/2026,23,Coimbatore,Electronics,Sports Meet,26/05/2026,Mobile App,Paid,Cancelled,No-meal,0,1,1
S12437,Pooja Das,Male,13/02/2026,23,Mysuru,Management,Hackathon,24/12/2025,Mobile App,pending,Cancelled,Non-Vegetarian,150,3,1
